thmatic_area_code;source_target;source_target_subtheme;source_target_content;impact_target;impact_target_subtheme;impact_target_content;impact_type;impact_weight;justification
TA1	;TA1.3;GHG Reduction;Reduce by at least 55% net GHG emissions compared to 1990 levels, by 2030;TA2.1;Renewable Energy - Hydrogen Production;REPowerEU sets a target of 10 million tonnes of domestic renewable hydrogen production and 10 million tonnes of renewable hydrogen imports by 2030;+;2;The implementation of TA1.3 will likely reinforce the achievement of TA2.1, as reducing GHG emissions will require an increase in renewable energy sources, which in turn will contribute to reaching the renewable hydrogen production and import targets.
TA1	;TA1.7;GHG Reduction;Reduce methane emissions by 35 to 37% compared to 2005 levels, by 2030;TA2.13;Renewable Energy;The amount of renewable fuels and renewable electricity supplied to the transport sector leads to a: (i) share of renewable energy within the final consumption of energy in the transport sector of at least 29 % by 2030;+;1;The implementation of TA1.7 will likely enable the achievement of TA2.13, as reducing methane emissions will require an increase in renewable energy sources, which in turn will contribute to reaching the renewable energy target in the transport sector.
TA1	;TA1.15;GHG Reduction - Buildings;Reduce buildings greenhouse gas emissions by 60%, by 2030;TA2.25;Energy Efficiency - Buildings;Reduce buildings final energy consumption by 14%;+;1;The implementation of TA1.15 will likely enable the achievement of TA2.25, as reducing greenhouse gas emissions from buildings will require energy-efficient buildings, which in turn will contribute to reducing final energy consumption.
TA1	;TA1.8;Energy Efficiency;Reach energy neutrality in the wastewater treatment sector by 2045;TA2.25;Energy Efficiency - Buildings;Reduce buildings final energy consumption by 14%;+;1;The implementation of TA1.8 will likely enable the achievement of TA2.25, as energy neutrality in the wastewater treatment sector will require energy-efficient buildings and renewable energy sources, which in turn will contribute to reducing final energy consumption in buildings.
TA1	;TA1.3;GHG Reduction;Reduce by at least 55% net GHG emissions compared to 1990 levels, by 2030;TA2.37;Renewable Energy;By 2030, the share of renewable energy in the electricity mix should double to 55-60%;+;2;The implementation of TA1.3 will likely reinforce the achievement of TA2.37, as reducing GHG emissions will require an increase in renewable energy sources, which in turn will contribute to reaching the 55-60% target.
TA1	;TA1.3;GHG Reduction;Reduce by at least 55% net GHG emissions compared to 1990 levels, by 2030;TA2.40;Renewable Energy - Hydrogen Production;Around 30% of EU primary steel production is expected to be decarbonised on the basis of renewable hydrogen;+;2;The implementation of TA1.3 will likely reinforce the achievement of TA2.40, as reducing GHG emissions will require an increase in renewable energy sources, which in turn will contribute to reaching the decarbonisation target in the steel sector.
TA1	;TA1.10;GHG Reduction - Buildings;ETS2. Contribution of the buildings and road transport sectors of 43% emission reductions by 2030 compared to 2005;TA2.9;Renewable Energy;Member States shall collectively ensure that the share of energy from renewable sources in the Union  gross final consumption of energy in 2030 is at least 42.5%;+;2;The implementation of TA1.10 will likely reinforce the achievement of TA2.9, as reducing emissions from the ETS2 sector will require an increase in renewable energy sources, which in turn will contribute to reaching the 42.5% target.
TA1	;TA1.11;GHG Reduction;ESR. Increased national targets in line with an EU- wide reduction of 40% in the ESR sectors compared to 2005;TA2.9;Renewable Energy;Member States shall collectively ensure that the share of energy from renewable sources in the Union  gross final consumption of energy in 2030 is at least 42.5%;+;2;The implementation of TA1.11 will likely reinforce the achievement of TA2.9, as reducing emissions from the ESR sector will require an increase in renewable energy sources, which in turn will contribute to reaching the 42.5% target.
TA1	;TA1.12;GHG Removal;Achieve an EU net greenhouse gas removal of 310 million tonnes CO2 equivalent per year for the land use, land use change and forestry (LULUCF) sector, by 2030;TA2.9;Renewable Energy;Member States shall collectively ensure that the share of energy from renewable sources in the Union  gross final consumption of energy in 2030 is at least 42.5%;+;1;The implementation of TA1.12 will likely enable the achievement of TA2.9, as the LULUCF sector will require an increase in renewable energy sources, which in turn will contribute to reaching the 42.5% target.
TA1	;TA1.13;GHG Reduction;No debit rule. For the period from 2021 to 2025, each Member State shall ensure that greenhouse gas emissions from the sector do not exceed greenhouse gas removals;TA2.9;Renewable Energy;Member States shall collectively ensure that the share of energy from renewable sources in the Union  gross final consumption of energy in 2030 is at least 42.5%;+;1;The implementation of TA1.13 will likely enable the achievement of TA2.9, as the no-debit rule will require an increase in renewable energy sources, which in turn will contribute to reaching the 42.5% target.
TA1	;TA1.3;GHG Reduction;Reduce by at least 55% net GHG emissions compared to 1990 levels, by 2030;TA2.9;Renewable Energy;Member States shall collectively ensure that the share of energy from renewable sources in the Union  gross final consumption of energy in 2030 is at least 42.5%;+;2;The implementation of TA1.3 will likely reinforce the achievement of TA2.9, as reducing GHG emissions will require an increase in renewable energy sources, which in turn will contribute to reaching the 42.5% target.
TA1	;TA1.9;GHG Reduction;EU ETS. The contribution of the sectors covered by the existing EU Emission trading System (EU ETS) with respect to the EU Climate ambition should be of -62% compared to 2005;TA2.9;Renewable Energy;Member States shall collectively ensure that the share of energy from renewable sources in the Union  gross final consumption of energy in 2030 is at least 42.5%;+;2;The implementation of TA1.9 will likely reinforce the achievement of TA2.9, as reducing emissions from the ETS sector will require an increase in renewable energy sources, which in turn will contribute to reaching the 42.5% target.
TA1	;TA1.10;GHG Reduction - Buildings;ETS2. Contribution of the buildings and road transport sectors of 43% emission reductions by 2030 compared to 2005;TA4.1;Biofuels;Achieve an annual production of sustainable biomethane of 35 billion cubic meters by 2030;+;2;The ETS2 will drive the growth of the sustainable biomethane market by creating a carbon pricing mechanism that incentivizes the production of low-carbon energy sources.
TA1	;TA1.3;GHG Reduction;Reduce by at least 55% net GHG emissions compared to 1990 levels, by 2030;TA4.1;Biofuels;Achieve an annual production of sustainable biomethane of 35 billion cubic meters by 2030;+;2;The reduction of GHG emissions will create a favorable environment for the production of sustainable biomethane, which can be used as a low-carbon energy source.
TA1	;TA1.7;GHG Reduction;Reduce methane emissions by 35 to 37% compared to 2005 levels, by 2030;TA4.1;Biofuels;Achieve an annual production of sustainable biomethane of 35 billion cubic meters by 2030;+;2;The reduction of methane emissions will create a favorable environment for the production of sustainable biomethane, which can be used as a low-carbon energy source.
TA1	;TA1.9;GHG Reduction;EU ETS. The contribution of the sectors covered by the existing EU Emission trading System (EU ETS) with respect to the EU Climate ambition should be of -62% compared to 2005;TA4.1;Biofuels;Achieve an annual production of sustainable biomethane of 35 billion cubic meters by 2030;+;2;The EU ETS will drive the growth of the sustainable biomethane market by creating a carbon pricing mechanism that incentivizes the production of low-carbon energy sources.
TA1	;TA1.15;GHG Reduction - Buildings;Reduce buildings‚Äö√Ñ√¥ greenhouse gas emissions by 60%, by 2030;TA4.25;Energy Infrastructure;Member States shall ensure that, at the end of each year, the following power output targets are met cumulatively: (a) for each light-duty battery electric vehicle registered in their territory, a total power output of at least 1.3 kW is provided through publicly accessible recharging stations, and (b) for each light-duty plug-in hybrid vehicle registered in their territory, a total power output of at least 0.80 kW is provided through publicly accessible recharging stations. Regulation (EU) 2023/1804;+;1;The reduction of buildings' greenhouse gas emissions will lead to increased energy efficiency and reduced energy consumption, which can be supported by the deployment of publicly accessible recharging stations.
TA1	;TA1.3;GHG Reduction;Reduce by at least 55% net GHG emissions compared to 1990 levels, by 2030;TA4.30;Hydrogen Distribution;Member States shall ensure that, by 31 December 2030, at least one publicly accessible hydrogen refuelling station is deployed in each urban node. Regulation (EU) 2023/1804;+;2;The reduction of GHG emissions will create a favorable environment for the deployment of hydrogen refuelling stations, which can help achieve the EU's climate goals.
TA1	;TA1.8;Energy Efficiency;Reach energy neutrality in the wastewater treatment sector by 2045.;TA4.32;Energy Efficiency;States shall ensure that, at all airports of the TEN-T core network and TEN-T comprehensive network, the provision of electricity supply to stationary aircraft is ensured by 31 December 2029, at all aircraft remote stands used for commercial air transport operations to embark or disembark passengers or to load or unload goods Regulation (EU) 2023/1804;+;1;The achievement of energy neutrality in the wastewater treatment sector will lead to increased energy efficiency and reduced energy consumption, which can be supported by the provision of electricity supply to stationary aircraft.
TA1	;TA1.12;GHG Removal;Achieve an EU net greenhouse gas removal of 310 million tonnes CO2 equivalent per year for the land use, land use change and forestry (LULUCF) sector, by 2030;TA4.5;Biofuels;Aviation fuel suppliers shall also ensure that Sustainable Aviation Fuel (SAF) made available to aircraft operators at each Union airport will be at least 2% from 2025, 6% from 2030, 20% from 2035, 34% from 2040, 42% from 2045 and 70% from 2050. Regulation (EU) 2023/2405;+;1;The achievement of net greenhouse gas removal in the LULUCF sector will create a favorable environment for the production and use of Sustainable Aviation Fuels, which can help achieve the EU's climate goals.
TA1	;TA1.13;GHG Reduction;No debit rule. For the period from 2021 to 2025, each Member State shall ensure that greenhouse gas emissions from the sector do not exceed greenhouse gas removals;TA4.5;Biofuels;Aviation fuel suppliers shall also ensure that Sustainable Aviation Fuel (SAF) made available to aircraft operators at each Union airport will be at least 2% from 2025, 6% from 2030, 20% from 2035, 34% from 2040, 42% from 2045 and 70% from 2050. Regulation (EU) 2023/2405;+;1;The no-debit rule will create a favorable environment for the production and use of Sustainable Aviation Fuels, which can help achieve the EU's climate goals.
TA1	;TA1.3;GHG Reduction;Reduce by at least 55% net GHG emissions compared to 1990 levels, by 2030;TA4.5;Biofuels;Aviation fuel suppliers shall also ensure that Sustainable Aviation Fuel (SAF) made available to aircraft operators at each Union airport will be at least 2% from 2025, 6% from 2030, 20% from 2035, 34% from 2040, 42% from 2045 and 70% from 2050. Regulation (EU) 2023/2405;+;2;The reduction of GHG emissions will create a favorable environment for the production and use of Sustainable Aviation Fuels, which can help achieve the EU's climate goals.
TA1	;TA1.10;GHG Reduction - Buildings;ETS2. Contribution of the buildings and road transport sectors of 43% emission reductions by 2030 compared to 2005;TA4.7;Biofuels;Each Member State shall set an obligation on fuel suppliers to ensure that: (B) the combined share of advanced biofuels and biogas produced from the feedstock listed in Part A of Annex IX and of renewable fuels of non-biological origin in the energy supplied to the transport sector is at least 1% in 2025 and 5.5% in 2030, of which a share of at least 1 percentage point is from renewable fuels of non-biological origin in 2030. Directive (EU) 2023/2413;+;2;The ETS2 will drive the growth of the sustainable biomethane market by creating a framework for the reduction of GHG emissions in the transport sector.
TA1	;TA1.11;GHG Reduction;ESR. Increased national targets in line with an EU- wide reduction of 40% in the ESR sectors compared to 2005;TA4.7;Biofuels;Each Member State shall set an obligation on fuel suppliers to ensure that: (B) the combined share of advanced biofuels and biogas produced from the feedstock listed in Part A of Annex IX and of renewable fuels of non-biological origin in the energy supplied to the transport sector is at least 1% in 2025 and 5.5% in 2030, of which a share of at least 1 percentage point is from renewable fuels of non-biological origin in 2030. Directive (EU) 2023/2413;+;2;The ESR will drive the growth of the sustainable biomethane market by creating a framework for the reduction of GHG emissions in the transport sector.
TA1	;TA1.3;GHG Reduction;Reduce by at least 55% net GHG emissions compared to 1990 levels, by 2030;TA4.7;Biofuels;Each Member State shall set an obligation on fuel suppliers to ensure that: (B) the combined share of advanced biofuels and biogas produced from the feedstock listed in Part A of Annex IX and of renewable fuels of non-biological origin in the energy supplied to the transport sector is at least 1% in 2025 and 5.5% in 2030, of which a share of at least 1 percentage point is from renewable fuels of non-biological origin in 2030. Directive (EU) 2023/2413;+;2;The reduction of GHG emissions will lead to an increased demand for low-carbon energy sources, such as advanced biofuels and renewable fuels of non-biological origin, which will drive the growth of the sustainable biomethane market.
TA1	;TA1.7;GHG Reduction;Reduce methane emissions by 35 to 37% compared to 2005 levels, by 2030;TA4.7;Biofuels;Each Member State shall set an obligation on fuel suppliers to ensure that: (B) the combined share of advanced biofuels and biogas produced from the feedstock listed in Part A of Annex IX and of renewable fuels of non-biological origin in the energy supplied to the transport sector is at least 1% in 2025 and 5.5% in 2030, of which a share of at least 1 percentage point is from renewable fuels of non-biological origin in 2030. Directive (EU) 2023/2413;+;2;The reduction of methane emissions will lead to an increased demand for low-carbon energy sources, such as advanced biofuels and renewable fuels of non-biological origin, which will drive the growth of the sustainable biomethane market.
TA1	;TA1.3;GHG Reduction;Reduce by at least 55% net GHG emissions compared to 1990 levels, by 2030;TA4.9;GHG Reduction - Transports;Cut the emissions of transport sector by 90% by 2050 relative to 1990. Sustainable and Smart Mobility Strategy;+;3;The reduction of GHG emissions will have a significant impact on the transport sector, leading to a substantial decrease in emissions and driving the transition to low-carbon transportation.
TA1	;TA1.3;GHG Reduction;Reduce by at least 55% net GHG emissions compared to 1990 levels, by 2030;TA5.10;Renewable Energy;Energy: Increase renewable energy in the agriculture and food sector. Adopt energy efficiency solutions in the agriculture and food sector, by reducing energy consumption.;+;1;The reduction of GHG emissions will enable the increase of renewable energy in the agriculture and food sector, promoting sustainable development and reducing energy consumption.
TA1	;TA1.3;GHG Reduction;Reduce by at least 55% net GHG emissions compared to 1990 levels, by 2030;TA5.11;Biodiversity Protection & Conservation;Biodiversity conservation and restoration of natural resources: Protect the environment and restore natural resources. Preserve biodiversity and reduce biodiversity loss.;+;2;The reduction of GHG emissions will reinforce biodiversity conservation and restoration of natural resources by reducing pollution and preserving ecosystems, which in turn will support the achievement of the biodiversity target.
TA1	;TA1.3;GHG Reduction;Reduce by at least 55% net GHG emissions compared to 1990 levels, by 2030;TA5.13;Waste Reduction - Food Waste;Reduce food waste. Prevent food loss and waste. Halve per capita food waste at retail and consumer levels* *See also Directive (EU) 2018/851 on waste with a target on food waste reduction of 30% by 2025;+;2;The reduction of GHG emissions will reinforce food waste reduction by promoting sustainable food production and consumption patterns, reducing pollution, and increasing the competitiveness of the EU food sector.
TA1	;TA1.3;GHG Reduction;Reduce by at least 55% net GHG emissions compared to 1990 levels, by 2030;TA5.14;Circularity/Recycling;Circular economy: Scale-up and promote sustainable and socially responsible production methods and circular business models in food processing and retail.;+;1;Reducing GHG emissions will enable the transition to a circular economy in the food sector by promoting sustainable production and consumption patterns, reducing waste, and increasing recycling.
TA1	;TA1.3;GHG Reduction;Reduce by at least 55% net GHG emissions compared to 1990 levels, by 2030;TA5.16;Social Security - Workers Protection;Income distribution: Ensure fair income and salaries. Improve income of primary producers to ensure their sustainable livelihood.;+;1;The reduction of GHG emissions will enable the improvement of income distribution by promoting sustainable agriculture, reducing pollution, and increasing the competitiveness of the EU food sector.
TA1	;TA1.3;GHG Reduction;Reduce by at least 55% net GHG emissions compared to 1990 levels, by 2030;TA5.17;Competitive Agriculture;Sectorial growth: Help farmers and fishers to strengthen their position in the supply chain and to capture a fair share of the added value of sustainable production;+;1;The reduction of GHG emissions will enable farmers and fishers to adopt more sustainable production methods, increasing their competitiveness and resilience in the supply chain.
TA1	;TA1.12;GHG Removal;Achieve an EU net greenhouse gas removal of 310 million tonnes CO2 equivalent per year for the land use, land use change and forestry (LULUCF) sector, by 2030;TA5.2;Food quality - Animal Welfare;Reduce overall EU sales of antimicrobials for farmed animals and in aquaculture by 50% by 2030.;+;2;Achieving net GHG removal in the LULUCF sector will reinforce the reduction of antimicrobial use in animal farming, promoting sustainable agriculture and reducing the environmental impact of farming practices.
TA1	;TA1.3;GHG Reduction;Reduce by at least 55% net GHG emissions compared to 1990 levels, by 2030;TA5.20;Competitive Agriculture;Trade: Foster the competitiveness of the EU supply sector.;+;1;Reducing GHG emissions will enable the EU to increase its competitiveness in the global market, fostering trade and economic growth while promoting sustainable development.
TA1	;TA1.8;Energy Efficiency;Reach energy neutrality in the wastewater treatment sector by 2045.;TA5.21;Digitalisation;Digitalisation and knowledge transfer. Ensure access to fast broadband to all farmers and all rural areas to achieve the objective of 100% access by 2025 (enabler for jobs, businesses, investments, improvement in quality of life in rural areas and enabler to mainstream precision farming and use of artificial intelligence);+;1;Reaching energy neutrality in the wastewater treatment sector will enable the adoption of digital technologies, such as precision farming and artificial intelligence, in rural areas, improving the efficiency and sustainability of agricultural practices.
TA1	;TA1.3;GHG Reduction;Reduce by at least 55% net GHG emissions compared to 1990 levels, by 2030;TA5.22;Transport Logistics;Transport, accessibility and infrastructure: Create shorter supply chains will support reducing dependence on long-haul transportation.;+;1;The reduction of GHG emissions will enable the creation of shorter supply chains by promoting sustainable agriculture, reducing pollution, and increasing the competitiveness of the EU food sector.
TA1	;TA1.3;GHG Reduction;Reduce by at least 55% net GHG emissions compared to 1990 levels, by 2030;TA5.23;Social Security - Workers Protection;Employment and working conditions: Create new job opportunities. Improve working conditions, ensure occupation health and safety.;+;1;The reduction of GHG emissions will enable the creation of new job opportunities by promoting sustainable agriculture, reducing pollution, and increasing the competitiveness of the EU food sector.
TA1	;TA1.3;GHG Reduction;Reduce by at least 55% net GHG emissions compared to 1990 levels, by 2030;TA5.24;Social Security - Workers Protection;Social protection and poverty: Ensure fair, inclusive and ethical value chains. Ensure workers‚Äö√Ñ√¥ social protection and housing conditions, promote socially responsible production methods, Mitigate the socio- economic consequences impacting the food chain and ensure that the key principles enshrined in the European Pillar of Social Rights are respected, especially when it comes to precarious, seasonal and undeclared workers.;+;2;The reduction of GHG emissions will reinforce social protection and poverty reduction by promoting sustainable agriculture, reducing pollution, and increasing the competitiveness of the EU food sector.
TA1	;TA1.7;GHG Reduction;Reduce methane emissions by 35 to 37% compared to 2005 levels, by 2030;TA5.25;Food quality - Animal Welfare;Animal welfare: Promote better animal welfare to improve animal health and food quality.;+;1;Reducing methane emissions will enable the promotion of better animal welfare by reducing the environmental impact of animal farming and increasing the competitiveness of the EU food sector.
TA1	;TA1.10;GHG Reduction - Buildings;ETS2. Contribution of the buildings and road transport sectors of 43% emission reductions by 2030 compared to 2005;TA5.27;Food quality - Healthy Food;Food messaging: Provide food information and labelling to empower consumers to make informed, healthy and sustainable food choices. Strengthen educational messages on the importance of healthy nutrition, sustainable food production and consumption, and reducing food waste;+;1;The ETS2 will enable the promotion of sustainable food choices by providing consumers with accurate information and promoting sustainable food production and consumption patterns.
TA1	;TA1.9;GHG Reduction;EU ETS. The contribution of the sectors covered by the existing EU Emission trading System (EU ETS) with respect to the EU Climate ambition should be of -62% compared to 2005;TA5.29;Food affordability;Food availability: Improve availability of sustainable food. Ensure that the healthy option is always the easiest one. Ensure food supply.;+;1;The EU ETS will enable the improvement of food availability by promoting sustainable food production and consumption patterns, reducing GHG emissions, and increasing the competitiveness of the EU food sector.
TA1	;TA1.3;GHG Reduction;Reduce by at least 55% net GHG emissions compared to 1990 levels, by 2030;TA5.3;Improve Soils Health;Reduce nutrient losses by at least 50%, while ensuring that there is no deterioration in soil fertility.;+;2;The reduction of GHG emissions will reinforce the reduction of nutrient losses by promoting sustainable agriculture, reducing pollution, and increasing the competitiveness of the EU food sector.
TA1	;TA1.11;GHG Reduction;ESR. Increased national targets in line with an EU- wide reduction of 40% in the ESR sectors compared to 2005;TA5.30;Food affordability;Food affordability: Ensure affordability to sufficient, nutritious and sustainable food;+;1;Increasing national targets in the ESR sectors will enable the improvement of food affordability by reducing energy consumption, promoting sustainable production methods, and increasing the competitiveness of the EU food sector.
TA1	;TA1.13;GHG Reduction;No debit rule. For the period from 2021 to 2025, each Member State shall ensure that greenhouse gas emissions from the sector do not exceed greenhouse gas removals;TA5.32;Food affordability;Food security: Ensuring food security and access to quality, safe, sustainable, nutritious food for all.;+;2;The no-debit rule will reinforce food security by promoting sustainable agriculture, reducing GHG emissions, and increasing the resilience of the food system to climate change.
TA1	;TA1.3;GHG Reduction;Reduce by at least 55% net GHG emissions compared to 1990 levels, by 2030;TA5.33;Food quality - Healthy Food;Nutrition and healthy, sustainable diets: Move to healthier and more sustainable diets.;+;2;The reduction of GHG emissions will reinforce the transition to healthier and more sustainable diets by promoting sustainable food production and consumption patterns, reducing waste, and increasing recycling.
TA1	;TA1.3;GHG Reduction;Reduce by at least 55% net GHG emissions compared to 1990 levels, by 2030;TA5.34;Food quality - Healthy Food;Health impact of diets: Reversing of the rise in overweight and obesity rates across the EU by 2030;+;2;The reduction of GHG emissions will reinforce the improvement of public health by promoting sustainable food production and consumption patterns, reducing pollution, and increasing the competitiveness of the EU food sector.
TA1	;TA1.3;GHG Reduction;Reduce by at least 55% net GHG emissions compared to 1990 levels, by 2030;TA5.35;Competitive Agriculture;Preparedness, shock resilience, adaptation and transformation: Strengthen the resilience of the EU food system. Build up resilience to climate change, possible future diseases and pandemics. Increasing the sustainability of food producers will ultimately increase their resilience.;+;2;The reduction of GHG emissions will reinforce the resilience of the EU food system by promoting sustainable agriculture, reducing the impact of climate change, and increasing the ability of farmers to adapt to changing conditions.
TA1	;TA1.3;GHG Reduction;Reduce by at least 55% net GHG emissions compared to 1990 levels, by 2030;TA5.4;Pesticides Reduction;Reduce by 50% the use of more hazardous pesticides Target in Common with Biodiversity Strategy (see Thematic Area 6) and Zero Pollution Action Plan (see Thematic Area 7);+;2;The reduction of GHG emissions will reinforce the reduction of hazardous pesticide use by promoting sustainable agriculture, reducing pollution, and increasing the competitiveness of the EU food sector.
TA1	;TA1.3;GHG Reduction;Reduce by at least 55% net GHG emissions compared to 1990 levels, by 2030;TA5.5;Pesticides Reduction;Reduce by 50% the use and risk of chemical pesticides Target in Common with Biodiversity Strategy (see Thematic Area 6) and Zero Pollution Action Plan (see Thematic Area 7);+;2;The reduction of GHG emissions will reinforce the reduction of chemical pesticide use by promoting sustainable agriculture, reducing pollution, and increasing the competitiveness of the EU food sector.
TA1	;TA1.15;GHG Reduction - Buildings;Reduce buildings‚Äö√Ñ√¥ greenhouse gas emissions by 60%, by 2030;TA5.6;Food quality;Aquatic living resources: Increase sustainable fishing and aquaculture. Bring fish stocks to sustainable levels. Significant increase in organic aquaculture;+;1;Reducing buildings' GHG emissions will enable the promotion of sustainable fishing and aquaculture practices, increasing the competitiveness of the EU food sector and promoting sustainable development.
TA1	;TA1.3;GHG Reduction;Reduce by at least 55% net GHG emissions compared to 1990 levels, by 2030;TA5.7;GHG Reduction;Ensure that agriculture, fisheries and aquaculture, and the food value chain contribute to the target of reducing net greenhouse gas emissions to at least 55% below 1990 levels by 2030 and to the achievement of the objective for a climate-neutral Union in 2050.;+;3;The reduction of GHG emissions is indivisible from the achievement of the climate-neutral Union objective, as it will require a fundamental transformation of the EU's energy and food systems.
TA1	;TA1.3;GHG Reduction;Reduce by at least 55% net GHG emissions compared to 1990 levels, by 2030;TA5.8;Improve Water Quality;Water: Preserving freshwater, boosting water reuse in agriculture.;+;1;The reduction of GHG emissions will enable the preservation of freshwater resources by promoting sustainable water management practices, reducing pollution, and increasing the competitiveness of the EU food sector.
TA1	;TA1.10;GHG Reduction - Buildings;ETS2. Contribution of the buildings and road transport sectors of 43% emission reductions by 2030 compared to 2005;TA5.9;Food quality;Increase organic farming with the aim to achieve at least 25% of total farmland under organic farming by 2030 Target in Common with Biodiversity Strategy (see Thematic Area 6);+;1;The ETS2 will enable the increase of organic farming by promoting sustainable production methods, reducing GHG emissions, and increasing the competitiveness of the EU food sector.
TA1	;TA1.15;GHG Reduction - Buildings;Reduce buildings greenhouse gas emissions by 60%, by 2030;TA7.10;Improve Water Quality;Improve water quality by reducing waste, plastic litter at sea (by 50%);+;1;Reducing buildings' greenhouse gas emissions will enable the improvement of water quality, as it will lead to a decrease in energy consumption and emissions, thus reducing waste and plastic litter.
TA1	;TA1.3;GHG Reduction;Reduce by at least 55% net GHG emissions compared to 1990 levels, by 2030;TA7.10;Improve Water Quality;Improve water quality by reducing waste, plastic litter at sea (by 50%);+;2;The reduction of GHG emissions will also contribute to improving water quality, as it will lead to a decrease in waste and plastic litter, thus reducing water pollution.
TA1	;TA1.10;GHG Reduction - Buildings;ETS2. Contribution of the buildings and road transport sectors of 43% emission reductions by 2030 compared to 2005;TA7.11;Improve Water Quality;Improve water quality by reducing microplastics released into the environment (by 30%);+;1;The ETS2 will enable the improvement of water quality, as it will lead to a decrease in microplastics released into the environment, thus reducing water pollution.
TA1	;TA1.3;GHG Reduction;Reduce by at least 55% net GHG emissions compared to 1990 levels, by 2030;TA7.11;Improve Water Quality;Improve water quality by reducing microplastics released into the environment (by 30%);+;2;The reduction of GHG emissions will contribute to improving water quality, as it will lead to a decrease in microplastics released into the environment, thus reducing water pollution.
TA1	;TA1.3;GHG Reduction;Reduce by at least 55% net GHG emissions compared to 1990 levels, by 2030;TA7.13;Improve Air Quality;Reduce by 25% the EU ecosystems where air pollution threatens biodiversity, by 2030;+;2;The reduction of GHG emissions will also contribute to reducing the EU ecosystems where air pollution threatens biodiversity, as it will lead to a decrease in the emissions of air pollutants, thus protecting biodiversity.
TA1	;TA1.7;GHG Reduction;Reduce methane emissions by 35 to 37% compared to 2005 levels, by 2030;TA7.13;Improve Air Quality;Reduce by 25% the EU ecosystems where air pollution threatens biodiversity, by 2030;+;2;The reduction of methane emissions will contribute to reducing the EU ecosystems where air pollution threatens biodiversity, as it will lead to a decrease in emissions of air pollutants, thus protecting biodiversity.
TA1	;TA1.9;GHG Reduction;EU ETS. The contribution of the sectors covered by the existing EU Emission trading System (EU ETS) with respect to the EU Climate ambition should be of -62% compared to 2005;TA7.13;Improve Air Quality;Reduce by 25% the EU ecosystems where air pollution threatens biodiversity, by 2030;+;2;The EU ETS will contribute to reducing the EU ecosystems where air pollution threatens biodiversity, as it will lead to a decrease in emissions of air pollutants, thus protecting biodiversity.
TA1	;TA1.3;GHG Reduction;Reduce by at least 55% net GHG emissions compared to 1990 levels, by 2030;TA7.14;Noise Reduction;Reduce the share of people chronically disturbed by transport noise by 30%, by 2030;+;2;The reduction of GHG emissions will contribute to reducing the share of people chronically disturbed by transport noise, as it will lead to a decrease in transport emissions, thus reducing noise pollution.
TA1	;TA1.13;GHG Reduction;No debit rule. For the period from 2021 to 2025, each Member State shall ensure that greenhouse gas emissions from the sector do not exceed greenhouse gas removals;TA7.15;Improve Soils Health;Having all soils in healthy condition by 2050;+;2;The no debit rule will contribute to having all soils in healthy condition, as it will lead to a decrease in soil degradation and pollution, thus protecting soil health.
TA1	;TA1.3;GHG Reduction;Reduce by at least 55% net GHG emissions compared to 1990 levels, by 2030;TA7.15;Improve Soils Health;Having all soils in healthy condition by 2050;+;2;The reduction of GHG emissions will contribute to having all soils in healthy condition, as it will lead to a decrease in soil degradation and pollution, thus protecting soil health.
TA1	;TA1.12;GHG Removal;Achieve an EU net greenhouse gas removal of 310 million tonnes CO2 equivalent per year for the land use, land use change and forestry (LULUCF) sector, by 2030;TA7.16;Improve Water Quality;By means of an updated and harmonised list of pollutants affecting surface and groundwater, updated existing quality standards, new monitoring requirements, improved and more accessible data, and a more flexible framework for addressing pollutants of emerging concerns;+;2;The achievement of an EU net greenhouse gas removal will contribute to improving water quality, as it will lead to a decrease in pollutants released into the environment, thus reducing water pollution.
TA1	;TA1.3;GHG Reduction;Reduce by at least 55% net GHG emissions compared to 1990 levels, by 2030;TA7.16;Improve Water Quality;By means of an updated and harmonised list of pollutants affecting surface and groundwater, updated existing quality standards, new monitoring requirements, improved and more accessible data, and a more flexible framework for addressing pollutants of emerging concerns;+;2;The reduction of GHG emissions will also contribute to improving water quality, as it will lead to a decrease in pollutants released into the environment, thus reducing water pollution.
TA1	;TA1.3;GHG Reduction;Reduce by at least 55% net GHG emissions compared to 1990 levels, by 2030;TA7.4;Improve Air Quality;The Industrial Emissions Directive (IED) aims at preventing or reducing emissions from large industrial installations and intensive farming into the environment.;+;1;The reduction of GHG emissions will enable the prevention or reduction of emissions from large industrial installations and intensive farming, thus reducing pollution.
TA1	;TA1.11;GHG Reduction;ESR. Increased national targets in line with an EU- wide reduction of 40% in the ESR sectors compared to 2005;TA7.6;Improve Soils Health;Improve soil quality by reducing chemical pesticides use by 50%, by 2030;+;2;The ESR will contribute to improving soil quality, as it will lead to a decrease in the use of chemical pesticides, thus reducing soil pollution.
TA1	;TA1.3;GHG Reduction;Reduce by at least 55% net GHG emissions compared to 1990 levels, by 2030;TA7.6;Improve Soils Health;Improve soil quality by reducing chemical pesticides use by 50%, by 2030;+;2;The reduction of GHG emissions will contribute to improving soil quality, as it will lead to a decrease in the use of chemical pesticides, thus reducing soil pollution.
TA1	;TA1.3;GHG Reduction;Reduce by at least 55% net GHG emissions compared to 1990 levels, by 2030;TA7.8;Improve Soils Health;Improve soil quality by reducing nutrient losses use by 50%, by 2030;+;2;The reduction of GHG emissions will also contribute to improving soil quality, as it will lead to a decrease in nutrient losses, thus reducing soil degradation.
TA1	;TA1.3;GHG Reduction;Reduce by at least 55% net GHG emissions compared to 1990 levels, by 2030;TA7.9;Improve Air Quality;Improve air quality to reduce the number of premature deaths caused by air pollution by 55% by 2030;+;2;The reduction of GHG emissions will contribute to improving air quality, as it will lead to a decrease in the emissions of air pollutants, thus reducing the number of premature deaths caused by air pollution.
TA1	;TA1.7;GHG Reduction;Reduce methane emissions by 35 to 37% compared to 2005 levels, by 2030;TA7.9;Improve Air Quality;Improve air quality to reduce the number of premature deaths caused by air pollution by 55% by 2030;+;2;The reduction of methane emissions will contribute to improving air quality, as it will lead to a decrease in emissions of air pollutants, thus reducing air pollution.
TA1	;TA1.8;Energy Efficiency;Reach energy neutrality in the wastewater treatment sector by 2045.;TA7.9;Improve Air Quality;Improve air quality to reduce the number of premature deaths caused by air pollution by 55% by 2030;+;1;Reaching energy neutrality in the wastewater treatment sector will enable the improvement of air quality, as it will lead to a decrease in energy consumption and emissions, thus reducing air pollution.
TA1	;TA1.3;GHG Reduction;Reduce by at least 55% net GHG emissions compared to 1990 levels, by 2030;TA4.1;Biofuels;Achieve an annual production of sustainable biomethane of 35 billion cubic meters by 2030;+;2;The implementation of TA1.3 will reinforce the achievement of TA4.1, as reducing GHG emissions will create a more favorable environment for the production and use of sustainable biomethane.
TA1	;TA1.3;GHG Reduction;Reduce by at least 55% net GHG emissions compared to 1990 levels, by 2030;TA4.7;Biofuels;Each Member State shall set an obligation on fuel suppliers to ensure that: (B) the combined share of advanced biofuels and biogas produced from the feedstock listed in Part A of Annex IX and of renewable fuels of non-biological origin in the energy supplied to the transport sector is at least 1% in 2025 and 5.5% in 2030, of which a share of at least 1 percentage point is from renewable fuels of non-biological origin in 2030. Directive (EU) 2023/2413;+;2;The implementation of TA1.3 will reinforce the achievement of TA4.7, as reducing GHG emissions will increase the demand for low-carbon fuels, including advanced biofuels and renewable fuels of non-biological origin.
TA1	;TA1.3;GHG Reduction;Reduce by at least 55% net GHG emissions compared to 1990 levels, by 2030;TA4.18;Biofuels;The share of biofuels and biogas produced from the feedstock listed in Part B of Annex IX in the energy content of fuels and electricity supplied to the transport sector shall, except in Cyprus and Malta, be limited to 1.7%. Directive (EU) 2023/2413;-;2;The implementation of TA1.3 may counteract the achievement of TA4.18, as reducing GHG emissions may lead to a decrease in the production of biofuels and biogas from Part B feedstock.
TA1	;TA1.3;GHG Reduction;Reduce by at least 55% net GHG emissions compared to 1990 levels, by 2030;TA4.5;Biofuels;Aviation fuel suppliers shall also ensure that Sustainable Aviation Fuel (SAF) made available to aircraft operators at each Union airport will be at least 2% from 2025, 6% from 2030, 20% from 2035, 34% from 2040, 42% from 2045 and 70% from 2050. Regulation (EU) 2023/2405;+;2;The implementation of TA1.3 will reinforce the achievement of TA4.5, as reducing GHG emissions will increase the demand for low-carbon aviation fuels, including Sustainable Aviation Fuels.
TA1	;TA1.3;GHG Reduction;Reduce by at least 55% net GHG emissions compared to 1990 levels, by 2030;TA4.19;Energy Efficiency;The yearly quantity of aviation fuel uplifted by a given aircraft operator at a given Union airport shall be at least 90% of the yearly aviation fuel required, to avoid tankering practices which would bring additional emissions from extra weight. Regulation (EU) 2023/2405;+;1;The implementation of TA1.3 will enable the achievement of TA4.19, as reducing GHG emissions will lead to increased efficiency in aviation fuel use and reduced tankering practices.
TA1	;TA1.3;GHG Reduction;Reduce by at least 55% net GHG emissions compared to 1990 levels, by 2030;TA4.32;Energy Efficiency;States shall ensure that, at all airports of the TEN-T core network and TEN-T comprehensive network, the provision of electricity supply to stationary aircraft is ensured by 31 December 2029, at all aircraft remote stands used for commercial air transport operations to embark or disembark passengers or to load or unload goods Regulation (EU) 2023/1804;+;1;The implementation of TA1.3 will enable the achievement of TA4.32, as reducing GHG emissions will lead to increased investment in low-carbon technologies, including electric aircraft and related infrastructure.
TA1	;TA1.3;GHG Reduction;Reduce by at least 55% net GHG emissions compared to 1990 levels, by 2030;TA4.33;Energy Efficiency;Member States shall ensure that at least one installation providing shore-side electricity supply to inland waterway vessels is deployed at all TEN-T core inland waterway ports by 1 January 2025, at least one installation providing shore-side electricity supply to inland waterway vessels is deployed at all TEN-T comprehensive inland waterway ports by 1 January 2030. Regulation (EU) 2023/1804;+;1;The implementation of TA1.3 will enable the achievement of TA4.33, as reducing GHG emissions will lead to increased investment in low-carbon technologies, including electric and hybrid vessels and related infrastructure.
TA1	;TA1.3;GHG Reduction;Reduce by at least 55% net GHG emissions compared to 1990 levels, by 2030;TA4.34;Energy Efficiency;Member States shall ensure that a minimum shore-side electricity supply for seagoing container ships and seagoing passenger ships is provided in TEN-T maritime ports. To that end, by 31 December 2029 TEN-T core and comprehensive maritime ports [...] are equipped to provide each year shore-side electricity supply for at least 90 % of the total number of port calls of seagoing container ships above 5.000 gross tonnes that are moored at the quayside at the maritime port concerned and 90% of the total number of port calls of seagoing ro-ro passenger ships above 5.000 gross tonnes and seagoing high-speed passenger craft above 5.000 gross tonnes that are moored at the quayside at the maritime port concerned Regulation (EU) 2023/1804;+;1;The implementation of TA1.3 will enable the achievement of TA4.34, as reducing GHG emissions will lead to increased investment in low-carbon technologies, including electric and hybrid vessels and related infrastructure.
TA1	;TA1.3;GHG Reduction;Reduce by at least 55% net GHG emissions compared to 1990 levels, by 2030;TA4.10;Energy Efficiency;EU fisheries are encouraged to continue the positive trend, as observed for the period 2009-2019, towards reducing fuel intensity by reducing the fossil-fuel consumption per kg of landed product for at least an additional 15% for the period 2019-2030. Energy Transition of the EU Fisheries and Aquaculture sector;+;1;The implementation of TA1.3 will enable the achievement of TA4.10, as reducing GHG emissions will lead to increased efficiency in fishing operations and reduced fuel consumption.
TA1	;TA1.3;GHG Reduction;Reduce by at least 55% net GHG emissions compared to 1990 levels, by 2030;TA4.25;Energy Infrastructure;Member States shall ensure that, at the end of each year, the following power output targets are met cumulatively: (a) for each light-duty battery electric vehicle registered in their territory, a total power output of at least 1.3 kW is provided through publicly accessible recharging stations, and (b) for each light-duty plug-in hybrid vehicle registered in their territory, a total power output of at least 0.80 kW is provided through publicly accessible recharging stations. Regulation (EU) 2023/1804;+;1;The implementation of TA1.3 will enable the achievement of TA4.25, as reducing GHG emissions will lead to increased investment in low-carbon technologies, including electric vehicles and related infrastructure.
TA1	;TA1.3;GHG Reduction;Reduce by at least 55% net GHG emissions compared to 1990 levels, by 2030;TA4.26;Energy Infrastructure;Member States shall ensure that along the TEN-T core and comprehensive network, publicly accessible recharging pools dedicated to light-duty vehicles deployed in each direction of travel with a maximum distance of 60 km in-between them offering a power output of at least 600kW and including at least one recharging point with an individual power output of at least 150 kW. Regulation (EU) 2023/1804;+;1;The implementation of TA1.3 will enable the achievement of TA4.26, as reducing GHG emissions will lead to increased investment in low-carbon technologies, including electric vehicles and related infrastructure.
TA1	;TA1.3;GHG Reduction;Reduce by at least 55% net GHG emissions compared to 1990 levels, by 2030;TA4.27;Energy Infrastructure;Member States shall ensure that, by 31 December 2030 (with intermediate 2025 and 2027 targets), along the TEN-T core road network, publicly accessible recharging pools dedicated to heavy-duty electric vehicles are deployed in each direction of travel with a maximum distance of 60 km between them [...]. Along the TEN-T comprehensive road network, recharging pools dedicated to heavy-duty electric vehicles are deployed in each direction of travel with a maximum distance of 100 km between them and each recharging pool offers a power output of at least 1.500 kW and includes at least one recharging point with an individual power output of at least 350 kW. Regulation (EU) 2023/1804;+;1;The implementation of TA1.3 will enable the achievement of TA4.27, as reducing GHG emissions will lead to increased investment in low-carbon technologies, including electric and hybrid heavy-duty vehicles and related infrastructure.
TA1	;TA1.3;GHG Reduction;Reduce by at least 55% net GHG emissions compared to 1990 levels, by 2030;TA4.28;Energy Infrastructure;By 31 December 2030, in each safe and secure parking area at least four publicly accessible recharging stations dedicated to heavy-duty electric vehicles with an individual power output of at least 100 kW are deployed. Regulation (EU) 2023/1804;+;1;The implementation of TA1.3 will enable the achievement of TA4.28, as reducing GHG emissions will lead to increased investment in low-carbon technologies, including electric and hybrid heavy-duty vehicles and related infrastructure.
TA1	;TA1.3;GHG Reduction;Reduce by at least 55% net GHG emissions compared to 1990 levels, by 2030;TA4.29;Energy Infrastructure;By 31 December 2030, in each urban node publicly accessible recharging points dedicated to heavy-duty electric vehicles with an aggregated power output of at least 1 800 kW are deployed, provided by recharging stations with an individual power output of at least 150 kW. Regulation (EU) 2023/180;+;1;The implementation of TA1.3 will enable the achievement of TA4.29, as reducing GHG emissions will lead to increased investment in low-carbon technologies, including electric and hybrid heavy-duty vehicles and related infrastructure.
TA1	;TA1.3;GHG Reduction;Reduce by at least 55% net GHG emissions compared to 1990 levels, by 2030;TA4.15;GHG Reduction - Transports;The average CO2 emissions of the Union fleet of new heavy-duty motor vehicles [...], off-road vehicles and off-road special purpose vehicles shall be reduced by the following percentages compared to the average CO2 emissions of the reporting period of the year 2019: (a) 15% for vehicle sub-groups 4-UD, 4-RD, 4-LH, 5-RD, 5-LH, 9-RD, 9-LH, 10-RD and 10-LH for the reporting periods of the years 2025 to 2029, (b) 45% for all vehicle sub-groups other than vocational vehicles for the reporting periods of the years 2030 to 2034, (c) 65% for all vehicle sub-groups for the reporting periods of the years 2035 to 2039, (d) 90% for all vehicle sub-groups for the reporting periods of the year 2040 onwards Regulation (EU) 2024/1610;+;2;The implementation of TA1.3 will reinforce the achievement of TA4.15, as reducing GHG emissions will lead to increased investment in low-carbon technologies, including electric and hybrid vehicles and related infrastructure.
TA1	;TA1.3;GHG Reduction;Reduce by at least 55% net GHG emissions compared to 1990 levels, by 2030;TA4.3;GHG Reduction - Transports;The yearly average GHG intensity of the energy used on board by a ship during a reporting period shall be reduced, compared to the reference value (91.16 gCO2e/MJ) by: 2% from 1 January 2025, 6% from 1 January 2030, 14.5% from 1 January 2035, 31% from 1 January 2040, 62% from 1 January 2045, 80% from 1 January 2050. Regulation (EU) 2023/1805;+;2;The implementation of TA1.3 will reinforce the achievement of TA4.3, as reducing GHG emissions will lead to increased investment in low-carbon technologies, including electric and hybrid vessels and related infrastructure.
TA1	;TA1.3;GHG Reduction;Reduce by at least 55% net GHG emissions compared to 1990 levels, by 2030;TA4.9;GHG Reduction - Transports;Cut the emissions of transport sector by 90% by 2050 relative to 1990. Sustainable and Smart Mobility Strategy;+;3;The implementation of TA1.3 will reinforce the achievement of TA4.9, as reducing GHG emissions will lead to a significant reduction in transport sector emissions.
TA1	;TA1.3;GHG Reduction;Reduce by at least 55% net GHG emissions compared to 1990 levels, by 2030;TA4.30;Hydrogen Distribution;Member States shall ensure that, by 31 December 2030, at least one publicly accessible hydrogen refuelling station is deployed in each urban node. Regulation (EU) 2023/1804;+;1;The implementation of TA1.3 will enable the achievement of TA4.30, as reducing GHG emissions will lead to increased investment in low-carbon technologies, including hydrogen production and related infrastructure.
TA1	;TA1.3;GHG Reduction;Reduce by at least 55% net GHG emissions compared to 1990 levels, by 2030;TA4.31;Hydrogen Distribution;Member States shall ensure that, by 31 December 2030, publicly accessible hydrogen refuelling stations with a total capacity of at least 1 tonne per day, and equipped with at least a 700 bar dispenser, are deployed at least every 200 km along the TEN-T (Trans-European Transport Network) core network Regulation (EU) 2023/1804;+;1;The implementation of TA1.3 will enable the achievement of TA4.31, as reducing GHG emissions will lead to increased investment in low-carbon technologies, including hydrogen production and related infrastructure.
TA1	;TA1.3;GHG Reduction;Reduce by at least 55% net GHG emissions compared to 1990 levels, by 2030;TA4.13;Net-Zero Technology - Road Vehicles;For [...] ‚Äö√Ñ√∫urban buses‚Äö√Ñ√π manufacturers shall comply with the 90% (in the reporting period 2030-2034) and 100% (as from 2035) minimum shares in their fleet of new heavy-duty vehicles Regulation (EU) 2024/1610;+;2;The implementation of TA1.3 will reinforce the achievement of TA4.13, as reducing GHG emissions will lead to increased investment in low-carbon technologies, including electric and hybrid buses and related infrastructure.
TA1	;TA1.3;GHG Reduction;Reduce by at least 55% net GHG emissions compared to 1990 levels, by 2030;TA4.8;Other Low-Carbon Fuels;Member States with maritime ports shall endeavour to ensure that as of 2030 the share of renewable fuels of non-biological origin (RFNBOs) in the total amount of energy supplied to the maritime transport sector is at least 1.2%. Directive (EU) 2023/2413;+;2;The implementation of TA1.3 will reinforce the achievement of TA4.8, as reducing GHG emissions will lead to increased investment in low-carbon technologies, including electric and hybrid vessels and related infrastructure.
TA1	;TA1.3;GHG Reduction;Reduce by at least 55% net GHG emissions compared to 1990 levels, by 2030;TA4.6;Other Low-Carbon Fuels;Of the SAF targets reported above, synthetic aviation fuels should represent a minimum share of 1.2% from 2030, 5% from 2035, 10% from 2034, 15% from 2045, and 35% from 2050. Regulation (EU) 2023/2405;+;2;The implementation of TA1.3 will reinforce the achievement of TA4.6, as reducing GHG emissions will lead to increased investment in low-carbon technologies, including electric and hybrid aviation and related infrastructure.
TA1	;TA1.3;GHG Reduction;Reduce by at least 55% net GHG emissions compared to 1990 levels, by 2030;TA4.20;Renewable Energy - Hydrogen Production;In the first phase, from 2020 up to 2024, the strategic objective is to install at least 6 GW of renewable hydrogen electrolysers in the EU. In the second phase, from 2025 up to 2030, the strategic objective is to install at least 40 GW of renewable hydrogen electrolysers. A Hydrogen Strategy for a climate-neutral Europe;+;2;The implementation of TA1.3 will reinforce the achievement of TA4.20, as reducing GHG emissions will lead to increased investment in low-carbon technologies, including renewable hydrogen production and related infrastructure.
TA1	;TA1.3;GHG Reduction;Reduce by at least 55% net GHG emissions compared to 1990 levels, by 2030;TA4.11;Transport Logistics;Reduce the average door-to-door cost of combined transport operations by at least 10% within 7 years Proposal for a Directive to support framework for intermodal transport of goods;+;1;The implementation of TA1.3 will enable the achievement of TA4.11, as reducing GHG emissions will lead to increased efficiency in transport operations and reduced costs.
TA1	;TA1.3;GHG Reduction;Reduce by at least 55% net GHG emissions compared to 1990 levels, by 2030;TA4.55;Urban Mobility;Zero-emission in urban logistics The new EU Urban Mobility Framework;+;1;The implementation of TA1.3 will enable the achievement of TA4.55, as reducing GHG emissions will lead to increased investment in low-carbon technologies, including electric and hybrid vehicles and related infrastructure.
TA1	;TA1.3;GHG Reduction;Reduce by at least 55% net GHG emissions compared to 1990 levels, by 2030;TA7.9;Improve Air Quality;Improve air quality to reduce the number of premature deaths caused by air pollution by 55% by 2030;+;3;The reduction of GHG emissions will lead to a decrease in air pollution, which in turn will improve air quality and reduce premature deaths.
TA1	;TA1.9;GHG Reduction;EU ETS. The contribution of the sectors covered by the existing EU Emission trading System (EU ETS) with respect to the EU Climate ambition should be of -62% compared to 2005;TA7.4;Improve Air Quality;The Industrial Emissions Directive (IED) aims at preventing or reducing emissions from large industrial installations and intensive farming into the environment.;+;1;The IED and EU ETS are complementary policies that aim to reduce emissions from industrial sources, with the IED focusing on prevention and reduction of emissions and the EU ETS providing a market-based mechanism to reduce emissions.
TA1	;TA1.11;GHG Reduction;ESR. Increased national targets in line with an EU- wide reduction of 40% in the ESR sectors compared to 2005;TA7.13;Improve Air Quality;Reduce by 25% the EU ecosystems where air pollution threatens biodiversity, by 2030;+;1;The reduction of air pollution will have a positive impact on biodiversity, and the ESR will contribute to this reduction by setting national targets for emission reductions.
TA1	;TA1.3;GHG Reduction;Reduce by at least 55% net GHG emissions compared to 1990 levels, by 2030;TA7.6;Improve Soils Health;Improve soil quality by reducing chemical pesticides‚Äö use by 50%, by 2030;+;2;The reduction of GHG emissions will lead to a decrease in the use of chemical pesticides, which will improve soil quality.
TA1	;TA1.3;GHG Reduction;Reduce by at least 55% net GHG emissions compared to 1990 levels, by 2030;TA7.8;Improve Soils Health;Improve soil quality by reducing nutrient losses use by 50%, by 2030;+;2;The reduction of GHG emissions will lead to a decrease in nutrient losses, which will improve soil quality.
TA1	;TA1.12;GHG Removal;Achieve an EU net greenhouse gas removal of 310 million tonnes CO2 equivalent per year for the land use, land use change and forestry (LULUCF) sector, by 2030;TA7.15;Improve Soils Health;Having all soils in healthy condition by 2050;+;3;The achievement of net greenhouse gas removal in the LULUCF sector will contribute to having all soils in healthy condition by 2050.
TA1	;TA1.8;Energy Efficiency;Reach energy neutrality in the wastewater treatment sector by 2045;TA7.5;Improve Water Quality;The revised Urban Wastewater Treatment Directive (UWWTD) extends the scope of the 1991 UWWTD;+;1;The revised UWWTD will contribute to reaching energy neutrality in the wastewater treatment sector by 2045.
TA1	;TA1.3;GHG Reduction;Reduce by at least 55% net GHG emissions compared to 1990 levels, by 2030;TA7.10;Improve Water Quality;Improve water quality by reducing waste, plastic litter at sea (by 50%);+;1;The reduction of GHG emissions will lead to a decrease in waste and plastic litter, which will improve water quality.
TA1	;TA1.3;GHG Reduction;Reduce by at least 55% net GHG emissions compared to 1990 levels, by 2030;TA7.11;Improve Water Quality;Improve water quality by reducing microplastics released into the environment (by 30%);+;1;The reduction of GHG emissions will lead to a decrease in microplastics released into the environment, which will improve water quality.
TA1	;TA1.3;GHG Reduction;Reduce by at least 55% net GHG emissions compared to 1990 levels, by 2030;TA7.16;Improve Water Quality;By means of an updated and harmonised list of pollutants affecting surface and groundwater, updated existing quality standards, new monitoring requirements, improved and more accessible data, and a more flexible framework for addressing pollutants of emerging concerns;+;1;The updated list of pollutants and quality standards will contribute to reducing GHG emissions and improving water quality.
TA1	;TA1.10;GHG Reduction - Buildings;ETS2. Contribution of the buildings and road transport sectors of 43% emission reductions by 2030 compared to 2005;TA7.14;Noise Reduction;Reduce the share of people chronically disturbed by transport noise by 30%, by 2030;+;1;The reduction of emissions from the transport sector will contribute to reducing transport noise and improving air quality.
TA2	;TA2.17;Energy Infrastructure;A target of 15% electricity interconnection for 2030;TA3.11;Critical Raw Materials - Extraction & Import;Diversify the Unionimports of strategic raw materials with a view to ensuring that, by 2030, the Unionannual consumption of each strategic raw material at any relevant stage of processing can rely on imports from several third countries;-;3;The implementation of TA2.17, which aims to increase electricity interconnection, may cancel TA3.11, which aims to diversify imports of strategic raw materials, as increased interconnection may lead to increased reliance on imported energy sources and subsequently affect the diversification of raw material imports.
TA2	;TA2.21;Energy Efficiency;Member States shall ensure that the total final energy consumption of all public bodies combined is reduced by at least 1.9% each year, when compared to 2021;TA3.15;Circularity/Recycling - Critical Raw Materials - Batteries Recycling;Producers of starting, lighting and ignition batteries, industrial batteries and electric vehicle batteries or, where appointed in accordance with Article 57(1), producer responsibility organisations, shall take back, free of charge and without an obligation on the end-user to buy a new battery;-;1;The implementation of TA2.21, which aims to reduce the total final energy consumption of public bodies, may constrain TA3.15, which requires producers of batteries to take back waste batteries free of charge, as the reduced energy consumption may lead to decreased battery demand and subsequently affect the collection and recycling targets.
TA2	;TA2.22;Energy Efficiency;Member States shall collectively ensure a reduction of energy consumption of at least 11.7% in 2030 compared to the projections of the 2020 EU Reference Scenario;TA3.16;Circularity/Recycling - Critical Raw Materials - Batteries Recycling;Producers of portable batteries or, where appointed in accordance with Article 57(1), producer responsibility organisations, shall attain, and maintain durably, at least the following collection targets for waste portable batteries;-;1;The implementation of TA2.22, which aims to reduce energy consumption, may constrain TA3.16, which sets collection targets for waste portable batteries, as reduced energy consumption may lead to decreased battery demand and subsequently affect the collection and recycling targets.
TA2	;TA2.23;Energy Efficiency;Member States shall make efforts to collectively contribute to the indicative Union primary energy consumption target amounting to no more than 992.5 Mtoe in 2030;TA3.17;Circularity/Recycling - Critical Raw Materials - Batteries Recycling;Producers of LMT batteries or, where appointed in accordance with Article 57(1), producer responsibility organisations, shall attain, and maintain durably, at least the following collection targets of waste LMT batteries;-;1;The implementation of TA2.23, which aims to limit primary energy consumption, may constrain TA3.17, which sets collection targets for waste LMT batteries, as reduced energy consumption may lead to decreased battery demand and subsequently affect the collection and recycling targets.
TA2	;TA2.25;Energy Efficiency - Buildings;Reduce buildings final energy consumption by 14%;TA3.20;Circularity/Recycling - Critical Raw Materials - Batteries Recycling;"Recycling shall achieve at least the following targets for recycling efficiency: No later than 31 December 2025
- 75% by average weight of lead-acid batteries
- 80% by average weight of nickel-cadmium batteries - 50% by average weight of other waste batteries
No later than 31 December 2030
- 80% by average weight of lead-acid batteries Regulation (EU) 2023/1542";-;1;The implementation of TA2.25, which aims to reduce buildings' final energy consumption, may constrain TA3.20, which sets recycling targets for batteries, as reduced energy consumption may lead to decreased battery demand and subsequently affect the recycling targets.
TA2	;TA2.26;Energy Efficiency - Buildings;At least double the annual energy renovation rate of residential and non-residential buildings by 2030;TA3.21;Circularity/Recycling - Critical Raw Materials - Batteries Recycling;"Recycling shall achieve at least the following targets for recycling efficiency:
- No later than 31 December 2025, 65% by average weight of lithium-based batteries
- No later than 31 December 2030, 70% by average weight of lithium-based batteries.
Regulation (EU) 2023/1542";-;1;The implementation of TA2.26, which aims to double the annual energy renovation rate, may constrain TA3.21, which sets recycling targets for lithium-based batteries, as increased renovation rates may lead to reduced energy consumption and subsequently affect the recycling targets.
TA2	;TA2.41;Energy Efficiency;Member States are required to achieve cumulative end-use energy savings from 2021 to 2030, equivalent to new annual savings of at least 0.8% of final energy consumption in 2021-2023, at least 1.3% in 2024-2025, 1.5% in 2026-2027 and 1.9% in 2028-2030;TA3.31;Circularity/Recycling - Municipal Waste;Member States shall take the necessary measures to attain the recycling targets of 65% by weight of all packaging waste generated by 31 December 2025, and of 70% by weight of all packaging waste generated by 31 December 2030. Proposal on packaging and packaging waste;+;1;The implementation of TA2.41 may enable TA3.31, which aims to increase recycling targets for packaging waste, as increased energy efficiency and reduced energy consumption may lead to reduced packaging waste generation, thus supporting the transition to a more circular economy.
TA2	;TA2.41;Energy Efficiency;Member States are required to achieve cumulative end-use energy savings from 2021 to 2030, equivalent to new annual savings of at least 0.8% of final energy consumption in 2021-2023, at least 1.3% in 2024-2025, 1.5% in 2026-2027 and 1.9% in 2028-2030;TA3.3;Circularity/Recycling;Double EUcircular material use rate in the coming decade;+;2;The implementation of TA2.41, which aims to achieve cumulative end-use energy savings, may reinforce TA3.3, which aims to double the EU's circular material use rate, as increased energy efficiency can lead to reduced material consumption and waste generation, thus supporting the transition to a more circular economy.
TA2	;TA2.40;Renewable Energy - Hydrogen Production;Around 30% of EU primary steel production is expected to be decarbonised on the basis of renewable hydrogen;TA3.30;Circularity/Recycling - Municipal Waste;Each Member State shall reduce the packaging waste generated per capita, as compared to the packaging waste generated per capita in 2018 as reported to the Commission in accordance with Decision 2005/270/EC by 5% by 2030, 10% by 2035, 15% by 2040 Proposal on packaging and packaging waste;-;2;The implementation of TA2.40, which aims to decarbonize steel production, may counteract TA3.30, which aims to reduce packaging waste, as the increased use of renewable energy sources and raw materials may lead to increased packaging waste generation.
TA2	;TA2.22;Energy Efficiency;Member States shall collectively ensure a reduction of energy consumption of at least 11.7% in 2030 compared to the projections of the 2020 EU Reference Scenario;TA4.18;Biofuels;The share of biofuels and biogas produced from the feedstock listed in Part B of Annex IX in the energy content of fuels and electricity supplied to the transport sector shall, except in Cyprus and Malta, be limited to 1.7%. Directive (EU) 2023/2413;-;1;The implementation of TA2.22, which aims to reduce energy consumption, may have a negative impact on TA4.18, which limits the share of biofuels and biogas produced from certain feedstocks. By reducing energy consumption, TA2.22 may lead to decreased production of biofuels and biogas, thus hindering the achievement of TA4.18.
TA2	;TA2.4;Energy Efficiency - Buildings;Double the current deployment rate of individual heat pumps, resulting in a cumulative 10 million units by 2027 and 30 million units by 2030;TA4.20;Renewable Energy - Hydrogen Production;In the first phase, from 2020 up to 2024, the strategic objective is to install at least 6 GW of renewable hydrogen electrolysers in the EU. In the second phase, from 2025 up to 2030, the strategic objective is to install at least 40 GW of renewable hydrogen electrolysers. A Hydrogen Strategy for a climate-neutral Europe;-;1;The implementation of TA2.4, which aims to double the current deployment rate of individual heat pumps, may have a negative impact on TA4.20, which targets the installation of renewable hydrogen electrolysers. By promoting the use of heat pumps, TA2.4 may lead to decreased demand for renewable hydrogen, thus hindering the achievement of TA4.20.
TA2	;TA2.25;Energy Efficiency - Buildings;Reduce buildings final energy consumption by 14%;TA4.5;Biofuels;Aviation fuel suppliers shall also ensure that Sustainable Aviation Fuel (SAF) made available to aircraft operators at each Union airport will be at least 2% from 2025, 6% from 2030, 20% from 2035, 34% from 2040, 42% from 2045 and 70% from 2050. Regulation (EU) 2023/2405;-;1;The implementation of TA2.25, which aims to reduce buildings' final energy consumption, may have a negative impact on TA4.5, which targets the use of Sustainable Aviation Fuels (SAF). By reducing energy consumption, TA2.25 may lead to decreased demand for SAF, thus hindering the achievement of TA4.5.
TA2	;TA2.1;Renewable Energy - Hydrogen Production;REPowerEU sets a target of 10 million tonnes of domestic renewable hydrogen production and 10 million tonnes of renewable hydrogen imports by 2030;TA1.3;GHG Reduction;Reduce by at least 55% net GHG emissions compared to 1990 levels, by 2030;+;1;The implementation of TA2.1 may enable the achievement of TA1.3, as increasing renewable hydrogen production and imports may not be sufficient to achieve the GHG emissions reduction target.
TA2	;TA2.1;Renewable Energy - Hydrogen Production;REPowerEU sets a target of 10 million tonnes of domestic renewable hydrogen production and 10 million tonnes of renewable hydrogen imports by 2030;TA1.3;GHG Reduction;Reduce by at least 55% net GHG emissions compared to 1990 levels, by 2030;+;2;The implementation of TA2.1 will aid in the achievement of TA1.3 by increasing the production and import of renewable hydrogen.
TA2	;TA2.10;Renewable Energy;Member States shall set an indicative target for innovative renewable energy technology of at least 5% of newly installed renewable energy capacity by 2030;TA1.3;GHG Reduction;Reduce by at least 55% net GHG emissions compared to 1990 levels, by 2030;+;1;The implementation of TA2.10 may enable the achievement of TA1.3, as increasing the share of innovative renewable energy technologies may not be sufficient to achieve the GHG emissions reduction target.
TA2	;TA2.10;Renewable Energy;Member States shall set an indicative target for innovative renewable energy technology of at least 5% of newly installed renewable energy capacity by 2030;TA1.3;GHG Reduction;Reduce by at least 55% net GHG emissions compared to 1990 levels, by 2030;+;1;The implementation of TA2.10 will contribute to the achievement of TA1.3 by increasing the share of innovative renewable energy technologies.
TA2	;TA2.11;Renewable Energy;By 31 December 2025, each Member State shall agree to establish a framework for cooperation on joint projects with one or more other Member States for the production of renewable energy;TA1.3;GHG Reduction;Reduce by at least 55% net GHG emissions compared to 1990 levels, by 2030;+;1;The implementation of TA2.11 may enable the achievement of TA1.3, as cooperation on renewable energy production may not be sufficient to achieve the GHG emissions reduction target.
TA2	;TA2.11;Renewable Energy;By 31 December 2025, each Member State shall agree to establish a framework for cooperation on joint projects with one or more other Member States for the production of renewable energy;TA1.3;GHG Reduction;Reduce by at least 55% net GHG emissions compared to 1990 levels, by 2030;+;1;The implementation of TA2.11 will contribute to the achievement of TA1.3 by increasing cooperation on renewable energy production.
TA2	;TA2.13;Renewable Energy;The amount of renewable fuels and renewable electricity supplied to the transport sector leads to a: (i) share of renewable energy within the final consumption of energy in the transport sector of at least 29 % by 2030;TA1.3;GHG Reduction;Reduce by at least 55% net GHG emissions compared to 1990 levels, by 2030;+;1;The implementation of TA2.13 may enable the achievement of TA1.3, as increasing the share of renewable energy in transport may not be sufficient to achieve the GHG emissions reduction target.
TA2	;TA2.13;Renewable Energy;The amount of renewable fuels and renewable electricity supplied to the transport sector leads to a: (i) share of renewable energy within the final consumption of energy in the transport sector of at least 29 % by 2030;TA1.3;GHG Reduction;Reduce by at least 55% net GHG emissions compared to 1990 levels, by 2030;+;2;The implementation of TA2.13 will aid in the achievement of TA1.3 by increasing the share of renewable energy in the transport sector.
TA2	;TA2.14;Renewable Energy - Heating & Cooling;Each Member State shall increase the share of renewable energy in the heating and cooling sector by at least 0.8 percentage points as an annual average calculated for the period 2021 to 2025;TA1.3;GHG Reduction;Reduce by at least 55% net GHG emissions compared to 1990 levels, by 2030;+;1;The implementation of TA2.14 may enable the achievement of TA1.3, as increasing the share of renewable energy in heating and cooling may not be sufficient to achieve the GHG emissions reduction target.
TA2	;TA2.14;Renewable Energy - Heating & Cooling;Each Member State shall increase the share of renewable energy in the heating and cooling sector by at least 0.8 percentage points as an annual average calculated for the period 2021 to 2025;TA1.3;GHG Reduction;Reduce by at least 55% net GHG emissions compared to 1990 levels, by 2030;+;1;The implementation of TA2.14 will contribute to the achievement of TA1.3 by increasing the share of renewable energy in the heating and cooling sector.
TA2	;TA2.15;Renewable Energy;By 2022, achieve 18% of the total increase in the share of energy from renewable sources between that Member State  binding 2020 national target, and its contribution to the 2030 target;TA1.3;GHG Reduction;Reduce by at least 55% net GHG emissions compared to 1990 levels, by 2030;+;1;The implementation of TA2.15 may enable the achievement of TA1.3, as increasing the share of renewable energy may not be sufficient to achieve the GHG emissions reduction target.
TA2	;TA2.15;Renewable Energy;By 2022, achieve 18% of the total increase in the share of energy from renewable sources between that Member State‚Äö√Ñ√¥s binding 2020 national target, and its contribution to the 2030 target;TA1.3;GHG Reduction;Reduce by at least 55% net GHG emissions compared to 1990 levels, by 2030;+;1;The implementation of TA2.15 will contribute to the achievement of TA1.3 by increasing the share of renewable energy.
TA2	;TA2.16;Renewable Energy;Member States shall endeavour to increase the share of renewable sources in the amount of energy sources used for final energy and non-energy purposes in the industry sector by an indicative increase of at least 1.6 percentage points;TA1.3;GHG Reduction;Reduce by at least 55% net GHG emissions compared to 1990 levels, by 2030;+;1;The implementation of TA2.16 may enable the achievement of TA1.3, as increasing the share of renewable energy in industry may not be sufficient to achieve the GHG emissions reduction target.
TA2	;TA2.16;Renewable Energy;Member States shall endeavour to increase the share of renewable sources in the amount of energy sources used for final energy and non-energy purposes in the industry sector by an indicative increase of at least 1.6 percentage points;TA1.3;GHG Reduction;Reduce by at least 55% net GHG emissions compared to 1990 levels, by 2030;+;1;The implementation of TA2.16 will contribute to the achievement of TA1.3 by increasing the share of renewable energy in the industry sector.
TA2	;TA2.17;Energy Infrastructure;A target of 15% electricity interconnection for 2030;TA1.3;GHG Reduction;Reduce by at least 55% net GHG emissions compared to 1990 levels, by 2030;+;1;The implementation of TA2.17 may enable the achievement of TA1.3, as increasing electricity interconnection may not be sufficient to achieve the GHG emissions reduction target.
TA2	;TA2.17;Energy Infrastructure;A target of 15% electricity interconnection for 2030;TA1.3;GHG Reduction;Reduce by at least 55% net GHG emissions compared to 1990 levels, by 2030;+;1;The implementation of TA2.17 will contribute to the achievement of TA1.3 by increasing electricity interconnection.
TA2	;TA2.18;Renewable Energy - Heating & Cooling;Indicative target of at least a 49% share of energy from renewable sources in the building sector in the Union  final energy consumption in buildings in 2030;TA1.3;GHG Reduction;Reduce by at least 55% net GHG emissions compared to 1990 levels, by 2030;+;1;The implementation of TA2.18 may enable the achievement of TA1.3, as increasing the share of renewable energy in buildings may not be sufficient to achieve the GHG emissions reduction target.
TA2	;TA2.18;Renewable Energy - Heating & Cooling;Indicative target of at least a 49% share of energy from renewable sources in the building sector in the Union‚Äö√Ñ√¥s final energy consumption in buildings in 2030;TA1.3;GHG Reduction;Reduce by at least 55% net GHG emissions compared to 1990 levels, by 2030;+;1;The implementation of TA2.18 will contribute to the achievement of TA1.3 by increasing the share of renewable energy in the building sector.
TA2	;TA2.2;Renewable Energy;Set up at least one renewables-based energy community in every municipality with a population higher than 10.000 by 2025;TA1.3;GHG Reduction;Reduce by at least 55% net GHG emissions compared to 1990 levels, by 2030;+;1;The implementation of TA2.2 may enable the achievement of TA1.3, as setting up renewables-based energy communities may not be sufficient to achieve the GHG emissions reduction target.
TA2	;TA2.2;Renewable Energy;Set up at least one renewables-based energy community in every municipality with a population higher than 10.000 by 2025;TA1.3;GHG Reduction;Reduce by at least 55% net GHG emissions compared to 1990 levels, by 2030;+;1;The implementation of TA2.2 will contribute to the achievement of TA1.3 by increasing the number of renewables-based energy communities.
TA2	;TA2.21;Energy Efficiency;Member States shall ensure that the total final energy consumption of all public bodies combined is reduced by at least 1.9% each year, when compared to 2021;TA1.3;GHG Reduction;Reduce by at least 55% net GHG emissions compared to 1990 levels, by 2030;+;1;The implementation of TA2.21 may enable the achievement of TA1.3, as reducing energy consumption in public bodies may not be sufficient to achieve the GHG emissions reduction target.
TA2	;TA2.21;Energy Efficiency;Member States shall ensure that the total final energy consumption of all public bodies combined is reduced by at least 1.9% each year, when compared to 2021;TA1.3;GHG Reduction;Reduce by at least 55% net GHG emissions compared to 1990 levels, by 2030;+;1;The implementation of TA2.21 will contribute to the achievement of TA1.3 by reducing the energy consumption of public bodies.
TA2	;TA2.22;Energy Efficiency;Member States shall collectively ensure a reduction of energy consumption of at least 11.7% in 2030 compared to the projections of the 2020 EU Reference Scenario;TA1.3;GHG Reduction;Reduce by at least 55% net GHG emissions compared to 1990 levels, by 2030;+;2;The implementation of TA2.22 may help the achievement of TA1.3, as reducing energy consumption may not be sufficient to achieve the GHG emissions reduction target.
TA2	;TA2.22;Energy Efficiency;Member States shall collectively ensure a reduction of energy consumption of at least 11.7% in 2030 compared to the projections of the 2020 EU Reference Scenario;TA1.3;GHG Reduction;Reduce by at least 55% net GHG emissions compared to 1990 levels, by 2030;+;2;The implementation of TA2.22 will aid in the achievement of TA1.3 by reducing energy consumption and thus lowering GHG emissions.
TA2	;TA2.23;Energy Efficiency;Member States shall make efforts to collectively contribute to the indicative Union primary energy consumption target amounting to no more than 992.5 Mtoe in 2030;TA1.3;GHG Reduction;Reduce by at least 55% net GHG emissions compared to 1990 levels, by 2030;+;1;The implementation of TA2.23 may enable the achievement of TA1.3, as reducing primary energy consumption may not be sufficient to achieve the GHG emissions reduction target.
TA2	;TA2.23;Energy Efficiency;Member States shall make efforts to collectively contribute to the indicative Union primary energy consumption target amounting to no more than 992.5 Mtoe in 2030;TA1.3;GHG Reduction;Reduce by at least 55% net GHG emissions compared to 1990 levels, by 2030;+;1;The implementation of TA2.23 will contribute to the achievement of TA1.3 by reducing primary energy consumption.
TA2	;TA2.24;Energy Efficiency - Buildings;Each Member State shall ensure that at least 3% of the total floor area of heated and/or cooled buildings is renovated each year to be transformed into at least nearly zero-energy buildings;TA1.3;GHG Reduction;Reduce by at least 55% net GHG emissions compared to 1990 levels, by 2030;+;1;The implementation of TA2.24 may enable the achievement of TA1.3, as renovating buildings may not be sufficient to achieve the GHG emissions reduction target.
TA2	;TA2.24;Energy Efficiency - Buildings;Each Member State shall ensure that at least 3% of the total floor area of heated and/or cooled buildings is renovated each year to be transformed into at least nearly zero-energy buildings;TA1.3;GHG Reduction;Reduce by at least 55% net GHG emissions compared to 1990 levels, by 2030;+;1;The implementation of TA2.24 will contribute to the achievement of TA1.3 by increasing the renovation of buildings.
TA2	;TA2.25;Energy Efficiency - Buildings;Reduce buildings final energy consumption by 14%;TA1.3;GHG Reduction;Reduce by at least 55% net GHG emissions compared to 1990 levels, by 2030;+;1;The implementation of TA2.25 may enable the achievement of TA1.3, as reducing final energy consumption in buildings may not be sufficient to achieve the GHG emissions reduction target.
TA2	;TA2.25;Energy Efficiency - Buildings;Reduce buildings‚Äö√Ñ√¥ final energy consumption by 14%;TA1.3;GHG Reduction;Reduce by at least 55% net GHG emissions compared to 1990 levels, by 2030;+;1;The implementation of TA2.25 will contribute to the achievement of TA1.3 by reducing buildings' energy consumption.
TA2	;TA2.26;Energy Efficiency - Buildings;At least double the annual energy renovation rate of residential and non-residential buildings by 2030;TA1.3;GHG Reduction;Reduce by at least 55% net GHG emissions compared to 1990 levels, by 2030;+;1;The implementation of TA2.26 may enable the achievement of TA1.3, as increasing the energy renovation rate may not be sufficient to achieve the GHG emissions reduction target.
TA2	;TA2.26;Energy Efficiency - Buildings;At least double the annual energy renovation rate of residential and non-residential buildings by 2030;TA1.3;GHG Reduction;Reduce by at least 55% net GHG emissions compared to 1990 levels, by 2030;+;2;The implementation of TA2.26 will aid in the achievement of TA1.3 by increasing the energy renovation rate of buildings.
TA2	;TA2.28;Energy Efficiency - Buildings;Reduce buildings energy consumption for heating and cooling by 18% compared to 2015 levels by 2030;TA1.3;GHG Reduction;Reduce by at least 55% net GHG emissions compared to 1990 levels, by 2030;+;1;The implementation of TA2.28 may enable the achievement of TA1.3, as reducing energy consumption for heating and cooling may not be sufficient to achieve the GHG emissions reduction target.
TA2	;TA2.28;Energy Efficiency - Buildings;Reduce buildings‚Äö√Ñ√¥ energy consumption for heating and cooling by 18% compared to 2015 levels by 2030;TA1.3;GHG Reduction;Reduce by at least 55% net GHG emissions compared to 1990 levels, by 2030;+;1;The implementation of TA2.28 will contribute to the achievement of TA1.3 by reducing buildings' energy consumption for heating and cooling.
TA2	;TA2.29;Energy Efficiency - Buildings;Member states will have to renovate 16% of worst-performing non-residential buildings by 2030;TA1.3;GHG Reduction;Reduce by at least 55% net GHG emissions compared to 1990 levels, by 2030;+;1;The implementation of TA2.29 may enable the achievement of TA1.3, as renovating non-residential buildings may not be sufficient to achieve the GHG emissions reduction target.
TA2	;TA2.29;Energy Efficiency - Buildings;Member states will have to renovate 16% of worst-performing non-residential buildings by 2030;TA1.3;GHG Reduction;Reduce by at least 55% net GHG emissions compared to 1990 levels, by 2030;+;1;The implementation of TA2.29 will contribute to the achievement of TA1.3 by increasing the renovation of non-residential buildings.
TA2	;TA2.3;Renewable Energy - Hydrogen Production;Member States shall ensure that the contribution of renewable fuels of non-biological origin used for final energy and non-energy purposes shall be at least 42% of the hydrogen used for final energy and non-energy purposes in industry by 2030;TA1.3;GHG Reduction;Reduce by at least 55% net GHG emissions compared to 1990 levels, by 2030;+;1;The implementation of TA2.3 may enable the achievement of TA1.3, as increasing the share of renewable fuels of non-biological origin may not be sufficient to achieve the GHG emissions reduction target.
TA2	;TA2.3;Renewable Energy - Hydrogen Production;Member States shall ensure that the contribution of renewable fuels of non-biological origin used for final energy and non-energy purposes shall be at least 42% of the hydrogen used for final energy and non-energy purposes in industry by 2030;TA1.3;GHG Reduction;Reduce by at least 55% net GHG emissions compared to 1990 levels, by 2030;+;1;The implementation of TA2.3 will contribute to the achievement of TA1.3 by increasing the share of renewable fuels of non-biological origin.
TA2	;TA2.33;Energy Efficiency - Buildings;The national measures will have to ensure that at least 55% of the decrease of the average primary energy use is achieved through the renovation of the worst-performing buildings;TA1.3;GHG Reduction;Reduce by at least 55% net GHG emissions compared to 1990 levels, by 2030;+;1;The implementation of TA2.33 may enable the achievement of TA1.3, as renovating the worst-performing buildings may not be sufficient to achieve the GHG emissions reduction target.
TA2	;TA2.33;Energy Efficiency - Buildings;The national measures will have to ensure that at least 55% of the decrease of the average primary energy use is achieved through the renovation of the worst-performing buildings;TA1.3;GHG Reduction;Reduce by at least 55% net GHG emissions compared to 1990 levels, by 2030;+;2;The implementation of TA2.33 will aid in the achievement of TA1.3 by increasing the renovation of worst-performing buildings.
TA2	;TA2.34;Energy Efficiency - Buildings;Member States shall ensure that the average primary energy use of the entire residential building stock decreases by at least 16% compared to 2020 by 2030;TA1.3;GHG Reduction;Reduce by at least 55% net GHG emissions compared to 1990 levels, by 2030;+;1;The implementation of TA2.34 may enable the achievement of TA1.3, as reducing primary energy use in residential buildings may not be sufficient to achieve the GHG emissions reduction target.
TA2	;TA2.34;Energy Efficiency - Buildings;Member States shall ensure that the average primary energy use of the entire residential building stock decreases by at least 16% compared to 2020 by 2030;TA1.3;GHG Reduction;Reduce by at least 55% net GHG emissions compared to 1990 levels, by 2030;+;1;The implementation of TA2.34 will contribute to the achievement of TA1.3 by reducing the primary energy use of residential buildings.
TA2	;TA2.37;Renewable Energy;By 2030, the share of renewable energy in the electricity mix should double to 55-60%;TA1.3;GHG Reduction;Reduce by at least 55% net GHG emissions compared to 1990 levels, by 2030;+;2;The implementation of TA2.37 may help the achievement of TA1.3, as increasing the share of renewable energy in the electricity mix may not be sufficient to achieve the GHG emissions reduction target.
TA2	;TA2.37;Renewable Energy;By 2030, the share of renewable energy in the electricity mix should double to 55-60%;TA1.3;GHG Reduction;Reduce by at least 55% net GHG emissions compared to 1990 levels, by 2030;+;2;The implementation of TA2.37 will aid in the achievement of TA1.3 by increasing the share of renewable energy in the electricity mix.
TA2	;TA2.38;Renewable Energy - Ocean/Offshore;Cumulative EU offshore goals of installed capacity: 60 GW by 2030 and 300 GW by 2050;TA1.3;GHG Reduction;Reduce by at least 55% net GHG emissions compared to 1990 levels, by 2030;+;1;The implementation of TA2.38 may enable the achievement of TA1.3, as increasing offshore wind capacity may not be sufficient to achieve the GHG emissions reduction target.
TA2	;TA2.38;Renewable Energy - Ocean/Offshore;Cumulative EU offshore goals of installed capacity: 60 GW by 2030 and 300 GW by 2050;TA1.3;GHG Reduction;Reduce by at least 55% net GHG emissions compared to 1990 levels, by 2030;+;2;The implementation of TA2.38 will aid in the achievement of TA1.3 by increasing the offshore wind capacity.
TA2	;TA2.39;Renewable Energy - Ocean/Offshore;The strategy sets targets for an installed capacity of at least 1 GW of ocean energy by 2030 and 40 GW by 2050;TA1.3;GHG Reduction;Reduce by at least 55% net GHG emissions compared to 1990 levels, by 2030;+;1;The implementation of TA2.39 may enable the achievement of TA1.3, as increasing ocean energy capacity may not be sufficient to achieve the GHG emissions reduction target.
TA2	;TA2.39;Renewable Energy - Ocean/Offshore;The strategy sets targets for an installed capacity of at least 1 GW of ocean energy by 2030 and 40 GW by 2050;TA1.3;GHG Reduction;Reduce by at least 55% net GHG emissions compared to 1990 levels, by 2030;+;1;The implementation of TA2.39 will contribute to the achievement of TA1.3 by increasing the ocean energy capacity.
TA2	;TA2.4;Energy Efficiency - Buildings;Double the current deployment rate of individual heat pumps, resulting in a cumulative 10 million units by 2027 and 30 million units by 2030;TA1.3;GHG Reduction;Reduce by at least 55% net GHG emissions compared to 1990 levels, by 2030;+;1;The implementation of TA2.4 may enable the achievement of TA1.3, as increasing the deployment rate of heat pumps may not be sufficient to achieve the GHG emissions reduction target.
TA2	;TA2.4;Energy Efficiency - Buildings;Double the current deployment rate of individual heat pumps, resulting in a cumulative 10 million units by 2027 and 30 million units by 2030;TA1.3;GHG Reduction;Reduce by at least 55% net GHG emissions compared to 1990 levels, by 2030;+;2;The implementation of TA2.4 will aid in the achievement of TA1.3 by increasing the deployment of heat pumps.
TA2	;TA2.40;Renewable Energy - Hydrogen Production;Around 30% of EU primary steel production is expected to be decarbonised on the basis of renewable hydrogen;TA1.3;GHG Reduction;Reduce by at least 55% net GHG emissions compared to 1990 levels, by 2030;+;1;The implementation of TA2.40 may enable the achievement of TA1.3, as decarbonising steel production may not be sufficient to achieve the GHG emissions reduction target.
TA2	;TA2.40;Renewable Energy - Hydrogen Production;Around 30% of EU primary steel production is expected to be decarbonised on the basis of renewable hydrogen;TA1.3;GHG Reduction;Reduce by at least 55% net GHG emissions compared to 1990 levels, by 2030;+;1;The implementation of TA2.40 will contribute to the achievement of TA1.3 by increasing the decarbonisation of steel production.
TA2	;TA2.41;Energy Efficiency;Member States are required to achieve cumulative end-use energy savings from 2021 to 2030, equivalent to new annual savings of at least 0.8% of final energy consumption in 2021-2023, at least 1.3% in 2024-2025, 1.5% in 2026-2027 and 1.9% in 2028-2030;TA1.3;GHG Reduction;Reduce by at least 55% net GHG emissions compared to 1990 levels, by 2030;+;2;The implementation of TA2.41 may help the achievement of TA1.3, as increasing energy savings may lead to increased energy demand, which could hinder the reduction of GHG emissions.
TA2	;TA2.41;Energy Efficiency;Member States are required to achieve cumulative end-use energy savings from 2021 to 2030, equivalent to new annual savings of at least 0.8% of final energy consumption in 2021-2023, at least 1.3% in 2024-2025, 1.5% in 2026-2027 and 1.9% in 2028-2030. Directive (EU) 2023/1791;TA1.3;GHG Reduction;Reduce by at least 55% net GHG emissions compared to 1990 levels, by 2030;+;2;The implementation of TA2.41 will aid in the achievement of TA1.3 by reducing energy consumption and thus lowering GHG emissions.
TA2	;TA2.5;Renewable Energy - Solar;Bring online over 320 GW of solar photovoltaic by 2025 and almost 600 GW by 2030;TA1.3;GHG Reduction;Reduce by at least 55% net GHG emissions compared to 1990 levels, by 2030;+;1;The implementation of TA2.5 may enable the achievement of TA1.3, as increasing solar photovoltaic capacity may not be sufficient to achieve the GHG emissions reduction target.
TA2	;TA2.5;Renewable Energy - Solar;Bring online over 320 GW of solar photovoltaic by 2025 and almost 600 GW by 2030;TA1.3;GHG Reduction;Reduce by at least 55% net GHG emissions compared to 1990 levels, by 2030;+;2;The implementation of TA2.5 will aid in the achievement of TA1.3 by increasing the solar photovoltaic capacity.
TA2	;TA2.6;Renewable Energy - Heating & Cooling;Energy demand to be covered by solar heat and geothermal should at least triple;TA1.3;GHG Reduction;Reduce by at least 55% net GHG emissions compared to 1990 levels, by 2030;+;1;The implementation of TA2.6 may enable the achievement of TA1.3, as increasing the share of solar heat and geothermal may not be sufficient to achieve the GHG emissions reduction target.
TA2	;TA2.6;Renewable Energy - Heating & Cooling;Energy demand to be covered by solar heat and geothermal should at least triple;TA1.3;GHG Reduction;Reduce by at least 55% net GHG emissions compared to 1990 levels, by 2030;+;2;The implementation of TA2.6 will aid in the achievement of TA1.3 by increasing the energy demand covered by solar heat and geothermal.
TA2	;TA2.7;Renewable Energy - Solar;Over this decade, the EU will need to install, on average, approximately 45 GW per year of PV to reach the share of 45% of energy coming from renewables;TA1.3;GHG Reduction;Reduce by at least 55% net GHG emissions compared to 1990 levels, by 2030;+;1;The implementation of TA2.7 may enable the achievement of TA1.3, as increasing PV installation may not be sufficient to achieve the GHG emissions reduction target.
TA2	;TA2.7;Renewable Energy - Solar;Over this decade, the EU will need to install, on average, approximately 45 GW per year of PV to reach the share of 45% of energy coming from renewables;TA1.3;GHG Reduction;Reduce by at least 55% net GHG emissions compared to 1990 levels, by 2030;+;1;The implementation of TA2.7 will contribute to the achievement of TA1.3 by increasing the solar photovoltaic capacity.
TA2	;TA2.9;Renewable Energy;Member States shall collectively ensure that the share of energy from renewable sources in the Union  gross final consumption of energy in 2030 is at least 42.5%;TA1.3;GHG Reduction;Reduce by at least 55% net GHG emissions compared to 1990 levels, by 2030;+;2;The implementation of TA2.9 may help the achievement of TA1.3, as increasing the share of renewable energy may not be sufficient to achieve the GHG emissions reduction target.
TA2	;TA2.9;Renewable Energy;Member States shall collectively ensure that the share of energy from renewable sources in the Union‚Äö√Ñ√¥s gross final consumption of energy in 2030 is at least 42.5%;TA1.3;GHG Reduction;Reduce by at least 55% net GHG emissions compared to 1990 levels, by 2030;+;2;The implementation of TA2.9 will aid in the achievement of TA1.3 by increasing the share of renewable energy in the energy mix.
TA2	;TA2.41;Energy Efficiency;Member States are required to achieve cumulative end-use energy savings from 2021 to 2030, equivalent to new annual savings of at least 0.8% of final energy consumption in 2021-2023, at least 1.3% in 2024-2025, 1.5% in 2026-2027 and 1.9% in 2028-2030;TA4.1;Biofuels;Achieve an annual production of sustainable biomethane of 35 billion cubic meters by 2030;+;1;The implementation of TA2.41, which aims to achieve cumulative end-use energy savings, may have a positive impact on TA4.1, which targets the production of sustainable biomethane. By reducing energy consumption, TA2.41 can lead to increased availability of biomass for biomethane production, thus supporting the achievement of TA4.1.
TA2	;TA2.5;Renewable Energy - Solar;Bring online over 320 GW of solar photovoltaic by 2025 and almost 600 GW by 2030;TA4.11;Transport Logistics;Reduce the average door-to-door cost of combined transport operations by at least 10% within 7 years Proposal for a Directive to support framework for intermodal transport of goods;+;1;The implementation of TA2.5, which aims to bring online solar photovoltaic capacity, may have a positive impact on TA4.11, which targets the reduction of the average door-to-door cost of combined transport operations. By increasing the availability of renewable energy, TA2.5 can support the achievement of TA4.11.
TA2	;TA2.2;Renewable Energy;Set up at least one renewables-based energy community in every municipality with a population higher than 10.000 by 2025;TA4.13;Net-Zero Technology - Road Vehicles;For [...] urban buses manufacturers shall comply with the 90% (in the reporting period 2030-2034) and 100% (as from 2035) minimum shares in their fleet of new heavy-duty vehicles Regulation (EU) 2024/1610;+;1;The implementation of TA2.2, which aims to set up renewables-based energy communities, may have a positive impact on TA4.13, which targets the minimum shares of new heavy-duty vehicles. By promoting the use of renewable energy, TA2.2 can support the achievement of TA4.13.
TA2	;TA2.26;Energy Efficiency - Buildings;At least double the annual energy renovation rate of residential and non-residential buildings by 2030;TA4.19;Energy Efficiency;The yearly quantity of aviation fuel uplifted by a given aircraft operator at a given Union airport shall be at least 90% of the yearly aviation fuel required, to avoid tankering practices which would bring additional emissions from extra weight. Regulation (EU) 2023/2405;+;1;The implementation of TA2.26, which aims to double the annual energy renovation rate of residential and non-residential buildings, may have a positive impact on TA4.19, which targets the provision of electricity supply to stationary aircraft. By increasing the renovation rate, TA2.26 can lead to increased adoption of energy-efficient technologies, thus supporting the achievement of TA4.19.
TA2	;TA2.10;Renewable Energy;Member States shall set an indicative target for innovative renewable energy technology of at least 5% of newly installed renewable energy capacity by 2030;TA4.25;Energy Infrastructure;Member States shall ensure that, at the end of each year, the following power output targets are met cumulatively: (a) for each light-duty battery electric vehicle registered in their territory, a total power output of at least 1.3 kW is provided through publicly accessible recharging stations, and (b) for each light-duty plug-in hybrid vehicle registered in their territory, a total power output of at least 0.80 kW is provided through publicly accessible recharging stations. Regulation (EU) 2023/1804;+;2;The implementation of TA2.10, which sets an indicative target for innovative renewable energy technology, may have a positive impact on TA4.25, which targets the power output of publicly accessible recharging stations. By promoting innovative renewable energy technologies, TA2.10 can support the achievement of TA4.25.
TA2	;TA2.7;Renewable Energy - Solar;Over this decade, the EU will need to install, on average, approximately 45 GW per year of PV to reach the share of 45% of energy coming from renewables;TA4.27;Energy Infrastructure;Member States shall ensure that, by 31 December 2030 (with intermediate 2025 and 2027 targets), along the TEN-T core road network, publicly accessible recharging pools dedicated to heavy-duty electric vehicles are deployed in each direction of travel with a maximum distance of 60 km between them [...]. Along the TEN-T comprehensive road network, recharging pools dedicated to heavy-duty electric vehicles are deployed in each direction of travel with a maximum distance of 100 km between them and each recharging pool offers a power output of at least 1.500 kW and includes at least one recharging point with an individual power output of at least 350 kW. Regulation (EU) 2023/1804;+;1;The implementation of TA2.7, which aims to install solar photovoltaic capacity, may have a positive impact on TA4.27, which targets the deployment of publicly accessible recharging points for heavy-duty electric vehicles. By increasing the availability of renewable energy, TA2.7 can support the achievement of TA4.27.
TA2	;TA2.37;Renewable Energy;By 2030, the share of renewable energy in the electricity mix should double to 55-60%;TA4.30;Hydrogen Distribution;Member States shall ensure that, by 31 December 2030, at least one publicly accessible hydrogen refuelling station is deployed in each urban node. Regulation (EU) 2023/1804;+;1;The implementation of TA2.37, which aims to increase the share of renewable energy in the electricity mix, may have a positive impact on TA4.30, which targets the deployment of publicly accessible hydrogen refuelling stations. By increasing the share of renewable energy, TA2.37 can support the achievement of TA4.30.
TA2	;TA2.3;Renewable Energy - Hydrogen Production;Member States shall ensure that the contribution of renewable fuels of non-biological origin used for final energy and non-energy purposes shall be at least 42% of the hydrogen used for final energy and non-energy purposes in industry by 2030;TA4.31;Hydrogen Distribution;Member States shall ensure that, by 31 December 2030, publicly accessible hydrogen refuelling stations with a total capacity of at least 1 tonne per day, and equipped with at least a 700 bar dispenser, are deployed at least every 200 km along the TEN-T (Trans-European Transport Network) core network Regulation (EU) 2023/1804;+;1;The implementation of TA2.3, which aims to ensure the contribution of renewable fuels of non-biological origin, may have a positive impact on TA4.31, which targets the deployment of publicly accessible hydrogen refuelling stations with a total capacity of at least 1 tonne per day. By promoting the use of renewable fuels, TA2.3 can support the achievement of TA4.31.
TA2	;TA2.40;Renewable Energy - Hydrogen Production;Around 30% of EU primary steel production is expected to be decarbonised on the basis of renewable hydrogen;TA4.32;Energy Efficiency;States shall ensure that, at all airports of the TEN-T core network and TEN-T comprehensive network, the provision of electricity supply to stationary aircraft is ensured by 31 December 2029, at all aircraft remote stands used for commercial air transport operations to embark or disembark passengers or to load or unload goods Regulation (EU) 2023/1804;+;1;The implementation of TA2.40, which aims to decarbonize primary steel production, may have a positive impact on TA4.32, which targets the deployment of shore-side electricity supply to inland waterway vessels. By promoting the use of renewable hydrogen, TA2.40 can support the achievement of TA4.32.
TA2	;TA2.17;Energy Infrastructure;A target of 15% electricity interconnection for 2030;TA4.33;Energy Efficiency;Member States shall ensure that at least one installation providing shore-side electricity supply to inland waterway vessels is deployed at all TEN-T core inland waterway ports by 1 January 2025, at least one installation providing shore-side electricity supply to inland waterway vessels is deployed at all TEN-T comprehensive inland waterway ports by 1 January 2030. Regulation (EU) 2023/1804;+;1;The implementation of TA2.17, which aims to achieve a target of 15% electricity interconnection, may have a positive impact on TA4.33, which targets the deployment of shore-side electricity supply to inland waterway vessels. By increasing electricity interconnection, TA2.17 can support the achievement of TA4.33.
TA2	;TA2.1;Renewable Energy - Hydrogen Production;REPowerEU sets a target of 10 million tonnes of domestic renewable hydrogen production and 10 million tonnes of renewable hydrogen imports by 2030;TA4.55;Urban Mobility;Zero-emission in urban logistics The new EU Urban Mobility Framework.;+;1;The implementation of TA2.1, which aims to set a target for domestic renewable hydrogen production and imports, may have a positive impact on TA4.55, which targets zero-emission in urban logistics. By increasing the availability of renewable hydrogen, TA2.1 can support the achievement of TA4.55.
TA2	;TA2.14;Renewable Energy - Heating & Cooling;Each Member State shall increase the share of renewable energy in the heating and cooling sector by at least 0.8 percentage points as an annual average calculated for the period 2021 to 2025;TA4.6;Other Low-Carbon Fuels;Of the SAF targets reported above, synthetic aviation fuels should represent a minimum share of 1.2% from 2030, 5% from 2035, 10% from 2034, 15% from 2045, and 35% from 2050. Regulation (EU) 2023/2405;+;1;The implementation of TA2.14, which aims to increase the share of renewable energy in the heating and cooling sector, may have a positive impact on TA4.6, which targets the share of synthetic aviation fuels. By increasing the share of renewable energy, TA2.14 can support the achievement of TA4.6.
TA2	;TA2.21;Energy Efficiency;Member States shall ensure that the total final energy consumption of all public bodies combined is reduced by at least 1.9% each year, when compared to 2021;TA4.7;Biofuels;Each Member State shall set an obligation on fuel suppliers to ensure that: (B) the combined share of advanced biofuels and biogas produced from the feedstock listed in Part A of Annex IX and of renewable fuels of non-biological origin in the energy supplied to the transport sector is at least 1% in 2025 and 5.5% in 2030, of which a share of at least 1 percentage point is from renewable fuels of non-biological origin in 2030. Directive (EU) 2023/2413;+;1;The implementation of TA2.21, which aims to reduce the total final energy consumption of public bodies, may have a positive impact on TA4.7, which sets an obligation on fuel suppliers to ensure a combined share of advanced biofuels and biogas. By reducing energy consumption, TA2.21 can lead to increased demand for alternative fuels, thus supporting the achievement of TA4.7.
TA2	;TA2.9;Renewable Energy;Member States shall collectively ensure that the share of energy from renewable sources in the Union  gross final consumption of energy in 2030 is at least 42.5%;TA4.9;GHG Reduction - Transports;Cut the emissions of transport sector by 90% by 2050 relative to 1990. Sustainable and Smart Mobility Strategy;+;2;The implementation of TA2.9, which aims to increase the share of energy from renewable sources, may have a positive impact on TA4.9, which targets the reduction of emissions from the transport sector. By increasing the share of renewable energy, TA2.9 can support the achievement of TA4.9.
TA2	;TA2.1;Renewable Energy - Hydrogen Production;REPowerEU sets a target of 10 million tonnes of domestic renewable hydrogen production and 10 million tonnes of renewable hydrogen imports by 2030;TA5.11;Biodiversity Protection & Conservation;Biodiversity conservation and restoration of natural resources: Protect the environment and restore natural resources. Preserve biodiversity and reduce biodiversity loss.;+;2;The target of 10 million tonnes of domestic renewable hydrogen production and 10 million tonnes of renewable hydrogen imports, as mentioned in TA2.1, can reinforce the objectives of TA5.11 by promoting sustainable energy production, reducing energy consumption, and conserving biodiversity.
TA2	;TA2.10;Renewable Energy;Member States shall set an indicative target for innovative renewable energy technology of at least 5% of newly installed renewable energy capacity by 2030;TA5.11;Biodiversity Protection & Conservation;Biodiversity conservation and restoration of natural resources: Protect the environment and restore natural resources. Preserve biodiversity and reduce biodiversity loss.;+;1;The promotion of innovative renewable energy technologies, as outlined in TA2.10, can contribute to the conservation of biodiversity, as stated in TA5.11, by promoting sustainable energy production and reducing the environmental footprint of the food system.
TA2	;TA2.11;Renewable Energy;By 31 December 2025, each Member State shall agree to establish a framework for cooperation on joint projects with one or more other Member States for the production of renewable energy;TA5.11;Biodiversity Protection & Conservation;Biodiversity conservation and restoration of natural resources: Protect the environment and restore natural resources. Preserve biodiversity and reduce biodiversity loss.;+;2;The cooperation on joint projects for renewable energy production, as stated in TA2.11, can reinforce the objectives of TA5.11 by promoting sustainable energy production, reducing energy consumption, and supporting biodiversity conservation.
TA2	;TA2.13;Renewable Energy;The amount of renewable fuels and renewable electricity supplied to the transport sector leads to a: (i) share of renewable energy within the final consumption of energy in the transport sector of at least 29 % by 2030;TA5.11;Biodiversity Protection & Conservation;Biodiversity conservation and restoration of natural resources: Protect the environment and restore natural resources. Preserve biodiversity and reduce biodiversity loss.;+;1;The increase in the share of renewable fuels and renewable electricity in the transport sector, as mentioned in TA2.13, can support the goals of TA5.11 by promoting sustainable energy production, reducing greenhouse gas emissions, and conserving biodiversity.
TA2	;TA2.14;Renewable Energy - Heating & Cooling;Each Member State shall increase the share of renewable energy in the heating and cooling sector by at least 0.8 percentage points as an annual average calculated for the period 2021 to 2025;TA5.11;Biodiversity Protection & Conservation;Biodiversity conservation and restoration of natural resources: Protect the environment and restore natural resources. Preserve biodiversity and reduce biodiversity loss.;+;1;The increase in the share of renewable energy in the heating and cooling sector, as mentioned in TA2.14, can contribute to the conservation of biodiversity, as outlined in TA5.11, by promoting sustainable energy production and reducing energy consumption.
TA2	;TA2.15;Renewable Energy;By 2022, achieve 18% of the total increase in the share of energy from renewable sources between that Member State  binding 2020 national target, and its contribution to the 2030 target;TA5.11;Biodiversity Protection & Conservation;Biodiversity conservation and restoration of natural resources: Protect the environment and restore natural resources. Preserve biodiversity and reduce biodiversity loss.;+;1;The achievement of 18% of the total increase in the share of energy from renewable sources, as stated in TA2.15, can contribute to the conservation of biodiversity, as outlined in TA5.11, by promoting sustainable energy production and reducing energy consumption.
TA2	;TA2.16;Renewable Energy;Member States shall endeavour to increase the share of renewable sources in the amount of energy sources used for final energy and non-energy purposes in the industry sector by an indicative increase of at least 1.6 percentage points;TA5.11;Biodiversity Protection & Conservation;Biodiversity conservation and restoration of natural resources: Protect the environment and restore natural resources. Preserve biodiversity and reduce biodiversity loss.;+;2;The increase in the share of renewable sources in the industry sector, as mentioned in TA2.16, can positively impact TA5.11 by promoting sustainable energy production, reducing energy consumption, and supporting biodiversity conservation.
TA2	;TA2.17;Energy Infrastructure;A target of 15% electricity interconnection for 2030;TA5.11;Biodiversity Protection & Conservation;Biodiversity conservation and restoration of natural resources: Protect the environment and restore natural resources. Preserve biodiversity and reduce biodiversity loss.;+;1;The target of 15% electricity interconnection, as mentioned in TA2.17, can support the objectives of TA5.11 by promoting the use of renewable energy sources, reducing energy consumption, and conserving biodiversity.
TA2	;TA2.18;Renewable Energy - Heating & Cooling;Indicative target of at least a 49% share of energy from renewable sources in the building sector in the Union  final energy consumption in buildings in 2030;TA5.11;Biodiversity Protection & Conservation;Biodiversity conservation and restoration of natural resources: Protect the environment and restore natural resources. Preserve biodiversity and reduce biodiversity loss.;+;2;The target of at least 49% of energy from renewable sources in the building sector, as stated in TA2.18, can reinforce the objectives of TA5.11 by promoting sustainable energy production, reducing energy consumption, and conserving biodiversity.
TA2	;TA2.2;Renewable Energy;Set up at least one renewables-based energy community in every municipality with a population higher than 10.000 by 2025;TA5.11;Biodiversity Protection & Conservation;Biodiversity conservation and restoration of natural resources: Protect the environment and restore natural resources. Preserve biodiversity and reduce biodiversity loss.;+;1;The establishment of renewables-based energy communities, as mentioned in TA2.2, can support the goals of TA5.11 by promoting sustainable energy production, reducing energy consumption, and conserving biodiversity.
TA2	;TA2.21;Energy Efficiency;Member States shall ensure that the total final energy consumption of all public bodies combined is reduced by at least 1.9% each year, when compared to 2021;TA5.11;Biodiversity Protection & Conservation;Biodiversity conservation and restoration of natural resources: Protect the environment and restore natural resources. Preserve biodiversity and reduce biodiversity loss.;+;1;The reduction of energy consumption in public bodies, as per TA2.21, can contribute to the conservation and restoration of natural resources, as outlined in TA5.11, by minimizing the environmental footprint of public institutions and promoting sustainable food systems.
TA2	;TA2.22;Energy Efficiency;Member States shall collectively ensure a reduction of energy consumption of at least 11.7% in 2030 compared to the projections of the 2020 EU Reference Scenario;TA5.11;Biodiversity Protection & Conservation;Biodiversity conservation and restoration of natural resources: Protect the environment and restore natural resources. Preserve biodiversity and reduce biodiversity loss.;+;2;The collective effort to reduce energy consumption, as stated in TA2.22, can reinforce the objectives of TA5.11 by decreasing the EU's energy footprint, promoting sustainable food production, and conserving biodiversity.
TA2	;TA2.23;Energy Efficiency;Member States shall make efforts to collectively contribute to the indicative Union primary energy consumption target amounting to no more than 992.5 Mtoe in 2030;TA5.11;Biodiversity Protection & Conservation;Biodiversity conservation and restoration of natural resources: Protect the environment and restore natural resources. Preserve biodiversity and reduce biodiversity loss.;+;1;The indicative Union primary energy consumption target, as mentioned in TA2.23, can support the goals of TA5.11 by ensuring a sustainable energy mix and promoting the use of renewable energy sources, thus reducing the environmental impact of the food system.
TA2	;TA2.24;Energy Efficiency - Buildings;Each Member State shall ensure that at least 3% of the total floor area of heated and/or cooled buildings is renovated each year to be transformed into at least nearly zero-energy buildings;TA5.11;Biodiversity Protection & Conservation;Biodiversity conservation and restoration of natural resources: Protect the environment and restore natural resources. Preserve biodiversity and reduce biodiversity loss.;+;1;The renovation of buildings to achieve nearly zero-energy status, as stated in TA2.24, can support the objectives of TA5.11 by reducing energy consumption, promoting sustainable practices, and conserving biodiversity.
TA2	;TA2.25;Energy Efficiency - Buildings;Reduce buildings final energy consumption by 14%;TA5.11;Biodiversity Protection & Conservation;Biodiversity conservation and restoration of natural resources: Protect the environment and restore natural resources. Preserve biodiversity and reduce biodiversity loss.;+;1;The reduction of buildings' final energy consumption, as outlined in TA2.25, can contribute to the conservation of biodiversity, as stated in TA5.11, by minimizing the environmental footprint of buildings and promoting sustainable construction practices.
TA2	;TA2.26;Energy Efficiency - Buildings;At least double the annual energy renovation rate of residential and non-residential buildings by 2030;TA5.11;Biodiversity Protection & Conservation;Biodiversity conservation and restoration of natural resources: Protect the environment and restore natural resources. Preserve biodiversity and reduce biodiversity loss.;+;2;The increase in the annual energy renovation rate of residential and non-residential buildings, as per TA2.26, can positively impact TA5.11 by promoting sustainable building practices, reducing energy consumption, and supporting biodiversity conservation.
TA2	;TA2.28;Energy Efficiency - Buildings;Reduce buildings energy consumption for heating and cooling by 18% compared to 2015 levels by 2030;TA5.11;Biodiversity Protection & Conservation;Biodiversity conservation and restoration of natural resources: Protect the environment and restore natural resources. Preserve biodiversity and reduce biodiversity loss.;+;1;The reduction of energy consumption for heating and cooling, as stated in TA2.28, can support the objectives of TA5.11 by minimizing the environmental impact of the food system and promoting sustainable practices.
TA2	;TA2.29;Energy Efficiency - Buildings;Member states will have to renovate 16% of worst-performing non-residential buildings by 2030;TA5.11;Biodiversity Protection & Conservation;Biodiversity conservation and restoration of natural resources: Protect the environment and restore natural resources. Preserve biodiversity and reduce biodiversity loss.;+;1;The renovation of non-residential buildings, as mentioned in TA2.29, can contribute to the conservation of biodiversity, as outlined in TA5.11, by reducing energy consumption and promoting sustainable practices in the food system.
TA2	;TA2.3;Renewable Energy - Hydrogen Production;Member States shall ensure that the contribution of renewable fuels of non-biological origin used for final energy and non-energy purposes shall be at least 42% of the hydrogen used for final energy and non-energy purposes in industry by 2030;TA5.11;Biodiversity Protection & Conservation;Biodiversity conservation and restoration of natural resources: Protect the environment and restore natural resources. Preserve biodiversity and reduce biodiversity loss.;+;2;The promotion of renewable fuels of non-biological origin, as stated in TA2.3, can positively impact TA5.11 by promoting sustainable energy production, reducing greenhouse gas emissions, and supporting biodiversity conservation.
TA2	;TA2.33;Energy Efficiency - Buildings;The national measures will have to ensure that at least 55% of the decrease of the average primary energy use is achieved through the renovation of the worst-performing buildings;TA5.11;Biodiversity Protection & Conservation;Biodiversity conservation and restoration of natural resources: Protect the environment and restore natural resources. Preserve biodiversity and reduce biodiversity loss.;+;2;The focus on renovating the worst-performing buildings, as mentioned in TA2.33, can reinforce the goals of TA5.11 by promoting sustainable practices, reducing energy consumption, and supporting biodiversity conservation.
TA2	;TA2.34;Energy Efficiency - Buildings;Member States shall ensure that the average primary energy use of the entire residential building stock decreases by at least 16% compared to 2020 by 2030;TA5.11;Biodiversity Protection & Conservation;Biodiversity conservation and restoration of natural resources: Protect the environment and restore natural resources. Preserve biodiversity and reduce biodiversity loss.;+;1;The reduction of primary energy use in the residential building stock, as outlined in TA2.34, can contribute to the conservation of biodiversity, as stated in TA5.11, by promoting sustainable energy use and reducing the environmental footprint of the food system.
TA2	;TA2.37;Renewable Energy;By 2030, the share of renewable energy in the electricity mix should double to 55-60%;TA5.11;Biodiversity Protection & Conservation;Biodiversity conservation and restoration of natural resources: Protect the environment and restore natural resources. Preserve biodiversity and reduce biodiversity loss.;+;2;The doubling of the share of renewable energy in the electricity mix, as stated in TA2.37, can positively impact TA5.11 by promoting sustainable energy production, reducing energy consumption, and supporting biodiversity conservation.
TA2	;TA2.38;Renewable Energy - Ocean/Offshore;Cumulative EU offshore goals of installed capacity: 60 GW by 2030 and 300 GW by 2050;TA5.11;Biodiversity Protection & Conservation;Biodiversity conservation and restoration of natural resources: Protect the environment and restore natural resources. Preserve biodiversity and reduce biodiversity loss.;+;2;The cumulative EU offshore goals, as mentioned in TA2.38, can positively impact TA5.11 by promoting sustainable energy production, reducing energy consumption, and supporting biodiversity conservation.
TA2	;TA2.39;Renewable Energy - Ocean/Offshore;The strategy sets targets for an installed capacity of at least 1 GW of ocean energy by 2030 and 40 GW by 2050;TA5.11;Biodiversity Protection & Conservation;Biodiversity conservation and restoration of natural resources: Protect the environment and restore natural resources. Preserve biodiversity and reduce biodiversity loss.;+;1;The strategy for ocean energy, as stated in TA2.39, can support the objectives of TA5.11 by promoting sustainable energy production, reducing energy consumption, and conserving biodiversity.
TA2	;TA2.4;Energy Efficiency - Buildings;Double the current deployment rate of individual heat pumps, resulting in a cumulative 10 million units by 2027 and 30 million units by 2030;TA5.11;Biodiversity Protection & Conservation;Biodiversity conservation and restoration of natural resources: Protect the environment and restore natural resources. Preserve biodiversity and reduce biodiversity loss.;+;2;The deployment of heat pumps, as stated in TA2.4, can positively impact TA5.11 by promoting sustainable energy production, reducing greenhouse gas emissions, and supporting biodiversity conservation.
TA2	;TA2.40;Renewable Energy - Hydrogen Production;Around 30% of EU primary steel production is expected to be decarbonised on the basis of renewable hydrogen;TA5.11;Biodiversity Protection & Conservation;Biodiversity conservation and restoration of natural resources: Protect the environment and restore natural resources. Preserve biodiversity and reduce biodiversity loss.;+;1;The decarbonization of primary steel production, as stated in TA2.40, can contribute to the conservation of biodiversity, as outlined in TA5.11, by promoting sustainable energy production and reducing energy consumption.
TA2	;TA2.41;Energy Efficiency;Member States are required to achieve cumulative end-use energy savings from 2021 to 2030, equivalent to new annual savings of at least 0.8% of final energy consumption in 2021-2023, at least 1.3% in 2024-2025, 1.5% in 2026-2027 and 1.9% in 2028-2030;TA5.11;Biodiversity Protection & Conservation;Biodiversity conservation and restoration of natural resources: Protect the environment and restore natural resources. Preserve biodiversity and reduce biodiversity loss.;+;2;The implementation of TA2.41, which aims to achieve cumulative end-use energy savings, can positively impact TA5.11 by reducing energy consumption and promoting sustainable practices in the food system, thus supporting biodiversity conservation and restoration of natural resources.
TA2	;TA2.5;Renewable Energy - Solar;Bring online over 320 GW of solar photovoltaic by 2025 and almost 600 GW by 2030;TA5.11;Biodiversity Protection & Conservation;Biodiversity conservation and restoration of natural resources: Protect the environment and restore natural resources. Preserve biodiversity and reduce biodiversity loss.;+;2;The deployment of solar photovoltaic, as mentioned in TA2.5, can reinforce the objectives of TA5.11 by promoting sustainable energy production, reducing energy consumption, and supporting biodiversity conservation.
TA2	;TA2.6;Renewable Energy - Heating & Cooling;Energy demand to be covered by solar heat and geothermal should at least triple;TA5.11;Biodiversity Protection & Conservation;Biodiversity conservation and restoration of natural resources: Protect the environment and restore natural resources. Preserve biodiversity and reduce biodiversity loss.;+;1;The tripling of energy demand covered by solar heat and geothermal, as mentioned in TA2.6, can support the goals of TA5.11 by promoting sustainable energy production and reducing energy consumption.
TA2	;TA2.7;Renewable Energy - Solar;Over this decade, the EU will need to install, on average, approximately 45 GW per year of PV to reach the share of 45% of energy coming from renewables;TA5.11;Biodiversity Protection & Conservation;Biodiversity conservation and restoration of natural resources: Protect the environment and restore natural resources. Preserve biodiversity and reduce biodiversity loss.;+;1;The installation of photovoltaic capacity, as stated in TA2.7, can contribute to the conservation of biodiversity, as outlined in TA5.11, by promoting sustainable energy production and reducing energy consumption.
TA2	;TA2.9;Renewable Energy;Member States shall collectively ensure that the share of energy from renewable sources in the Union  gross final consumption of energy in 2030 is at least 42.5%;TA5.11;Biodiversity Protection & Conservation;Biodiversity conservation and restoration of natural resources: Protect the environment and restore natural resources. Preserve biodiversity and reduce biodiversity loss.;+;2;The target of at least 42.5% of energy from renewable sources, as stated in TA2.9, can reinforce the objectives of TA5.11 by promoting sustainable energy production, reducing energy consumption, and conserving biodiversity.
TA2	;TA2.1;Renewable Energy - Hydrogen Production;REPowerEU sets a target of 10 million tonnes of domestic renewable hydrogen production and 10 million tonnes of renewable hydrogen imports by 2030;TA6.1;Biodiversity Protection & Conservation;1.a Legally protect a minimum of 30% of the EU  land area;+;1;The implementation of TA2.1, which aims to achieve 10 million tonnes of domestic renewable hydrogen production and 10 million tonnes of renewable hydrogen imports by 2030, may enable TA6.1 by promoting sustainable energy solutions and reducing energy consumption, thus contributing to the protection of at least 30% of the EU's land area.
TA2	;TA2.10;Renewable Energy;Member States shall set an indicative target for innovative renewable energy technology of at least 5% of newly installed renewable energy capacity by 2030;TA6.1;Biodiversity Protection & Conservation;1.a Legally protect a minimum of 30% of the EU  land area;+;1;The implementation of TA2.10, which aims to set an indicative target for innovative renewable energy technology, may enable TA6.1 by promoting sustainable energy solutions and reducing energy consumption, thus contributing to the protection of at least 30% of the EU's land area.
TA2	;TA2.11;Renewable Energy;By 31 December 2025, each Member State shall agree to establish a framework for cooperation on joint projects with one or more other Member States for the production of renewable energy;TA6.1;Biodiversity Protection & Conservation;1.a Legally protect a minimum of 30% of the EU  land area;+;1;The implementation of TA2.11, which aims to establish a framework for cooperation on joint projects for renewable energy production, may enable TA6.1 by promoting sustainable energy solutions and reducing energy consumption, thus contributing to the protection of at least 30% of the EU's land area.
TA2	;TA2.13;Renewable Energy;The amount of renewable fuels and renewable electricity supplied to the transport sector leads to a: (i) share of renewable energy within the final consumption of energy in the transport sector of at least 29 % by 2030;TA6.1;Biodiversity Protection & Conservation;1.a Legally protect a minimum of 30% of the EU  land area;+;1;The implementation of TA2.13, which aims to increase the share of renewable energy in the transport sector, may enable TA6.1 by promoting sustainable transport solutions and reducing energy consumption, thus contributing to the protection of at least 30% of the EU's land area.
TA2	;TA2.14;Renewable Energy - Heating & Cooling;Each Member State shall increase the share of renewable energy in the heating and cooling sector by at least 0.8 percentage points as an annual average calculated for the period 2021 to 2025;TA6.1;Biodiversity Protection & Conservation;1.a Legally protect a minimum of 30% of the EU  land area;+;1;The implementation of TA2.14, which aims to increase the share of renewable energy in the heating and cooling sector, may enable TA6.1 by promoting sustainable energy solutions and reducing energy consumption, thus contributing to the protection of at least 30% of the EU's land area.
TA2	;TA2.15;Renewable Energy;By 2022, achieve 18% of the total increase in the share of energy from renewable sources between that Member State  binding 2020 national target, and its contribution to the 2030 target;TA6.1;Biodiversity Protection & Conservation;1.a Legally protect a minimum of 30% of the EU  land area;+;1;The implementation of TA2.15, which aims to achieve 18% of the total increase in the share of energy from renewable sources, may enable TA6.1 by promoting sustainable energy solutions and reducing energy consumption, thus contributing to the protection of at least 30% of the EU's land area.
TA2	;TA2.16;Renewable Energy;Member States shall endeavour to increase the share of renewable sources in the amount of energy sources used for final energy and non-energy purposes in the industry sector by an indicative increase of at least 1.6 percentage points;TA6.1;Biodiversity Protection & Conservation;1.a Legally protect a minimum of 30% of the EU  land area;+;1;The implementation of TA2.16, which aims to increase the share of renewable energy in the industry sector, may enable TA6.1 by promoting sustainable energy solutions and reducing energy consumption, thus contributing to the protection of at least 30% of the EU's land area.
TA2	;TA2.17;Energy Infrastructure;A target of 15% electricity interconnection for 2030;TA6.1;Biodiversity Protection & Conservation;1.a Legally protect a minimum of 30% of the EU  land area;+;1;The implementation of TA2.17, which aims to achieve a target of 15% electricity interconnection by 2030, may enable TA6.1 by promoting sustainable energy solutions and reducing energy consumption, thus contributing to the protection of at least 30% of the EU's land area.
TA2	;TA2.18;Renewable Energy - Heating & Cooling;Indicative target of at least a 49% share of energy from renewable sources in the building sector in the Union  final energy consumption in buildings in 2030;TA6.1;Biodiversity Protection & Conservation;1.a Legally protect a minimum of 30% of the EU  land area;+;1;The implementation of TA2.18, which aims to achieve an indicative target of at least 49% of energy from renewable sources in the building sector, may enable TA6.1 by promoting sustainable energy solutions and reducing energy consumption, thus contributing to the protection of at least 30% of the EU's land area.
TA2	;TA2.2;Renewable Energy;Set up at least one renewables-based energy community in every municipality with a population higher than 10.000 by 2025;TA6.1;Biodiversity Protection & Conservation;1.a Legally protect a minimum of 30% of the EU  land area;+;1;The implementation of TA2.2, which aims to set up renewables-based energy communities, may enable TA6.1 by promoting sustainable energy solutions and reducing energy consumption, thus contributing to the protection of at least 30% of the EU's land area.
TA2	;TA2.21;Energy Efficiency;Member States shall ensure that the total final energy consumption of all public bodies combined is reduced by at least 1.9% each year, when compared to 2021;TA6.1;Biodiversity Protection & Conservation;1.a Legally protect a minimum of 30% of the EU  land area;+;1;The implementation of TA2.21, which aims to reduce the total final energy consumption of public bodies, may enable TA6.1 by reducing energy consumption and promoting sustainable land use, thus contributing to the protection of at least 30% of the EU's land area.
TA2	;TA2.22;Energy Efficiency;Member States shall collectively ensure a reduction of energy consumption of at least 11.7% in 2030 compared to the projections of the 2020 EU Reference Scenario;TA6.1;Biodiversity Protection & Conservation;1.a Legally protect a minimum of 30% of the EU  land area;+;1;The implementation of TA2.22, which aims to reduce energy consumption by at least 11.7% compared to the 2020 EU Reference Scenario, may enable TA6.1 by reducing the pressure on land use and promoting sustainable land management, thus contributing to the protection of at least 30% of the EU's land area.
TA2	;TA2.23;Energy Efficiency;Member States shall make efforts to collectively contribute to the indicative Union primary energy consumption target amounting to no more than 992.5 Mtoe in 2030;TA6.1;Biodiversity Protection & Conservation;1.a Legally protect a minimum of 30% of the EU  land area;+;1;The implementation of TA2.23, which aims to limit primary energy consumption to 992.5 Mtoe by 2030, may enable TA6.1 by promoting sustainable land use and reducing land-use pressures, thus contributing to the protection of at least 30% of the EU's land area.
TA2	;TA2.24;Energy Efficiency - Buildings;Each Member State shall ensure that at least 3% of the total floor area of heated and/or cooled buildings is renovated each year to be transformed into at least nearly zero-energy buildings;TA6.1;Biodiversity Protection & Conservation;1.a Legally protect a minimum of 30% of the EU  land area;+;1;The implementation of TA2.24, which aims to renovate at least 3% of the total floor area of heated and/or cooled buildings each year, may enable TA6.1 by promoting sustainable building design and reducing energy consumption, thus contributing to the protection of at least 30% of the EU's land area.
TA2	;TA2.25;Energy Efficiency - Buildings;Reduce buildings final energy consumption by 14%;TA6.1;Biodiversity Protection & Conservation;1.a Legally protect a minimum of 30% of the EU  land area;+;1;The implementation of TA2.25, which aims to reduce buildings' final energy consumption by 14%, may enable TA6.1 by promoting sustainable building design and reducing energy consumption, thus contributing to the protection of at least 30% of the EU's land area.
TA2	;TA2.26;Energy Efficiency - Buildings;At least double the annual energy renovation rate of residential and non-residential buildings by 2030;TA6.1;Biodiversity Protection & Conservation;1.a Legally protect a minimum of 30% of the EU  land area;+;1;The implementation of TA2.26, which aims to double the annual energy renovation rate of buildings, may enable TA6.1 by promoting sustainable building design and reducing energy consumption, thus contributing to the protection of at least 30% of the EU's land area.
TA2	;TA2.28;Energy Efficiency - Buildings;Reduce buildings energy consumption for heating and cooling by 18% compared to 2015 levels by 2030;TA6.1;Biodiversity Protection & Conservation;1.a Legally protect a minimum of 30% of the EU  land area;+;1;The implementation of TA2.28, which aims to reduce buildings' energy consumption for heating and cooling by 18% compared to 2015 levels, may enable TA6.1 by promoting sustainable building design and reducing energy consumption, thus contributing to the protection of at least 30% of the EU's land area.
TA2	;TA2.29;Energy Efficiency - Buildings;Member states will have to renovate 16% of worst-performing non-residential buildings by 2030;TA6.1;Biodiversity Protection & Conservation;1.a Legally protect a minimum of 30% of the EU  land area;+;1;The implementation of TA2.29, which aims to renovate 16% of worst-performing non-residential buildings by 2030, may enable TA6.1 by promoting sustainable building design and reducing energy consumption, thus contributing to the protection of at least 30% of the EU's land area.
TA2	;TA2.3;Renewable Energy - Hydrogen Production;Member States shall ensure that the contribution of renewable fuels of non-biological origin used for final energy and non-energy purposes shall be at least 42% of the hydrogen used for final energy and non-energy purposes in industry by 2030;TA6.1;Biodiversity Protection & Conservation;1.a Legally protect a minimum of 30% of the EU  land area;+;1;The implementation of TA2.3, which aims to ensure that at least 42% of hydrogen used in industry comes from renewable fuels of non-biological origin, may enable TA6.1 by promoting sustainable energy solutions and reducing energy consumption, thus contributing to the protection of at least 30% of the EU's land area.
TA2	;TA2.33;Energy Efficiency - Buildings;The national measures will have to ensure that at least 55% of the decrease of the average primary energy use is achieved through the renovation of the worst-performing buildings;TA6.1;Biodiversity Protection & Conservation;1.a Legally protect a minimum of 30% of the EU  land area;+;1;The implementation of TA2.33, which aims to ensure that at least 55% of the decrease in average primary energy use is achieved through the renovation of worst-performing buildings, may enable TA6.1 by promoting sustainable building design and reducing energy consumption, thus contributing to the protection of at least 30% of the EU's land area.
TA2	;TA2.34;Energy Efficiency - Buildings;Member States shall ensure that the average primary energy use of the entire residential building stock decreases by at least 16% compared to 2020 by 2030;TA6.1;Biodiversity Protection & Conservation;1.a Legally protect a minimum of 30% of the EU  land area;+;1;The implementation of TA2.34, which aims to reduce the average primary energy use of the entire residential building stock by at least 16% compared to 2020, may enable TA6.1 by promoting sustainable building design and reducing energy consumption, thus contributing to the protection of at least 30% of the EU's land area.
TA2	;TA2.37;Renewable Energy;By 2030, the share of renewable energy in the electricity mix should double to 55-60%;TA6.1;Biodiversity Protection & Conservation;1.a Legally protect a minimum of 30% of the EU  land area;+;1;The implementation of TA2.37, which aims to double the share of renewable energy in the electricity mix, may enable TA6.1 by promoting sustainable energy solutions and reducing energy consumption, thus contributing to the protection of at least 30% of the EU's land area.
TA2	;TA2.38;Renewable Energy - Ocean/Offshore;Cumulative EU offshore goals of installed capacity: 60 GW by 2030 and 300 GW by 2050;TA6.1;Biodiversity Protection & Conservation;1.a Legally protect a minimum of 30% of the EU  land area;+;1;The implementation of TA2.38, which aims to achieve cumulative EU offshore goals of 60 GW by 2030 and 300 GW by 2050, may enable TA6.1 by promoting sustainable energy solutions and reducing energy consumption, thus contributing to the protection of at least 30% of the EU's land area.
TA2	;TA2.39;Renewable Energy - Ocean/Offshore;The strategy sets targets for an installed capacity of at least 1 GW of ocean energy by 2030 and 40 GW by 2050;TA6.1;Biodiversity Protection & Conservation;1.a Legally protect a minimum of 30% of the EU  land area;+;1;The implementation of TA2.39, which aims to achieve an installed capacity of at least 1 GW of ocean energy by 2030 and 40 GW by 2050, may enable TA6.1 by promoting sustainable energy solutions and reducing energy consumption, thus contributing to the protection of at least 30% of the EU's land area.
TA2	;TA2.4;Energy Efficiency - Buildings;Double the current deployment rate of individual heat pumps, resulting in a cumulative 10 million units by 2027 and 30 million units by 2030;TA6.1;Biodiversity Protection & Conservation;1.a Legally protect a minimum of 30% of the EU  land area;+;1;The implementation of TA2.4, which aims to double the current deployment rate of individual heat pumps, may enable TA6.1 by promoting sustainable heating solutions and reducing energy consumption, thus contributing to the protection of at least 30% of the EU's land area.
TA2	;TA2.40;Renewable Energy - Hydrogen Production;Around 30% of EU primary steel production is expected to be decarbonised on the basis of renewable hydrogen;TA6.1;Biodiversity Protection & Conservation;1.a Legally protect a minimum of 30% of the EU  land area;+;1;The implementation of TA2.40, which aims to decarbonize around 30% of EU primary steel production using renewable hydrogen, may enable TA6.1 by promoting sustainable energy solutions and reducing energy consumption, thus contributing to the protection of at least 30% of the EU's land area.
TA2	;TA2.41;Energy Efficiency;Member States are required to achieve cumulative end-use energy savings from 2021 to 2030, equivalent to new annual savings of at least 0.8% of final energy consumption in 2021-2023, at least 1.3% in 2024-2025, 1.5% in 2026-2027 and 1.9% in 2028-2030;TA6.1;Biodiversity Protection & Conservation;1.a Legally protect a minimum of 30% of the EU  land area;+;2;The implementation of TA2.41, which aims to achieve cumulative end-use energy savings, may reinforce TA6.1 by promoting the protection of at least 30% of the EU's land area, as the reduction of energy consumption can lead to lower land-use pressures and help preserve natural habitats.
TA2	;TA2.5;Renewable Energy - Solar;Bring online over 320 GW of solar photovoltaic by 2025 and almost 600 GW by 2030;TA6.1;Biodiversity Protection & Conservation;1.a Legally protect a minimum of 30% of the EU  land area;+;1;The implementation of TA2.5, which aims to bring online over 320 GW of solar photovoltaic by 2025 and almost 600 GW by 2030, may enable TA6.1 by promoting sustainable energy solutions and reducing energy consumption, thus contributing to the protection of at least 30% of the EU's land area.
TA2	;TA2.6;Renewable Energy - Heating & Cooling;Energy demand to be covered by solar heat and geothermal should at least triple;TA6.1;Biodiversity Protection & Conservation;1.a Legally protect a minimum of 30% of the EU  land area;+;1;The implementation of TA2.6, which aims to triple energy demand covered by solar heat and geothermal, may enable TA6.1 by promoting sustainable energy solutions and reducing energy consumption, thus contributing to the protection of at least 30% of the EU's land area.
TA2	;TA2.7;Renewable Energy - Solar;Over this decade, the EU will need to install, on average, approximately 45 GW per year of PV to reach the share of 45% of energy coming from renewables;TA6.1;Biodiversity Protection & Conservation;1.a Legally protect a minimum of 30% of the EU  land area;+;1;The implementation of TA2.7, which aims to install an average of 45 GW of photovoltaic per year to reach a 45% share of energy from renewables, may enable TA6.1 by promoting sustainable energy solutions and reducing energy consumption, thus contributing to the protection of at least 30% of the EU's land area.
TA2	;TA2.9;Renewable Energy;Member States shall collectively ensure that the share of energy from renewable sources in the Union  gross final consumption of energy in 2030 is at least 42.5%;TA6.1;Biodiversity Protection & Conservation;1.a Legally protect a minimum of 30% of the EU  land area;+;1;The implementation of TA2.9, which aims to increase the share of renewable energy in the EU's gross final energy consumption, may enable TA6.1 by promoting sustainable energy solutions and reducing energy consumption, thus contributing to the protection of at least 30% of the EU's land area.
TA2	;TA2.41;Energy Efficiency;Member States are required to achieve cumulative end-use energy savings from 2021 to 2030, equivalent to new annual savings of at least 0.8% of final energy consumption in 2021-2023, at least 1.3% in 2024-2025, 1.5% in 2026-2027 and 1.9% in 2028-2030. Directive (EU) 2023/1791;TA7.9;Improve Air Quality;Improve air quality to reduce the number of premature deaths caused by air pollution by 55% by 2030;+;2;The implementation of TA2.41 will lead to a reduction in energy consumption, which in turn will reduce the amount of pollutants released into the air, thus improving air quality and reducing premature deaths caused by air pollution, as stated in TA7.9.
TA2	;TA2.21;Energy Efficiency;Member States shall ensure that the total final energy consumption of all public bodies combined is reduced by at least 1.9% each year, when compared to 2021;TA7.4;Improve Air Quality;The Industrial Emissions Directive (IED) aims at preventing or reducing emissions from large industrial installations and intensive farming into the environment.;+;1;The reduction in energy consumption by public bodies, as per TA2.21, will contribute to the prevention or reduction of emissions from large industrial installations and intensive farming, thus supporting the objectives of the Industrial Emissions Directive (IED) stated in TA7.4.
TA2	;TA2.22;Energy Efficiency;Member States shall collectively ensure a reduction of energy consumption of at least 11.7% in 2030 compared to the projections of the 2020 EU Reference Scenario;TA7.13;Improve Air Quality;Reduce by 25% the EU ecosystems where air pollution threatens biodiversity, by 2030;+;2;The reduction in energy consumption, as stated in TA2.22, will lead to a decrease in air pollution, which in turn will reduce the number of EU ecosystems where air pollution threatens biodiversity, thus supporting the objective of TA7.13.
TA2	;TA2.25;Energy Efficiency - Buildings;Reduce buildings‚Äö√Ñ√¥ final energy consumption by 14%;TA7.6;Improve Soils Health;Improve soil quality by reducing chemical pesticides‚Äö√Ñ√¥ use by 50%, by 2030;+;1;The reduction in buildings' final energy consumption, as per TA2.25, will lead to a decrease in the demand for chemical pesticides, thus supporting the objective of reducing chemical pesticides' use by 50% by 2030, as stated in TA7.6.
TA2	;TA2.26;Energy Efficiency - Buildings;At least double the annual energy renovation rate of residential and non-residential buildings by 2030;TA7.8;Improve Soils Health;Improve soil quality by reducing nutrient losses use by 50%, by 2030;+;1;The increase in the annual energy renovation rate of buildings, as per TA2.26, will lead to a reduction in nutrient losses, thus supporting the objective of reducing nutrient losses by 50% by 2030, as stated in TA7.8.
TA2	;TA2.41;Energy Efficiency;Member States are required to achieve cumulative end-use energy savings from 2021 to 2030, equivalent to new annual savings of at least 0.8% of final energy consumption in 2021-2023, at least 1.3% in 2024-2025, 1.5% in 2026-2027 and 1.9% in 2028-2030. Directive (EU) 2023/1791;TA7.15;Improve Soils Health;Having all soils in healthy condition by 2050;+;2;The implementation of TA2.41 will lead to a reduction in energy consumption, which in turn will reduce the amount of pollutants released into the soil, thus improving soil quality and contributing to the objective of having all soils in healthy condition by 2050, as stated in TA7.15.
TA2	;TA2.9;Renewable Energy;Member States shall collectively ensure that the share of energy from renewable sources in the Union‚Äö√Ñ√¥s gross final consumption of energy in 2030 is at least 42.5%;TA7.10;Improve Water Quality;Improve water quality by reducing waste, plastic litter at sea (by 50%);+;1;The increase in the share of renewable energy, as per TA2.9, will lead to a reduction in waste and plastic litter, thus supporting the objective of improving water quality by reducing waste and plastic litter at sea, as stated in TA7.10.
TA2	;TA2.37;Renewable Energy;By 2030, the share of renewable energy in the electricity mix should double to 55-60%;TA7.11;Improve Water Quality;Improve water quality by reducing microplastics released into the environment (by 30%);+;1;The increase in the share of renewable energy in the electricity mix, as per TA2.37, will lead to a reduction in microplastics released into the environment, thus supporting the objective of reducing microplastics by 30% by 2030, as stated in TA7.11.
TA2	;TA2.41;Energy Efficiency;Member States are required to achieve cumulative end-use energy savings from 2021 to 2030, equivalent to new annual savings of at least 0.8% of final energy consumption in 2021-2023, at least 1.3% in 2024-2025, 1.5% in 2026-2027 and 1.9% in 2028-2030. Directive (EU) 2023/1791;TA7.9;Improve Air Quality;Improve air quality to reduce the number of premature deaths caused by air pollution by 55% by 2030;+;2;The reduction of energy consumption will help to minimize the environmental impacts of energy production, making it more feasible to achieve the air quality targets.
TA2	;TA2.21;Energy Efficiency;Member States shall ensure that the total final energy consumption of all public bodies combined is reduced by at least 1.9% each year, when compared to 2021;TA7.4;Improve Air Quality;The Industrial Emissions Directive (IED) aims at preventing or reducing emissions from large industrial installations and intensive farming into the environment.;+;1;The reduction of energy consumption will help to minimize the environmental impacts of public activities, making it more feasible to achieve the emissions reduction targets.
TA2	;TA2.22;Energy Efficiency;Member States shall collectively ensure a reduction of energy consumption of at least 11.7% in 2030 compared to the projections of the 2020 EU Reference Scenario;TA7.13;Improve Air Quality;Reduce by 25% the EU ecosystems where air pollution threatens biodiversity, by 2030;+;2;The reduction of energy consumption will help to minimize the environmental impacts of energy production, making it more feasible to achieve the biodiversity targets.
TA2	;TA2.23;Energy Efficiency;Member States shall make efforts to collectively contribute to the indicative Union primary energy consumption target amounting to no more than 992.5 Mtoe in 2030;TA7.6;Improve Soils Health;Improve soil quality by reducing chemical pesticides‚Äô use by 50%, by 2030;+;1;The reduction of primary energy consumption will help to minimize the environmental impacts of energy production, making it more feasible to achieve the soil quality targets.
TA2	;TA2.25;Energy Efficiency - Buildings;Reduce buildings‚Äô final energy consumption by 14%;TA7.8;Improve Soils Health;Improve soil quality by reducing nutrient losses use by 50%, by 2030;+;1;The reduction of energy consumption will help to minimize the environmental impacts of agricultural activities, making it more feasible to achieve the soil quality targets.
TA2	;TA2.26;Energy Efficiency - Buildings;At least double the annual energy renovation rate of residential and non-residential buildings by 2030;TA7.15;Improve Soils Health;Having all soils in healthy condition by 2050;+;2;The improvement of building energy efficiency will help to minimize the environmental impacts of building activities, making it more feasible to achieve the soil health targets.
TA2	;TA2.24;Energy Efficiency - Buildings;Each Member State shall ensure that at least 3% of the total floor area of heated and/or cooled buildings is renovated each year to be transformed into at least nearly zero-energy buildings;TA7.5;Improve Water Quality;The revised Urban Wastewater Treatment Directive (UWWTD) extends the scope of the 1991 UWWTD;+;1;The reduction of wastewater emissions will help to minimize the environmental impacts of urban activities, making it more feasible to achieve the wastewater treatment targets.
TA2	;TA2.28;Energy Efficiency - Buildings;Reduce buildings‚Äô energy consumption for heating and cooling by 18% compared to 2015 levels by 2030;TA7.10;Improve Water Quality;Improve water quality by reducing waste, plastic litter at sea (by 50%);+;2;The reduction of energy consumption will help to minimize the environmental impacts of building activities, making it more feasible to achieve the water quality targets.
TA2	;TA2.29;Energy Efficiency - Buildings;Member states will have to renovate 16% of worst-performing non-residential buildings by 2030;TA7.11;Improve Water Quality;Improve water quality by reducing microplastics released into the environment (by 30%);+;1;The reduction of microplastics will help to minimize the environmental impacts of non-residential activities, making it more feasible to achieve the water quality targets.
TA2	;TA2.4;Energy Efficiency - Buildings;Double the current deployment rate of individual heat pumps, resulting in a cumulative 10 million units by 2027 and 30 million units by 2030;TA7.16;Improve Water Quality;By means of an updated and harmonised list of pollutants affecting surface and groundwater, updated existing quality standards, new monitoring requirements, improved and more accessible data, and a more flexible framework for addressing pollutants of emerging concerns;+;2;The increase of renewable energy sources will help to minimize the environmental impacts of energy production, making it more feasible to achieve the water quality targets.
TA2	;TA2.17;Energy Infrastructure;A target of 15% electricity interconnection for 2030;TA7.14;Noise Reduction;Reduce the share of people chronically disturbed by transport noise by 30%, by 2030;+;1;The increase of electricity interconnection will help to minimize the environmental impacts of transport activities, making it more feasible to achieve the noise reduction targets.
TA2	;TA2.10;Renewable Energy;Member States shall set an indicative target for innovative renewable energy technology of at least 5% of newly installed renewable energy capacity by 2030;TA7.4;Improve Air Quality;The Industrial Emissions Directive (IED) aims at preventing or reducing emissions from large industrial installations and intensive farming into the environment.;+;1;The increase of innovative renewable energy technologies will help to minimize the environmental impacts of industrial activities, making it more feasible to achieve the emissions reduction targets.
TA2	;TA2.13;Renewable Energy;The amount of renewable fuels and renewable electricity supplied to the transport sector leads to a: (i) share of renewable energy within the final consumption of energy in the transport sector of at least 29 % by 2030;TA7.9;Improve Air Quality;Improve air quality to reduce the number of premature deaths caused by air pollution by 55% by 2030;+;2;The increase of renewable energy sources will help to minimize the environmental impacts of transport activities, making it more feasible to achieve the air quality targets.
TA2	;TA2.15;Renewable Energy;By 2022, achieve 18% of the total increase in the share of energy from renewable sources between that Member State  binding 2020 national target, and its contribution to the 2030 target;TA7.13;Improve Air Quality;Reduce by 25% the EU ecosystems where air pollution threatens biodiversity, by 2030;+;1;The increase of renewable energy sources will help to minimize the environmental impacts of energy production, making it more feasible to achieve the biodiversity targets.
TA2	;TA2.16;Renewable Energy;Member States shall endeavour to increase the share of renewable sources in the amount of energy sources used for final energy and non-energy purposes in the industry sector by an indicative increase of at least 1.6 percentage points;TA7.6;Improve Soils Health;Improve soil quality by reducing chemical pesticides‚Äô use by 50%, by 2030;+;1;The increase of renewable energy sources will help to minimize the environmental impacts of industrial activities, making it more feasible to achieve the soil quality targets.
TA2	;TA2.9;Renewable Energy;Member States shall collectively ensure that the share of energy from renewable sources in the Union  gross final consumption of energy in 2030 is at least 42.5%;TA7.15;Improve Soils Health;Having all soils in healthy condition by 2050;+;2;The increase of renewable energy sources will help to minimize the environmental impacts of energy production, making it more feasible to achieve the soil health targets.
TA2	;TA2.2;Renewable Energy;Set up at least one renewables-based energy community in every municipality with a population higher than 10.000 by 2025;TA7.5;Improve Water Quality;The revised Urban Wastewater Treatment Directive (UWWTD) extends the scope of the 1991 UWWTD;+;1;The increase of renewable energy sources will help to minimize the environmental impacts of urban activities, making it more feasible to achieve the wastewater treatment targets.
TA2	;TA2.37;Renewable Energy;By 2030, the share of renewable energy in the electricity mix should double to 55-60%;TA7.10;Improve Water Quality;Improve water quality by reducing waste, plastic litter at sea (by 50%);+;2;The increase of renewable energy sources will help to minimize the environmental impacts of energy production, making it more feasible to achieve the water quality targets.
TA2	;TA2.14;Renewable Energy - Heating & Cooling;Each Member State shall increase the share of renewable energy in the heating and cooling sector by at least 0.8 percentage points as an annual average calculated for the period 2021 to 2025;TA7.11;Improve Water Quality;Improve water quality by reducing microplastics released into the environment (by 30%);+;1;The increase of renewable energy sources will help to minimize the environmental impacts of heating and cooling activities, making it more feasible to achieve the water quality targets.
TA2	;TA2.18;Renewable Energy - Heating & Cooling;Indicative target of at least a 49% share of energy from renewable sources in the building sector in the Union  final energy consumption in buildings in 2030;TA7.4;Improve Air Quality;The Industrial Emissions Directive (IED) aims at preventing or reducing emissions from large industrial installations and intensive farming into the environment.;+;1;The increase of renewable energy sources will help to minimize the environmental impacts of building activities, making it more feasible to achieve the emissions reduction targets.
TA2	;TA2.6;Renewable Energy - Heating & Cooling;Energy demand to be covered by solar heat and geothermal should at least triple;TA7.9;Improve Air Quality;Improve air quality to reduce the number of premature deaths caused by air pollution by 55% by 2030;+;2;The increase of solar heat and geothermal energy will help to minimize the environmental impacts of energy production, making it more feasible to achieve the air quality targets.
TA2	;TA2.3;Renewable Energy - Hydrogen Production;Member States shall ensure that the contribution of renewable fuels of non-biological origin used for final energy and non-energy purposes shall be at least 42% of the hydrogen used for final energy and non-energy purposes in industry by 2030;TA7.13;Improve Air Quality;Reduce by 25% the EU ecosystems where air pollution threatens biodiversity, by 2030;+;1;The increase of renewable fuels of non-biological origin will help to minimize the environmental impacts of industrial activities, making it more feasible to achieve the biodiversity targets.
TA2	;TA2.1;Renewable Energy - Hydrogen Production;REPowerEU sets a target of 10 million tonnes of domestic renewable hydrogen production and 10 million tonnes of renewable hydrogen imports by 2030;TA7.6;Improve Soils Health;Improve soil quality by reducing chemical pesticides‚Äô use by 50%, by 2030;+;1;The increase of renewable hydrogen will help to minimize the environmental impacts of energy production, making it more feasible to achieve the soil quality targets.
TA2	;TA2.40;Renewable Energy - Hydrogen Production;Around 30% of EU primary steel production is expected to be decarbonised on the basis of renewable hydrogen;TA7.15;Improve Soils Health;Having all soils in healthy condition by 2050;+;2;The increase of renewable hydrogen will help to minimize the environmental impacts of industrial activities, making it more feasible to achieve the soil health targets.
TA2	;TA2.38;Renewable Energy - Ocean/Offshore;Cumulative EU offshore goals of installed capacity: 60 GW by 2030 and 300 GW by 2050;TA7.10;Improve Water Quality;Improve water quality by reducing waste, plastic litter at sea (by 50%);+;2;The increase of offshore renewable energy sources will help to minimize the environmental impacts of energy production, making it more feasible to achieve the water quality targets.
TA2	;TA2.39;Renewable Energy - Ocean/Offshore;The strategy sets targets for an installed capacity of at least 1 GW of ocean energy by 2030 and 40 GW by 2050;TA7.11;Improve Water Quality;Improve water quality by reducing microplastics released into the environment (by 30%);+;1;The increase of ocean energy will help to minimize the environmental impacts of energy production, making it more feasible to achieve the water quality targets.
TA2	;TA2.5;Renewable Energy - Solar;Bring online over 320 GW of solar photovoltaic by 2025 and almost 600 GW by 2030;TA7.4;Improve Air Quality;The Industrial Emissions Directive (IED) aims at preventing or reducing emissions from large industrial installations and intensive farming into the environment.;+;1;The increase of solar photovoltaic energy will help to minimize the environmental impacts of energy production, making it more feasible to achieve the emissions reduction targets.
TA2	;TA2.7;Renewable Energy - Solar;Over this decade, the EU will need to install, on average, approximately 45 GW per year of PV to reach the share of 45% of energy coming from renewables;TA7.13;Improve Air Quality;Reduce by 25% the EU ecosystems where air pollution threatens biodiversity, by 2030;+;1;The increase of solar photovoltaic energy will help to minimize the environmental impacts of energy production, making it more feasible to achieve the biodiversity targets.
TA3	;TA3.3;Circularity/Recycling;Double EU  circular material use rate in the coming decade;TA7.9;Improve Air Quality;Improve air quality to reduce the number of premature deaths caused by air pollution by 55% by 2030;+;2;The implementation of TA3.3 could reinforce TA7.9 by reducing pollution from waste management and increasing the use of recycled materials, thus improving air quality and reducing premature deaths.
TA3	;TA3.13;Circularity/Recycling - Critical Raw Materials - Batteries Recycling;By 2030, Union recycling capacity, including for all intermediate recycling steps, should be able of producing at least 25% of the Union  annual consumption of strategic raw materials;TA7.4;Improve Air Quality;The Industrial Emissions Directive (IED) aims at preventing or reducing emissions from large industrial installations and intensive farming into the environment.;+;1;The implementation of TA3.13 could enable TA7.4 by increasing the recycling capacity for strategic raw materials, which can lead to a reduction in emissions from industrial activities.
TA3	;TA3.15;Circularity/Recycling - Critical Raw Materials - Batteries Recycling;Producers of starting, lighting and ignition batteries, industrial batteries and electric vehicle batteries or, where appointed in accordance with Article 57(1), producer responsibility organisations, shall take back, free of charge and without an obligation on the end-user to buy a new battery;TA7.5;Improve Water Quality;The revised Urban Wastewater Treatment Directive (UWWTD) extends the scope of the 1991 UWWTD;+;1;The implementation of TA3.15 could enable TA7.5 by increasing the collection and recycling of batteries, which can lead to a reduction in pollution in water bodies.
TA3	;TA3.16;Circularity/Recycling - Critical Raw Materials - Batteries Recycling;Producers of portable batteries or, where appointed in accordance with Article 57(1), producer responsibility organisations, shall attain, and maintain durably, at least the following collection targets for waste portable batteries;TA7.10;Improve Water Quality;Improve water quality by reducing waste, plastic litter at sea (by 50%);+;1;The implementation of TA3.16 could enable TA7.10 by increasing the collection and recycling of portable batteries, which can lead to a reduction in plastic litter at sea.
TA3	;TA3.17;Circularity/Recycling - Critical Raw Materials - Batteries Recycling;Producers of LMT batteries or, where appointed in accordance with Article 57(1), producer responsibility organisations, shall attain, and maintain durably, at least the following collection targets of waste LMT batteries;TA7.11;Improve Water Quality;Improve water quality by reducing microplastics released into the environment (by 30%);+;1;The implementation of TA3.17 could enable TA7.11 by increasing the collection and recycling of LMT batteries, which can lead to a reduction in microplastics released into the environment.
TA3	;TA3.18;Circularity/Recycling - Critical Raw Materials - Batteries Recycling;For industrial batteries with a capacity greater than 2kWh, except those with exclusively external storage, electric vehicle batteries and starting, lighting and ignition batteries that contain cobalt, lead, lithium or nickel in active materials, the minimum recycled content percentage for each battery model per year and per manufacturing plant shall be;TA7.14;Noise Reduction;Reduce the share of people chronically disturbed by transport noise by 30%, by 2030;-;1;The implementation of TA3.18 could constrain TA7.14 by increasing the use of recycled materials in battery production, which may lead to increased noise pollution from transport activities.
TA3	;TA3.19;Circularity/Recycling - Critical Raw Materials - Batteries Recycling;Any natural or legal person that places on the market products incorporating portable batteries shall ensure that those batteries are readily removable and replaceable by the end-user at any time during the lifetime of the product;TA7.6;Improve Soils Health;Improve soil quality by reducing chemical pesticides‚Äô use by 50%, by 2030;+;1;The implementation of TA3.19 could enable TA7.6 by promoting the use of sustainable and environmentally-friendly products, which can lead to a reduction in chemical pesticides use.
TA3	;TA3.20;Circularity/Recycling - Critical Raw Materials - Batteries Recycling;Recycling shall achieve at least the following targets for recycling efficiency: No later than 31 December 2025- 75% by average weight of lead-acid batteries- 80% by average weight of nickel-cadmium batteries - 50% by average weight of other waste batteriesNo later than 31 December 2030- 80% by average weight of lead-acid batteries Regulation (EU) 2023/1542;TA7.8;Improve Soils Health;Improve soil quality by reducing nutrient losses use by 50%, by 2030;+;1;The implementation of TA3.20 could enable TA7.8 by increasing the recycling efficiency of waste batteries, which can lead to a reduction in nutrient losses.
TA3	;TA3.21;Circularity/Recycling - Critical Raw Materials - Batteries Recycling;Recycling shall achieve at least the following targets for recycling efficiency:- No later than 31 December 2025, 65% by average weight of lithium-based batteries- No later than 31 December 2030, 70% by average weight of lithium-based batteries.Regulation (EU) 2023/1542;TA7.15;Improve Soils Health;Having all soils in healthy condition by 2050;+;2;The implementation of TA3.21 could reinforce TA7.15 by increasing the recycling efficiency of lithium-based batteries, which can lead to a reduction in pollution and improvement of soil health.
TA3	;TA3.22;Circularity/Recycling - Critical Raw Materials - Batteries Recycling;All recycling shall achieve at least the following targets for recovery of materials:- No later than 31 December 2027, 90% for cobalt, copper, lead, nickel- No later than 31 December 2031, 95% for cobalt, copper, lead, nickelRegulation (EU) 2023/1542;TA7.4;Improve Air Quality;The Industrial Emissions Directive (IED) aims at preventing or reducing emissions from large industrial installations and intensive farming into the environment.;+;1;The implementation of TA3.22 could enable TA7.4 by increasing the recovery of materials from recycling, which can lead to a reduction in emissions from industrial activities.
TA3	;TA3.23;Circularity/Recycling - Critical Raw Materials - Batteries Recycling;All recycling shall achieve at least the following targets for recovery of materials, 50% for lithium, no later than 31 December 2027 and 80% for lithium no later than 31 December 2031.Regulation (EU) 2023/1542;TA7.5;Improve Water Quality;The revised Urban Wastewater Treatment Directive (UWWTD) extends the scope of the 1991 UWWTD;+;1;The implementation of TA3.23 could enable TA7.5 by increasing the recovery of lithium, which can lead to a reduction in pollution in water bodies.
TA3	;TA3.30;Circularity/Recycling - Municipal Waste;Each Member State shall reduce the packaging waste generated per capita, as compared to the packaging waste generated per capita in 2018 as reported to the Commission in accordance with Decision 2005/270/EC by 5% by 2030, 10% by 2035, 15% by 2040 Proposal on packaging and packaging waste;TA7.10;Improve Water Quality;Improve water quality by reducing waste, plastic litter at sea (by 50%);+;1;The implementation of TA3.30 could enable TA7.10 by reducing packaging waste, which can lead to a reduction in plastic litter at sea.
TA3	;TA3.31;Circularity/Recycling - Municipal Waste;Member States shall take the necessary measures to attain the recycling targets of 65% by weight of all packaging waste generated by 31 December 2025, and of 70% by weight of all packaging waste generated by 31 December 2030. Proposal on packaging and packaging waste;TA7.11;Improve Water Quality;Improve water quality by reducing microplastics released into the environment (by 30%);+;1;The implementation of TA3.31 could enable TA7.11 by increasing the recycling of packaging waste, which can lead to a reduction in microplastics released into the environment.
TA3	;TA3.33;Circularity/Recycling - Municipal Waste;Member States shall take the necessary measures to attain a recycling target of 25% of wood by weight of wood contained in packaging waste generated by 31 December 2025 and of 30% by 31 December 2030. Proposal on packaging and packaging waste;TA7.6;Improve Soils Health;Improve soil quality by reducing chemical pesticides‚Äô use by 50%, by 2030;+;1;The implementation of TA3.33 could enable TA7.6 by promoting the use of sustainable forestry practices, which can lead to a reduction in chemical pesticides use.
TA3	;TA3.34;Circularity/Recycling - Municipal Waste;Member States shall take the necessary measures to attain a recycling target of 70% of ferrous metals by weight of ferrous metals contained in packaging waste generated by 31 December 2025 and of 80% by 31 December 2030 Proposal on packaging and packaging waste;TA7.8;Improve Soils Health;Improve soil quality by reducing nutrient losses use by 50%, by 2030;+;1;The implementation of TA3.34 could enable TA7.8 by increasing the recycling of ferrous metals, which can lead to a reduction in nutrient losses.
TA3	;TA3.35;Circularity/Recycling - Municipal Waste;Member States shall take the necessary measures to attain a recycling target of 50% of aluminium by weight of aluminium contained in packaging waste generated by 31 December 2025 and of 60% by 31 December 2030 Proposal on packaging and packaging waste;TA7.15;Improve Soils Health;Having all soils in healthy condition by 2050;+;2;The implementation of TA3.35 could reinforce TA7.15 by increasing the recycling of aluminium, which can lead to a reduction in pollution and improvement of soil health.
TA3	;TA3.36;Circularity/Recycling - Municipal Waste;Member States shall take the necessary measures to attain a recycling target of 70% of glass by weight of glass contained in packaging waste generated by 31 December 2025 and of 75% by 31 December 2030 Proposal on packaging and packaging waste;TA7.4;Improve Air Quality;The Industrial Emissions Directive (IED) aims at preventing or reducing emissions from large industrial installations and intensive farming into the environment.;+;1;The implementation of TA3.36 could enable TA7.4 by increasing the recycling of glass, which can lead to a reduction in emissions from industrial activities.
TA3	;TA3.37;Circularity/Recycling - Municipal Waste;Member States shall take the necessary measures to attain a recycling target of 75% of paper and cardboard by weight of paper and cardboard contained in packaging waste generated by 31 December 2025 and of 85% by 31 December 2030 Proposal on packaging and packaging waste;TA7.14;Noise Reduction;Reduce the share of people chronically disturbed by transport noise by 30%, by 2030;-;1;The implementation of TA3.37 could constrain TA7.14 by increasing the recycling of paper and cardboard, which may lead to increased transport activities and noise pollution.
TA3	;TA3.52;Circularity/Recycling - Plastic & Packaging;At least 20% of the carbon used in the chemical and plastic products should be from sustainable non-fossil sources by 2030, in full consideration of the EU's biodiversity and circular economy objectives and of the upcoming policy framework for bio-based, biodegradable and compostable plastics. Communication on Sustainable Carbon Cycles;TA7.9;Improve Air Quality;Improve air quality to reduce the number of premature deaths caused by air pollution by 55% by 2030;+;2;The implementation of TA3.52 could reinforce TA7.9 by reducing pollution from chemical and plastic products, which can improve air quality and reduce premature deaths.
TA3	;TA3.29;Circularity/Recycling - Plastic & Packaging;Member States shall take measures to achieve a sustained reduction in the consumption of lightweight plastic carrier bags on their territory. A sustained reduction is achieved if the annual consumption does not exceed 40 lightweight plastic carrier bags per person, or the equivalent target in weight, by 31 December 2025, and subsequently by 31 December in each year thereafter. Proposal on packaging and packaging waste;TA7.10;Improve Water Quality;Improve water quality by reducing waste, plastic litter at sea (by 50%);+;1;The implementation of TA3.29 could enable TA7.10 by reducing the consumption of lightweight plastic carrier bags, which can lead to a reduction in plastic litter at sea.
TA3	;TA3.32;Circularity/Recycling - Plastic & Packaging;Member States shall take the necessary measures to attain a recycling target of 50% of plastic by weight of plastic contained in packaging waste generated by 31 December 2025, and of 55% by weight of plastic in packaging waste generated by 31 December 2030. Proposal on packaging and packaging waste;TA7.11;Improve Water Quality;Improve water quality by reducing microplastics released into the environment (by 30%);+;1;The implementation of TA3.32 could enable TA7.11 by increasing the recycling of plastic, which can lead to a reduction in microplastics released into the environment.
TA3	;TA3.38;Circularity/Recycling - Vehicle Circularity;Each vehicle belonging to a vehicle type that is type-approved as of [the first day of the month following 72 months after the date of entry into force of this Regulation] under Regulation (EU) 2018/858 shall be constructed so that it is: (a) reusable/recyclable to a minimum of 85% by mass, (b) reusable/recoverable to a minimum of 95 % by mass. Proposal for a Regulation on circularity requirements for vehicle design and on management of end-of-life vehicles;TA7.14;Noise Reduction;Reduce the share of people chronically disturbed by transport noise by 30%, by 2030;-;1;The implementation of TA3.38 could constrain TA7.14 by increasing the use of recycled materials in vehicle production, which may lead to increased noise pollution from transport activities.
TA3	;TA3.48;Circularity/Recycling - Vehicle Circularity;The plastic contained in each vehicle type that is type-approved as of [the first day of the month following 72 months after the date of entry into force of the Regulation] under Regulation (EU) 2018/858 shall contain a minimum of 25 % of plastic recycled by weight from post-consumer plastic waste. Proposal for a Regulation on circularity requirements for vehicle design and on management of end-of-life vehicles;TA7.6;Improve Soils Health;Improve soil quality by reducing chemical pesticides‚Äô use by 50%, by 2030;+;1;The implementation of TA3.48 could enable TA7.6 by promoting the use of recycled plastic, which can lead to a reduction in chemical pesticides use.
TA3	;TA3.49;Circularity/Recycling - Vehicle Circularity;At least 25% of the target set out in the first subparagraph shall be achieved by including plastics recycled from end-of-life vehicles in the vehicle type concerned. Proposal for a Regulation on circularity requirements for vehicle design and on management of end-of-life vehicles;TA7.4;Improve Air Quality;The Industrial Emissions Directive (IED) aims at preventing or reducing emissions from large industrial installations and intensive farming into the environment.;+;1;The implementation of TA3.49 could enable TA7.4 by increasing the recycling of plastics from end-of-life vehicles, which can lead to a reduction in emissions from industrial activities.
TA3	;TA3.50;Circularity/Recycling - Vehicle Circularity;Member States shall ensure that the following targets are met by the waste management operators: (a) the reuse and recovery, as calculated together, shall be a minimum of 95 %, by average weight per vehicle, excluding batteries, and year, (b) the reuse and recycling, as calculated together, shall be a minimum of 85 %, by average weight per vehicle, excluding batteries, and year. Proposal for a Regulation on circularity requirements for vehicle design and on management of end-of-life vehicles;TA7.8;Improve Soils Health;Improve soil quality by reducing nutrient losses use by 50%, by 2030;+;1;The implementation of TA3.50 could enable TA7.8 by increasing the recycling and reuse of vehicles, which can lead to a reduction in nutrient losses.
TA3	;TA3.51;Circularity/Recycling - Vehicle Circularity;Member States shall ensure that waste management operators achieve a yearly target for the recycling of plastics of at least 30 % of the total weight of plastics contained in the vehicles delivered to the waste management operators. Proposal for a Regulation on circularity requirements for vehicle design and on management of end-of-life vehicles;TA7.11;Improve Water Quality;Improve water quality by reducing microplastics released into the environment (by 30%);+;1;The implementation of TA3.51 could enable TA7.11 by increasing the recycling of plastics, which can lead to a reduction in microplastics released into the environment.
TA3	;TA3.11;Critical Raw Materials - Extraction & Import;Diversify the Union  imports of strategic raw materials with a view to ensuring that, by 2030, the Union  annual consumption of each strategic raw material at any relevant stage of processing can rely on imports from several third countries;TA7.4;Improve Air Quality;The Industrial Emissions Directive (IED) aims at preventing or reducing emissions from large industrial installations and intensive farming into the environment.;+;1;The implementation of TA3.11 could enable TA7.4 by increasing the diversification of imports, which can lead to a reduction in emissions from industrial activities.
TA3	;TA3.8;Critical Raw Materials - Extraction & Import;By 2030, Union extraction capacity should be able of extracting the ores, minerals or concentrates needed to produce at least 10% of the Union  annual consumption of strategic raw materials;TA7.6;Improve Soils Health;Improve soil quality by reducing chemical pesticides‚Äô use by 50%, by 2030;+;1;The implementation of TA3.8 could enable TA7.6 by increasing the extraction of raw materials, which can lead to a reduction in chemical pesticides use.
TA3	;TA3.9;Critical Raw Materials - Extraction & Import;By 2030, Union processing capacity, including for all intermediate processing steps, should be able of producing at least 40% of the Union  annual consumption of strategic raw materials;TA7.15;Improve Soils Health;Having all soils in healthy condition by 2050;+;2;The implementation of TA3.9 could reinforce TA7.15 by increasing the processing capacity, which can lead to a reduction in pollution and improvement of soil health.
TA3	;TA3.12;Net-Zero Technology - Manufacturing;By 2030, manufacturing capacity in the Union of the strategic net-zero technologies listed in the Annex approaches or reaches a benchmark of at least 40% of the Union  annual deployment needs;TA7.4;Improve Air Quality;The Industrial Emissions Directive (IED) aims at preventing or reducing emissions from large industrial installations and intensive farming into the environment.;+;1;The implementation of TA3.12 could enable TA7.4 by increasing the manufacturing capacity, which can lead to a reduction in emissions from industrial activities.
TA3	;TA3.24;Waste Reduction - Food Waste;Reduce the generation of food waste in processing and manufacturing by 10% in comparison to the amount generated in 2020;TA7.6;Improve Soils Health;Improve soil quality by reducing chemical pesticides‚Äô use by 50%, by 2030;+;1;The implementation of TA3.24 could enable TA7.6 by reducing food waste, which can lead to a reduction in chemical pesticides use.
TA3	;TA3.25;Waste Reduction - Food Waste;Reduce the generation of food waste per capita, jointly in retail and other distribution of food, in restaurants and food services and in households, by 30% in comparison to the amount generated in 2020;TA7.14;Noise Reduction;Reduce the share of people chronically disturbed by transport noise by 30%, by 2030;-;1;The implementation of TA3.25 could constrain TA7.14 by increasing food waste reduction efforts, which may lead to increased transport activities and noise pollution.
TA3	;TA3.1;Waste Reduction - Municipal Waste;Halve the amount of residual (non-recycled) municipal waste by 2030;TA7.4;Improve Air Quality;The Industrial Emissions Directive (IED) aims at preventing or reducing emissions from large industrial installations and intensive farming into the environment.;+;1;The implementation of TA3.1 could enable TA7.4 by reducing municipal waste, which can lead to a reduction in emissions from industrial activities.
TA3	;TA3.27;Waste Reduction - Plastic & Packaging;All packaging shall be recyclable;TA7.10;Improve Water Quality;Improve water quality by reducing waste, plastic litter at sea (by 50%);+;1;The implementation of TA3.27 could enable TA7.10 by increasing the recyclability of packaging, which can lead to a reduction in plastic litter at sea.
TA3	;TA3.28;Waste Reduction - Plastic & Packaging;The plastic part in packaging shall contain the following minimum percentage of recycled content recovered from post-consumer plastic waste;TA7.11;Improve Water Quality;Improve water quality by reducing microplastics released into the environment (by 30%);+;1;The implementation of TA3.28 could enable TA7.11 by increasing the use of recycled plastic, which can lead to a reduction in microplastics released into the environment.
TA3	;TA3.29;Circularity/Recycling - Plastic & Packaging;Member States shall take measures to achieve a sustained reduction in the consumption of lightweight plastic carrier bags on their territory. A sustained reduction is achieved if the annual consumption does not exceed 40 lightweight plastic carrier bags per person, or the equivalent target in weight, by 31 December 2025, and subsequently by 31 December in each year thereafter. Proposal on packaging and packaging waste;TA7.14;Noise Reduction;Reduce the share of people chronically disturbed by transport noise by 30%, by 2030;-;1;The implementation of TA3.29 could constrain TA7.14 by increasing the reduction of plastic carrier bags, which may lead to increased transport activities and noise pollution.
TA3	;TA3.3;Circularity/Recycling;Double EU  circular material use rate in the coming decade;TA1.3;GHG Reduction;Reduce by at least 55% net GHG emissions compared to 1990 levels, by 2030;+;2;The implementation of TA3.3 will likely reinforce TA1.3 by reducing waste and increasing recycling, which in turn will decrease GHG emissions.
TA3	;TA3.13;Circularity/Recycling - Critical Raw Materials - Batteries Recycling;By 2030, Union recycling capacity, including for all intermediate recycling steps, should be able of producing at least 25% of the Union  annual consumption of strategic raw materials;TA1.11;GHG Reduction;Diversify the Union  imports of strategic raw materials with a view to ensuring that, by 2030, the Union  annual consumption of each strategic raw material at any relevant stage of processing can rely on imports from several third countries;+;1;The implementation of TA3.13 will enable TA1.11 by increasing the recycling capacity, which will reduce the Union's reliance on imports from a limited number of countries.
TA3	;TA3.15;Circularity/Recycling - Critical Raw Materials - Batteries Recycling;Producers of starting, lighting and ignition batteries, industrial batteries and electric vehicle batteries or, where appointed in accordance with Article 57(1), producer responsibility organisations, shall take back, free of charge and without an obligation on the end-user to buy a new battery;TA1.9;GHG Reduction;EU ETS. The contribution of the sectors covered by the existing EU Emission trading System (EU ETS) with respect to the EU Climate ambition should be of -62% compared to 2005;+;2;The implementation of TA3.15 will support TA1.9 by promoting the recycling and reuse of batteries, which will reduce GHG emissions from the production of new batteries.
TA3	;TA3.16;Circularity/Recycling - Critical Raw Materials - Batteries Recycling;Producers of portable batteries or, where appointed in accordance with Article 57(1), producer responsibility organisations, shall attain, and maintain durably, at least the following collection targets for waste portable batteries;TA1.10;GHG Reduction - Buildings;ETS2. Contribution of the buildings and road transport sectors of 43% emission reductions by 2030 compared to 2005;+;1;The implementation of TA3.16 will aid TA1.10 by increasing the collection and recycling of portable batteries, which will reduce waste and increase the recycling rate, contributing to the reduction of GHG emissions.
TA3	;TA3.17;Circularity/Recycling - Critical Raw Materials - Batteries Recycling;Producers of LMT batteries or, where appointed in accordance with Article 57(1), producer responsibility organisations, shall attain, and maintain durably, at least the following collection targets of waste LMT batteries;TA1.12;GHG Removal;Achieve an EU net greenhouse gas removal of 310 million tonnes CO2 equivalent per year for the land use, land use change and forestry (LULUCF) sector, by 2030;+;2;The implementation of TA3.17 will support TA1.12 by promoting the recycling and reuse of LMT batteries, which will reduce waste and increase the recycling rate, contributing to the reduction of GHG emissions and the increase of the EU's net greenhouse gas removal.
TA3	;TA3.18;Circularity/Recycling - Critical Raw Materials - Batteries Recycling;For industrial batteries with a capacity greater than 2kWh, except those with exclusively external storage, electric vehicle batteries and starting, lighting and ignition batteries that contain cobalt, lead, lithium or nickel in active materials, the minimum recycled content percentage for each battery model per year and per manufacturing plant shall be;TA1.7;GHG Reduction;Reduce methane emissions by 35 to 37% compared to 2005 levels, by 2030;+;1;The implementation of TA3.18 will aid TA1.7 by increasing the recycling rate of industrial batteries, which will reduce the demand for primary materials and decrease GHG emissions from the production of new batteries.
TA3	;TA3.19;Circularity/Recycling - Critical Raw Materials - Batteries Recycling;Any natural or legal person that places on the market products incorporating portable batteries shall ensure that those batteries are readily removable and replaceable by the end-user at any time during the lifetime of the product;TA1.3;GHG Reduction;Reduce by at least 55% net GHG emissions compared to 1990 levels, by 2030;+;2;The implementation of TA3.19 will support TA1.3 by promoting the design of products with recyclable batteries, which will increase the recycling rate and reduce waste, contributing to the reduction of GHG emissions.
TA3	;TA3.20;Circularity/Recycling - Critical Raw Materials - Batteries Recycling;Recycling shall achieve at least the following targets for recycling efficiency: No later than 31 December 2025- 75% by average weight of lead-acid batteries- 80% by average weight of nickel-cadmium batteries - 50% by average weight of other waste batteriesNo later than 31 December 2030- 80% by average weight of lead-acid batteries Regulation (EU) 2023/1542;TA1.10;GHG Reduction - Buildings;ETS2. Contribution of the buildings and road transport sectors of 43% emission reductions by 2030 compared to 2005;+;1;The implementation of TA3.20 will aid TA1.10 by increasing the recycling efficiency of batteries, which will reduce waste and increase the recycling rate, contributing to the reduction of GHG emissions.
TA3	;TA3.21;Circularity/Recycling - Critical Raw Materials - Batteries Recycling;Recycling shall achieve at least the following targets for recycling efficiency:- No later than 31 December 2025, 65% by average weight of lithium-based batteries- No later than 31 December 2030, 70% by average weight of lithium-based batteries.Regulation (EU) 2023/1542;TA1.12;GHG Removal;Achieve an EU net greenhouse gas removal of 310 million tonnes CO2 equivalent per year for the land use, land use change and forestry (LULUCF) sector, by 2030;+;2;The implementation of TA3.21 will support TA1.12 by promoting the recycling and reuse of lithium-based batteries, which will reduce waste and increase the recycling rate, contributing to the reduction of GHG emissions and the increase of the EU's net greenhouse gas removal.
TA3	;TA3.22;Circularity/Recycling - Critical Raw Materials - Batteries Recycling;All recycling shall achieve at least the following targets for recovery of materials:- No later than 31 December 2027, 90% for cobalt, copper, lead, nickel- No later than 31 December 2031, 95% for cobalt, copper, lead, nickelRegulation (EU) 2023/1542;TA1.7;GHG Reduction;Reduce methane emissions by 35 to 37% compared to 2005 levels, by 2030;+;1;The implementation of TA3.22 will aid TA1.7 by increasing the recovery rate of materials from recycling, which will reduce the demand for primary materials and decrease GHG emissions from the production of new materials.
TA3	;TA3.23;Circularity/Recycling - Critical Raw Materials - Batteries Recycling;All recycling shall achieve at least the following targets for recovery of materials, 50% for lithium, no later than 31 December 2027 and 80% for lithium no later than 31 December 2031.Regulation (EU) 2023/1542;TA1.3;GHG Reduction;Reduce by at least 55% net GHG emissions compared to 1990 levels, by 2030;+;2;The implementation of TA3.23 will support TA1.3 by promoting the recovery of lithium, which will reduce the demand for primary lithium and decrease GHG emissions from the production of new lithium.
TA3	;TA3.30;Circularity/Recycling - Municipal Waste;Each Member State shall reduce the packaging waste generated per capita, as compared to the packaging waste generated per capita in 2018 as reported to the Commission in accordance with Decision 2005/270/EC by 5% by 2030, 10% by 2035, 15% by 2040 Proposal on packaging and packaging waste;TA1.10;GHG Reduction - Buildings;ETS2. Contribution of the buildings and road transport sectors of 43% emission reductions by 2030 compared to 2005;+;1;The implementation of TA3.30 will aid TA1.10 by reducing packaging waste, which will decrease the amount of waste sent to landfills and increase the recycling rate, contributing to the reduction of GHG emissions.
TA3	;TA3.31;Circularity/Recycling - Municipal Waste;Member States shall take the necessary measures to attain the recycling targets of 65% by weight of all packaging waste generated by 31 December 2025, and of 70% by weight of all packaging waste generated by 31 December 2030. Proposal on packaging and packaging waste;TA1.12;GHG Removal;Achieve an EU net greenhouse gas removal of 310 million tonnes CO2 equivalent per year for the land use, land use change and forestry (LULUCF) sector, by 2030;+;2;The implementation of TA3.31 will support TA1.12 by promoting the recycling of packaging waste, which will reduce waste and increase the recycling rate, contributing to the reduction of GHG emissions and the increase of the EU's net greenhouse gas removal.
TA3	;TA3.33;Circularity/Recycling - Municipal Waste;Member States shall take the necessary measures to attain a recycling target of 25% of wood by weight of wood contained in packaging waste generated by 31 December 2025 and of 30% by 31 December 2030. Proposal on packaging and packaging waste;TA1.7;GHG Reduction;Reduce methane emissions by 35 to 37% compared to 2005 levels, by 2030;+;1;The implementation of TA3.33 will aid TA1.7 by increasing the recycling rate of wood, which will reduce the demand for primary wood and decrease GHG emissions from the production of new wood.
TA3	;TA3.34;Circularity/Recycling - Municipal Waste;Member States shall take the necessary measures to attain a recycling target of 70% of ferrous metals by weight of ferrous metals contained in packaging waste generated by 31 December 2025 and of 80% by 31 December 2030 Proposal on packaging and packaging waste;TA1.3;GHG Reduction;Reduce by at least 55% net GHG emissions compared to 1990 levels, by 2030;+;2;The implementation of TA3.34 will support TA1.3 by promoting the recycling of ferrous metals, which will reduce waste and increase the recycling rate, contributing to the reduction of GHG emissions.
TA3	;TA3.35;Circularity/Recycling - Municipal Waste;Member States shall take the necessary measures to attain a recycling target of 50% of aluminium by weight of aluminium contained in packaging waste generated by 31 December 2025 and of 60% by 31 December 2030 Proposal on packaging and packaging waste;TA1.10;GHG Reduction - Buildings;ETS2. Contribution of the buildings and road transport sectors of 43% emission reductions by 2030 compared to 2005;+;1;The implementation of TA3.35 will aid TA1.10 by increasing the recycling rate of aluminium, which will reduce waste and increase the recycling rate, contributing to the reduction of GHG emissions.
TA3	;TA3.36;Circularity/Recycling - Municipal Waste;Member States shall take the necessary measures to attain a recycling target of 70% of glass by weight of glass contained in packaging waste generated by 31 December 2025 and of 75% by 31 December 2030 Proposal on packaging and packaging waste;TA1.12;GHG Removal;Achieve an EU net greenhouse gas removal of 310 million tonnes CO2 equivalent per year for the land use, land use change and forestry (LULUCF) sector, by 2030;+;2;The implementation of TA3.36 will support TA1.12 by promoting the recycling of glass, which will reduce waste and increase the recycling rate, contributing to the reduction of GHG emissions and the increase of the EU's net greenhouse gas removal.
TA3	;TA3.37;Circularity/Recycling - Municipal Waste;Member States shall take the necessary measures to attain a recycling target of 75% of paper and cardboard by weight of paper and cardboard contained in packaging waste generated by 31 December 2025 and of 85% by 31 December 2030 Proposal on packaging and packaging waste;TA1.7;GHG Reduction;Reduce methane emissions by 35 to 37% compared to 2005 levels, by 2030;+;1;The implementation of TA3.37 will aid TA1.7 by increasing the recycling rate of paper and cardboard, which will reduce the demand for primary materials and decrease GHG emissions from the production of new materials.
TA3	;TA3.52;Circularity/Recycling - Plastic & Packaging;At least 20% of the carbon used in the chemical and plastic products should be from sustainable non-fossil sources by 2030, in full consideration of the EU's biodiversity and circular economy objectives and of the upcoming policy framework for bio-based, biodegradable and compostable plastics. Communication on Sustainable Carbon Cycles;TA1.3;GHG Reduction;Reduce by at least 55% net GHG emissions compared to 1990 levels, by 2030;+;2;The implementation of TA3.52 will support TA1.3 by promoting the use of sustainable non-fossil carbon sources, which will reduce GHG emissions from the production of new materials.
TA3	;TA3.29;Circularity/Recycling - Plastic & Packaging;Member States shall take measures to achieve a sustained reduction in the consumption of lightweight plastic carrier bags on their territory. A sustained reduction is achieved if the annual consumption does not exceed 40 lightweight plastic carrier bags per person, or the equivalent target in weight, by 31 December 2025, and subsequently by 31 December in each year thereafter. Proposal on packaging and packaging waste;TA1.10;GHG Reduction - Buildings;ETS2. Contribution of the buildings and road transport sectors of 43% emission reductions by 2030 compared to 2005;+;1;The implementation of TA3.29 will aid TA1.10 by reducing the consumption of lightweight plastic carrier bags, which will decrease the amount of waste sent to landfills and increase the recycling rate, contributing to the reduction of GHG emissions.
TA3	;TA3.32;Circularity/Recycling - Plastic & Packaging;Member States shall take the necessary measures to attain a recycling target of 50% of plastic by weight of plastic contained in packaging waste generated by 31 December 2025, and of 55% by weight of plastic in packaging waste generated by 31 December 2030. Proposal on packaging and packaging waste;TA1.12;GHG Removal;Achieve an EU net greenhouse gas removal of 310 million tonnes CO2 equivalent per year for the land use, land use change and forestry (LULUCF) sector, by 2030;+;2;The implementation of TA3.32 will support TA1.12 by promoting the recycling of plastic, which will reduce waste and increase the recycling rate, contributing to the reduction of GHG emissions and the increase of the EU's net greenhouse gas removal.
TA3	;TA3.38;Circularity/Recycling - Vehicle Circularity;Each vehicle belonging to a vehicle type that is type-approved as of [the first day of the month following 72 months after the date of entry into force of this Regulation] under Regulation (EU) 2018/858 shall be constructed so that it is: (a) reusable/recyclable to a minimum of 85% by mass, (b) reusable/recoverable to a minimum of 95 % by mass. Proposal for a Regulation on circularity requirements for vehicle design and on management of end-of-life vehicles;TA1.10;GHG Reduction - Buildings;ETS2. Contribution of the buildings and road transport sectors of 43% emission reductions by 2030 compared to 2005;+;1;The implementation of TA3.38 will aid TA1.10 by promoting the design of vehicles for recyclability and reusability, which will reduce waste and increase the recycling rate, contributing to the reduction of GHG emissions.
TA3	;TA3.48;Circularity/Recycling - Vehicle Circularity;The plastic contained in each vehicle type that is type-approved as of [the first day of the month following 72 months after the date of entry into force of the Regulation] under Regulation (EU) 2018/858 shall contain a minimum of 25 % of plastic recycled by weight from post-consumer plastic waste. Proposal for a Regulation on circularity requirements for vehicle design and on management of end-of-life vehicles;TA1.12;GHG Removal;Achieve an EU net greenhouse gas removal of 310 million tonnes CO2 equivalent per year for the land use, land use change and forestry (LULUCF) sector, by 2030;+;2;The implementation of TA3.48 will support TA1.12 by promoting the use of recycled plastic in vehicle production, which will reduce waste and increase the recycling rate, contributing to the reduction of GHG emissions and the increase of the EU's net greenhouse gas removal.
TA3	;TA3.49;Circularity/Recycling - Vehicle Circularity;At least 25% of the target set out in the first subparagraph shall be achieved by including plastics recycled from end-of-life vehicles in the vehicle type concerned. Proposal for a Regulation on circularity requirements for vehicle design and on management of end-of-life vehicles;TA1.7;GHG Reduction;Reduce methane emissions by 35 to 37% compared to 2005 levels, by 2030;+;1;The implementation of TA3.49 will aid TA1.7 by increasing the recycling rate of plastics from end-of-life vehicles, which will reduce the demand for primary materials and decrease GHG emissions from the production of new materials.
TA3	;TA3.50;Circularity/Recycling - Vehicle Circularity;Member States shall ensure that the following targets are met by the waste management operators: (a) the reuse and recovery, as calculated together, shall be a minimum of 95 %, by average weight per vehicle, excluding batteries, and year, (b) the reuse and recycling, as calculated together, shall be a minimum of 85 %, by average weight per vehicle, excluding batteries, and year. Proposal for a Regulation on circularity requirements for vehicle design and on management of end-of-life vehicles;TA1.3;GHG Reduction;Reduce by at least 55% net GHG emissions compared to 1990 levels, by 2030;+;2;The implementation of TA3.50 will support TA1.3 by promoting the recycling and reuse of vehicles, which will reduce waste and increase the recycling rate, contributing to the reduction of GHG emissions.
TA3	;TA3.51;Circularity/Recycling - Vehicle Circularity;Member States shall ensure that waste management operators achieve a yearly target for the recycling of plastics of at least 30 % of the total weight of plastics contained in the vehicles delivered to the waste management operators. Proposal for a Regulation on circularity requirements for vehicle design and on management of end-of-life vehicles;TA1.10;GHG Reduction - Buildings;ETS2. Contribution of the buildings and road transport sectors of 43% emission reductions by 2030 compared to 2005;+;1;The implementation of TA3.51 will aid TA1.10 by increasing the recycling rate of plastics, which will reduce waste and increase the recycling rate, contributing to the reduction of GHG emissions.
TA3	;TA3.11;Critical Raw Materials - Extraction & Import;Diversify the Union  imports of strategic raw materials with a view to ensuring that, by 2030, the Union  annual consumption of each strategic raw material at any relevant stage of processing can rely on imports from several third countries;TA1.9;GHG Reduction;EU ETS. The contribution of the sectors covered by the existing EU Emission trading System (EU ETS) with respect to the EU Climate ambition should be of -62% compared to 2005;+;2;The implementation of TA3.11 will support TA1.9 by promoting the diversification of imports, which will reduce the Union's reliance on a limited number of countries and increase the recycling rate, contributing to the reduction of GHG emissions.
TA3	;TA3.8;Critical Raw Materials - Extraction & Import;By 2030, Union extraction capacity should be able of extracting the ores, minerals or concentrates needed to produce at least 10% of the Union  annual consumption of strategic raw materials;TA1.3;GHG Reduction;Reduce by at least 55% net GHG emissions compared to 1990 levels, by 2030;+;2;The implementation of TA3.8 will support TA1.3 by increasing the extraction capacity, which will reduce the demand for primary materials and decrease GHG emissions from the production of new materials.
TA3	;TA3.9;Critical Raw Materials - Extraction & Import;By 2030, Union processing capacity, including for all intermediate processing steps, should be able of producing at least 40% of the Union  annual consumption of strategic raw materials;TA1.10;GHG Reduction - Buildings;ETS2. Contribution of the buildings and road transport sectors of 43% emission reductions by 2030 compared to 2005;+;1;The implementation of TA3.9 will aid TA1.10 by increasing the processing capacity, which will reduce waste and increase the recycling rate, contributing to the reduction of GHG emissions.
TA3	;TA3.12;Net-Zero Technology - Manufacturing;By 2030, manufacturing capacity in the Union of the strategic net-zero technologies listed in the Annex approaches or reaches a benchmark of at least 40% of the Union  annual deployment needs;TA1.12;GHG Removal;Achieve an EU net greenhouse gas removal of 310 million tonnes CO2 equivalent per year for the land use, land use change and forestry (LULUCF) sector, by 2030;+;2;The implementation of TA3.12 will support TA1.12 by promoting the development of net-zero technologies, which will reduce GHG emissions and increase the EU's net greenhouse gas removal.
TA3	;TA3.24;Waste Reduction - Food Waste;Reduce the generation of food waste in processing and manufacturing by 10% in comparison to the amount generated in 2020;TA1.7;GHG Reduction;Reduce methane emissions by 35 to 37% compared to 2005 levels, by 2030;+;1;The implementation of TA3.24 will aid TA1.7 by reducing food waste, which will decrease the demand for primary materials and decrease GHG emissions from the production of new materials.
TA3	;TA3.25;Waste Reduction - Food Waste;Reduce the generation of food waste per capita, jointly in retail and other distribution of food, in restaurants and food services and in households, by 30% in comparison to the amount generated in 2020;TA1.3;GHG Reduction;Reduce by at least 55% net GHG emissions compared to 1990 levels, by 2030;+;2;The implementation of TA3.25 will support TA1.3 by promoting the reduction of food waste, which will reduce the demand for primary materials and decrease GHG emissions from the production of new materials.
TA3	;TA3.1;Waste Reduction - Municipal Waste;Halve the amount of residual (non-recycled) municipal waste by 2030;TA1.10;GHG Reduction - Buildings;ETS2. Contribution of the buildings and road transport sectors of 43% emission reductions by 2030 compared to 2005;+;1;The implementation of TA3.1 will aid TA1.10 by reducing municipal waste, which will decrease the amount of waste sent to landfills and increase the recycling rate, contributing to the reduction of GHG emissions.
TA3	;TA3.30;Circularity/Recycling - Municipal Waste;Each Member State shall reduce the packaging waste generated per capita, as compared to the packaging waste generated per capita in 2018 as reported to the Commission in accordance with Decision 2005/270/EC by 5% by 2030, 10% by 2035, 15% by 2040 Proposal on packaging and packaging waste;TA1.12;GHG Removal;Achieve an EU net greenhouse gas removal of 310 million tonnes CO2 equivalent per year for the land use, land use change and forestry (LULUCF) sector, by 2030;+;2;The implementation of TA3.30 will support TA1.12 by promoting the reduction of packaging waste, which will reduce waste and increase the recycling rate, contributing to the reduction of GHG emissions and the increase of the EU's net greenhouse gas removal.
TA3	;TA3.27;Waste Reduction - Plastic & Packaging;All packaging shall be recyclable;TA1.7;GHG Reduction;Reduce methane emissions by 35 to 37% compared to 2005 levels, by 2030;+;1;The implementation of TA3.27 will aid TA1.7 by increasing the recycling rate of packaging, which will reduce the demand for primary materials and decrease GHG emissions from the production of new materials.
TA3	;TA3.28;Waste Reduction - Plastic & Packaging;The plastic part in packaging shall contain the following minimum percentage of recycled content recovered from post-consumer plastic waste;TA1.3;GHG Reduction;Reduce by at least 55% net GHG emissions compared to 1990 levels, by 2030;+;2;The implementation of TA3.28 will support TA1.3 by promoting the use of recycled plastic in packaging, which will reduce waste and increase the recycling rate, contributing to the reduction of GHG emissions.
TA3	;TA3.29;Circularity/Recycling - Plastic & Packaging;Member States shall take measures to achieve a sustained reduction in the consumption of lightweight plastic carrier bags on their territory. A sustained reduction is achieved if the annual consumption does not exceed 40 lightweight plastic carrier bags per person, or the equivalent target in weight, by 31 December 2025, and subsequently by 31 December in each year thereafter. Proposal on packaging and packaging waste;TA1.10;GHG Reduction - Buildings;ETS2. Contribution of the buildings and road transport sectors of 43% emission reductions by 2030 compared to 2005;+;1;The implementation of TA3.29 will aid TA1.10 by reducing the consumption of lightweight plastic carrier bags, which will decrease the amount of waste sent to landfills and increase the recycling rate, contributing to the reduction of GHG emissions.
TA3	;TA3.3;Circularity/Recycling;Double EU  circular material use rate in the coming decade;TA7.9;Improve Air Quality;Improve air quality to reduce the number of premature deaths caused by air pollution by 55% by 2030;+;2;The implementation of TA3.3 could reinforce TA7.9 by reducing pollution from waste management and increasing the use of recycled materials, thus improving air quality and reducing premature deaths.
TA3	;TA3.13;Circularity/Recycling - Critical Raw Materials - Batteries Recycling;By 2030, Union recycling capacity, including for all intermediate recycling steps, should be able of producing at least 25% of the Union  annual consumption of strategic raw materials;TA7.4;Improve Air Quality;The Industrial Emissions Directive (IED) aims at preventing or reducing emissions from large industrial installations and intensive farming into the environment.;+;1;The implementation of TA3.13 could enable TA7.4 by increasing the recycling capacity for strategic raw materials, which can lead to a reduction in emissions from industrial activities.
TA3	;TA3.15;Circularity/Recycling - Critical Raw Materials - Batteries Recycling;Producers of starting, lighting and ignition batteries, industrial batteries and electric vehicle batteries or, where appointed in accordance with Article 57(1), producer responsibility organisations, shall take back, free of charge and without an obligation on the end-user to buy a new battery;TA7.5;Improve Water Quality;The revised Urban Wastewater Treatment Directive (UWWTD) extends the scope of the 1991 UWWTD;+;1;The implementation of TA3.15 could enable TA7.5 by increasing the collection and recycling of batteries, which can lead to a reduction in pollution in water bodies.
TA3	;TA3.16;Circularity/Recycling - Critical Raw Materials - Batteries Recycling;Producers of portable batteries or, where appointed in accordance with Article 57(1), producer responsibility organisations, shall attain, and maintain durably, at least the following collection targets for waste portable batteries;TA7.10;Improve Water Quality;Improve water quality by reducing waste, plastic litter at sea (by 50%);+;1;The implementation of TA3.16 could enable TA7.10 by increasing the collection and recycling of portable batteries, which can lead to a reduction in plastic litter at sea.
TA3	;TA3.17;Circularity/Recycling - Critical Raw Materials - Batteries Recycling;Producers of LMT batteries or, where appointed in accordance with Article 57(1), producer responsibility organisations, shall attain, and maintain durably, at least the following collection targets of waste LMT batteries;TA7.11;Improve Water Quality;Improve water quality by reducing microplastics released into the environment (by 30%);+;1;The implementation of TA3.17 could enable TA7.11 by increasing the collection and recycling of LMT batteries, which can lead to a reduction in microplastics released into the environment.
TA3	;TA3.18;Circularity/Recycling - Critical Raw Materials - Batteries Recycling;For industrial batteries with a capacity greater than 2kWh, except those with exclusively external storage, electric vehicle batteries and starting, lighting and ignition batteries that contain cobalt, lead, lithium or nickel in active materials, the minimum recycled content percentage for each battery model per year and per manufacturing plant shall be;TA7.14;Noise Reduction;Reduce the share of people chronically disturbed by transport noise by 30%, by 2030;-;1;The implementation of TA3.18 could constrain TA7.14 by increasing the use of recycled materials in battery production, which may lead to increased noise pollution from transport activities.
TA3	;TA3.19;Circularity/Recycling - Critical Raw Materials - Batteries Recycling;Any natural or legal person that places on the market products incorporating portable batteries shall ensure that those batteries are readily removable and replaceable by the end-user at any time during the lifetime of the product;TA7.6;Improve Soils Health;Improve soil quality by reducing chemical pesticides‚Äô use by 50%, by 2030;+;1;The implementation of TA3.19 could enable TA7.6 by promoting the use of sustainable and environmentally-friendly products, which can lead to a reduction in chemical pesticides use.
TA3	;TA3.20;Circularity/Recycling - Critical Raw Materials - Batteries Recycling;Recycling shall achieve at least the following targets for recycling efficiency: No later than 31 December 2025- 75% by average weight of lead-acid batteries- 80% by average weight of nickel-cadmium batteries - 50% by average weight of other waste batteriesNo later than 31 December 2030- 80% by average weight of lead-acid batteries Regulation (EU) 2023/1542;TA7.8;Improve Soils Health;Improve soil quality by reducing nutrient losses use by 50%, by 2030;+;1;The implementation of TA3.20 could enable TA7.8 by increasing the recycling efficiency of waste batteries, which can lead to a reduction in nutrient losses.
TA3	;TA3.21;Circularity/Recycling - Critical Raw Materials - Batteries Recycling;Recycling shall achieve at least the following targets for recycling efficiency:- No later than 31 December 2025, 65% by average weight of lithium-based batteries- No later than 31 December 2030, 70% by average weight of lithium-based batteries.Regulation (EU) 2023/1542;TA7.15;Improve Soils Health;Having all soils in healthy condition by 2050;+;2;The implementation of TA3.21 could reinforce TA7.15 by increasing the recycling efficiency of lithium-based batteries, which can lead to a reduction in pollution and improvement of soil health.
TA3	;TA3.22;Circularity/Recycling - Critical Raw Materials - Batteries Recycling;All recycling shall achieve at least the following targets for recovery of materials:- No later than 31 December 2027, 90% for cobalt, copper, lead, nickel- No later than 31 December 2031, 95% for cobalt, copper, lead, nickelRegulation (EU) 2023/1542;TA7.4;Improve Air Quality;The Industrial Emissions Directive (IED) aims at preventing or reducing emissions from large industrial installations and intensive farming into the environment.;+;1;The implementation of TA3.22 could enable TA7.4 by increasing the recovery of materials from recycling, which can lead to a reduction in emissions from industrial activities.
TA3	;TA3.23;Circularity/Recycling - Critical Raw Materials - Batteries Recycling;All recycling shall achieve at least the following targets for recovery of materials, 50% for lithium, no later than 31 December 2027 and 80% for lithium no later than 31 December 2031.Regulation (EU) 2023/1542;TA7.5;Improve Water Quality;The revised Urban Wastewater Treatment Directive (UWWTD) extends the scope of the 1991 UWWTD;+;1;The implementation of TA3.23 could enable TA7.5 by increasing the recovery of lithium, which can lead to a reduction in pollution in water bodies.
TA3	;TA3.30;Circularity/Recycling - Municipal Waste;Each Member State shall reduce the packaging waste generated per capita, as compared to the packaging waste generated per capita in 2018 as reported to the Commission in accordance with Decision 2005/270/EC by 5% by 2030, 10% by 2035, 15% by 2040 Proposal on packaging and packaging waste;TA7.10;Improve Water Quality;Improve water quality by reducing waste, plastic litter at sea (by 50%);+;1;The implementation of TA3.30 could enable TA7.10 by reducing packaging waste, which can lead to a reduction in plastic litter at sea.
TA3	;TA3.31;Circularity/Recycling - Municipal Waste;Member States shall take the necessary measures to attain the recycling targets of 65% by weight of all packaging waste generated by 31 December 2025, and of 70% by weight of all packaging waste generated by 31 December 2030. Proposal on packaging and packaging waste;TA7.11;Improve Water Quality;Improve water quality by reducing microplastics released into the environment (by 30%);+;1;The implementation of TA3.31 could enable TA7.11 by increasing the recycling of packaging waste, which can lead to a reduction in microplastics released into the environment.
TA3	;TA3.33;Circularity/Recycling - Municipal Waste;Member States shall take the necessary measures to attain a recycling target of 25% of wood by weight of wood contained in packaging waste generated by 31 December 2025 and of 30% by 31 December 2030. Proposal on packaging and packaging waste;TA7.6;Improve Soils Health;Improve soil quality by reducing chemical pesticides‚Äô use by 50%, by 2030;+;1;The implementation of TA3.33 could enable TA7.6 by promoting the use of sustainable forestry practices, which can lead to a reduction in chemical pesticides use.
TA3	;TA3.34;Circularity/Recycling - Municipal Waste;Member States shall take the necessary measures to attain a recycling target of 70% of ferrous metals by weight of ferrous metals contained in packaging waste generated by 31 December 2025 and of 80% by 31 December 2030 Proposal on packaging and packaging waste;TA7.8;Improve Soils Health;Improve soil quality by reducing nutrient losses use by 50%, by 2030;+;1;The implementation of TA3.34 could enable TA7.8 by increasing the recycling of ferrous metals, which can lead to a reduction in nutrient losses.
TA3	;TA3.35;Circularity/Recycling - Municipal Waste;Member States shall take the necessary measures to attain a recycling target of 50% of aluminium by weight of aluminium contained in packaging waste generated by 31 December 2025 and of 60% by 31 December 2030 Proposal on packaging and packaging waste;TA7.15;Improve Soils Health;Having all soils in healthy condition by 2050;+;2;The implementation of TA3.35 could reinforce TA7.15 by increasing the recycling of aluminium, which can lead to a reduction in pollution and improvement of soil health.
TA3	;TA3.36;Circularity/Recycling - Municipal Waste;Member States shall take the necessary measures to attain a recycling target of 70% of glass by weight of glass contained in packaging waste generated by 31 December 2025 and of 75% by 31 December 2030 Proposal on packaging and packaging waste;TA7.4;Improve Air Quality;The Industrial Emissions Directive (IED) aims at preventing or reducing emissions from large industrial installations and intensive farming into the environment.;+;1;The implementation of TA3.36 could enable TA7.4 by increasing the recycling of glass, which can lead to a reduction in emissions from industrial activities.
TA3	;TA3.37;Circularity/Recycling - Municipal Waste;Member States shall take the necessary measures to attain a recycling target of 75% of paper and cardboard by weight of paper and cardboard contained in packaging waste generated by 31 December 2025 and of 85% by 31 December 2030 Proposal on packaging and packaging waste;TA7.14;Noise Reduction;Reduce the share of people chronically disturbed by transport noise by 30%, by 2030;-;1;The implementation of TA3.37 could constrain TA7.14 by increasing the recycling of paper and cardboard, which may lead to increased transport activities and noise pollution.
TA3	;TA3.52;Circularity/Recycling - Plastic & Packaging;At least 20% of the carbon used in the chemical and plastic products should be from sustainable non-fossil sources by 2030, in full consideration of the EU's biodiversity and circular economy objectives and of the upcoming policy framework for bio-based, biodegradable and compostable plastics. Communication on Sustainable Carbon Cycles;TA7.9;Improve Air Quality;Improve air quality to reduce the number of premature deaths caused by air pollution by 55% by 2030;+;2;The implementation of TA3.52 could reinforce TA7.9 by reducing pollution from chemical and plastic products, which can improve air quality and reduce premature deaths.
TA3	;TA3.29;Circularity/Recycling - Plastic & Packaging;Member States shall take measures to achieve a sustained reduction in the consumption of lightweight plastic carrier bags on their territory. A sustained reduction is achieved if the annual consumption does not exceed 40 lightweight plastic carrier bags per person, or the equivalent target in weight, by 31 December 2025, and subsequently by 31 December in each year thereafter. Proposal on packaging and packaging waste;TA7.10;Improve Water Quality;Improve water quality by reducing waste, plastic litter at sea (by 50%);+;1;The implementation of TA3.29 could enable TA7.10 by reducing the consumption of lightweight plastic carrier bags, which can lead to a reduction in plastic litter at sea.
TA3	;TA3.32;Circularity/Recycling - Plastic & Packaging;Member States shall take the necessary measures to attain a recycling target of 50% of plastic by weight of plastic contained in packaging waste generated by 31 December 2025, and of 55% by weight of plastic in packaging waste generated by 31 December 2030. Proposal on packaging and packaging waste;TA7.11;Improve Water Quality;Improve water quality by reducing microplastics released into the environment (by 30%);+;1;The implementation of TA3.32 could enable TA7.11 by increasing the recycling of plastic, which can lead to a reduction in microplastics released into the environment.
TA3	;TA3.38;Circularity/Recycling - Vehicle Circularity;Each vehicle belonging to a vehicle type that is type-approved as of [the first day of the month following 72 months after the date of entry into force of this Regulation] under Regulation (EU) 2018/858 shall be constructed so that it is: (a) reusable/recyclable to a minimum of 85% by mass, (b) reusable/recoverable to a minimum of 95 % by mass. Proposal for a Regulation on circularity requirements for vehicle design and on management of end-of-life vehicles;TA7.14;Noise Reduction;Reduce the share of people chronically disturbed by transport noise by 30%, by 2030;-;1;The implementation of TA3.38 could constrain TA7.14 by increasing the use of recycled materials in vehicle production, which may lead to increased noise pollution from transport activities.
TA3	;TA3.48;Circularity/Recycling - Vehicle Circularity;The plastic contained in each vehicle type that is type-approved as of [the first day of the month following 72 months after the date of entry into force of the Regulation] under Regulation (EU) 2018/858 shall contain a minimum of 25 % of plastic recycled by weight from post-consumer plastic waste. Proposal for a Regulation on circularity requirements for vehicle design and on management of end-of-life vehicles;TA7.6;Improve Soils Health;Improve soil quality by reducing chemical pesticides‚Äô use by 50%, by 2030;+;1;The implementation of TA3.48 could enable TA7.6 by promoting the use of recycled plastic, which can lead to a reduction in chemical pesticides use.
TA3	;TA3.49;Circularity/Recycling - Vehicle Circularity;At least 25% of the target set out in the first subparagraph shall be achieved by including plastics recycled from end-of-life vehicles in the vehicle type concerned. Proposal for a Regulation on circularity requirements for vehicle design and on management of end-of-life vehicles;TA7.4;Improve Air Quality;The Industrial Emissions Directive (IED) aims at preventing or reducing emissions from large industrial installations and intensive farming into the environment.;+;1;The implementation of TA3.49 could enable TA7.4 by increasing the recycling of plastics from end-of-life vehicles, which can lead to a reduction in emissions from industrial activities.
TA3	;TA3.50;Circularity/Recycling - Vehicle Circularity;Member States shall ensure that the following targets are met by the waste management operators: (a) the reuse and recovery, as calculated together, shall be a minimum of 95 %, by average weight per vehicle, excluding batteries, and year, (b) the reuse and recycling, as calculated together, shall be a minimum of 85 %, by average weight per vehicle, excluding batteries, and year. Proposal for a Regulation on circularity requirements for vehicle design and on management of end-of-life vehicles;TA7.8;Improve Soils Health;Improve soil quality by reducing nutrient losses use by 50%, by 2030;+;1;The implementation of TA3.50 could enable TA7.8 by increasing the recycling and reuse of vehicles, which can lead to a reduction in nutrient losses.
TA3	;TA3.51;Circularity/Recycling - Vehicle Circularity;Member States shall ensure that waste management operators achieve a yearly target for the recycling of plastics of at least 30 % of the total weight of plastics contained in the vehicles delivered to the waste management operators. Proposal for a Regulation on circularity requirements for vehicle design and on management of end-of-life vehicles;TA7.11;Improve Water Quality;Improve water quality by reducing microplastics released into the environment (by 30%);+;1;The implementation of TA3.51 could enable TA7.11 by increasing the recycling of plastics, which can lead to a reduction in microplastics released into the environment.
TA3	;TA3.11;Critical Raw Materials - Extraction & Import;Diversify the Union  imports of strategic raw materials with a view to ensuring that, by 2030, the Union  annual consumption of each strategic raw material at any relevant stage of processing can rely on imports from several third countries;TA7.4;Improve Air Quality;The Industrial Emissions Directive (IED) aims at preventing or reducing emissions from large industrial installations and intensive farming into the environment.;+;1;The implementation of TA3.11 could enable TA7.4 by increasing the diversification of imports, which can lead to a reduction in emissions from industrial activities.
TA3	;TA3.8;Critical Raw Materials - Extraction & Import;By 2030, Union extraction capacity should be able of extracting the ores, minerals or concentrates needed to produce at least 10% of the Union  annual consumption of strategic raw materials;TA7.6;Improve Soils Health;Improve soil quality by reducing chemical pesticides‚Äô use by 50%, by 2030;+;1;The implementation of TA3.8 could enable TA7.6 by increasing the extraction of raw materials, which can lead to a reduction in chemical pesticides use.
TA3	;TA3.9;Critical Raw Materials - Extraction & Import;By 2030, Union processing capacity, including for all intermediate processing steps, should be able of producing at least 40% of the Union  annual consumption of strategic raw materials;TA7.15;Improve Soils Health;Having all soils in healthy condition by 2050;+;2;The implementation of TA3.9 could reinforce TA7.15 by increasing the processing capacity, which can lead to a reduction in pollution and improvement of soil health.
TA3	;TA3.12;Net-Zero Technology - Manufacturing;By 2030, manufacturing capacity in the Union of the strategic net-zero technologies listed in the Annex approaches or reaches a benchmark of at least 40% of the Union  annual deployment needs;TA7.4;Improve Air Quality;The Industrial Emissions Directive (IED) aims at preventing or reducing emissions from large industrial installations and intensive farming into the environment.;+;1;The implementation of TA3.12 could enable TA7.4 by increasing the manufacturing capacity, which can lead to a reduction in emissions from industrial activities.
TA3	;TA3.24;Waste Reduction - Food Waste;Reduce the generation of food waste in processing and manufacturing by 10% in comparison to the amount generated in 2020;TA7.6;Improve Soils Health;Improve soil quality by reducing chemical pesticides‚Äô use by 50%, by 2030;+;1;The implementation of TA3.24 could enable TA7.6 by reducing food waste, which can lead to a reduction in chemical pesticides use.
TA3	;TA3.25;Waste Reduction - Food Waste;Reduce the generation of food waste per capita, jointly in retail and other distribution of food, in restaurants and food services and in households, by 30% in comparison to the amount generated in 2020;TA7.14;Noise Reduction;Reduce the share of people chronically disturbed by transport noise by 30%, by 2030;-;1;The implementation of TA3.25 could constrain TA7.14 by increasing food waste reduction efforts, which may lead to increased transport activities and noise pollution.
TA3	;TA3.1;Waste Reduction - Municipal Waste;Halve the amount of residual (non-recycled) municipal waste by 2030;TA7.4;Improve Air Quality;The Industrial Emissions Directive (IED) aims at preventing or reducing emissions from large industrial installations and intensive farming into the environment.;+;1;The implementation of TA3.1 could enable TA7.4 by reducing municipal waste, which can lead to a reduction in emissions from industrial activities.
TA3	;TA3.27;Waste Reduction - Plastic & Packaging;All packaging shall be recyclable;TA7.10;Improve Water Quality;Improve water quality by reducing waste, plastic litter at sea (by 50%);+;1;The implementation of TA3.27 could enable TA7.10 by increasing the recyclability of packaging, which can lead to a reduction in plastic litter at sea.
TA3	;TA3.28;Waste Reduction - Plastic & Packaging;The plastic part in packaging shall contain the following minimum percentage of recycled content recovered from post-consumer plastic waste;TA7.11;Improve Water Quality;Improve water quality by reducing microplastics released into the environment (by 30%);+;1;The implementation of TA3.28 could enable TA7.11 by increasing the use of recycled plastic, which can lead to a reduction in microplastics released into the environment.
TA3	;TA3.29;Circularity/Recycling - Plastic & Packaging;Member States shall take measures to achieve a sustained reduction in the consumption of lightweight plastic carrier bags on their territory. A sustained reduction is achieved if the annual consumption does not exceed 40 lightweight plastic carrier bags per person, or the equivalent target in weight, by 31 December 2025, and subsequently by 31 December in each year thereafter. Proposal on packaging and packaging waste;TA7.14;Noise Reduction;Reduce the share of people chronically disturbed by transport noise by 30%, by 2030;-;1;The implementation of TA3.29 could constrain TA7.14 by increasing the reduction of plastic carrier bags, which may lead to increased transport activities and noise pollution.
TA3	;TA3.3;Circularity/Recycling;Double EU  circular material use rate in the coming decade;TA6.1;Biodiversity Protection & Conservation;1.a Legally protect a minimum of 30% of the EU  land area;+;2;The implementation of TA3.3 could lead to an increase in the demand for recyclable materials, which in turn could lead to an increase in the protection of land areas, as set out in TA6.1, to ensure the availability of these materials.
TA3	;TA3.13;Circularity/Recycling - Critical Raw Materials - Batteries Recycling;By 2030, Union recycling capacity, including for all intermediate recycling steps, should be able of producing at least 25% of the Union  annual consumption of strategic raw materials;TA6.50;Improve Soils Health;Reach no net land take;+;2;The implementation of TA3.13 could lead to a reduction in the need for primary raw materials, which in turn could lead to a reduction in land take, as set out in TA6.50.
TA3	;TA3.15;Circularity/Recycling - Critical Raw Materials - Batteries Recycling;Producers of starting, lighting and ignition batteries, industrial batteries and electric vehicle batteries or, where appointed in accordance with Article 57(1), producer responsibility organisations, shall take back, free of charge and without an obligation on the end-user to buy a new battery;TA6.28;Biodiversity Protection & Conservation - Fisheries;In accordance with the CFP, it is crucial to continue and accelerate the work of rebuilding and keeping fish stocks above MSY levels;+;1;The implementation of TA3.15 could lead to an increase in the recycling of batteries, which in turn could lead to a reduction in the amount of waste in the environment, and subsequently, a positive impact on the fish stocks, as set out in TA6.28.
TA3	;TA3.16;Circularity/Recycling - Critical Raw Materials - Batteries Recycling;Producers of portable batteries or, where appointed in accordance with Article 57(1), producer responsibility organisations, shall attain, and maintain durably, at least the following collection targets for waste portable batteries;TA6.34;Biodiversity Protection & Conservation - Monitoring;Terrestrial, coastal and freshwater ecosystems. Member States shall ensure that condition is known for at least 90% of the area distributed overall habitat types listed in Annex I by 2030 and 100% by 2040.;+;1;The implementation of TA3.16 could lead to an increase in the collection and recycling of portable batteries, which in turn could lead to a reduction in the amount of waste in the environment, and subsequently, a positive impact on the condition of the ecosystems, as set out in TA6.34.
TA3	;TA3.17;Circularity/Recycling - Critical Raw Materials - Batteries Recycling;Producers of LMT batteries or, where appointed in accordance with Article 57(1), producer responsibility organisations, shall attain, and maintain durably, at least the following collection targets of waste LMT batteries;TA6.43;Biodiversity Protection & Conservation - Monitoring;Marine ecosystems. Member States shall ensure, by 2030 at the latest, that the condition is known for at least 50% of the area distributed over all habitat types listed in groups 1‚Äì6 of Annex II.;+;1;The implementation of TA3.17 could lead to an increase in the collection and recycling of LMT batteries, which in turn could lead to a reduction in the amount of waste in the environment, and subsequently, a positive impact on the condition of the marine ecosystems, as set out in TA6.43.
TA3	;TA3.18;Circularity/Recycling - Critical Raw Materials - Batteries Recycling;For industrial batteries with a capacity greater than 2kWh, except those with exclusively external storage, electric vehicle batteries and starting, lighting and ignition batteries that contain cobalt, lead, lithium or nickel in active materials, the minimum recycled content percentage for each battery model per year and per manufacturing plant shall be;TA6.7;Terrestrial Ecosystems Restoration;4. By 2030, significant areas of degraded and carbon-rich ecosystems are restored. Habitats and species show no deterioration in conservation trends and status, and at least 30% reach favourable conservation status or at least show a positive trend.;+;2;The implementation of TA3.18 could lead to an increase in the use of recycled materials in the production of industrial batteries, which in turn could lead to a reduction in the degradation of ecosystems, and subsequently, a positive impact on the conservation trends and status of habitats and species, as set out in TA6.7.
TA3	;TA3.19;Circularity/Recycling - Critical Raw Materials - Batteries Recycling;Any natural or legal person that places on the market products incorporating portable batteries shall ensure that those batteries are readily removable and replaceable by the end-user at any time during the lifetime of the product;TA6.10;Terrestrial Ecosystems Restoration - Agricultural Ecosystems;7. At least 10% of agricultural area is under high-diversity landscape features;+;1;The implementation of TA3.19 could lead to an increase in the design of products with removable and replaceable batteries, which in turn could lead to a reduction in electronic waste, and subsequently, a positive impact on the agricultural area, as set out in TA6.10.
TA3	;TA3.20;Circularity/Recycling - Critical Raw Materials - Batteries Recycling;Recycling shall achieve at least the following targets for recycling efficiency: No later than 31 December 2025- 75% by average weight of lead-acid batteries- 80% by average weight of nickel-cadmium batteries - 50% by average weight of other waste batteriesNo later than 31 December 2030- 80% by average weight of lead-acid batteries Regulation (EU) 2023/1542;TA6.44;Terrestrial Ecosystems Restoration - Agricultural Ecosystems;(agricultural ecosystems) Member States shall put in place measures which shall aim to achieve an increasing trend at national level of at least two out of the three following indicators in agricultural ecosystems;+;2;The implementation of TA3.20 could lead to an increase in the recycling efficiency of batteries, which in turn could lead to a reduction in the amount of waste in the environment, and subsequently, a positive impact on the agricultural ecosystems, as set out in TA6.44.
TA3	;TA3.21;Circularity/Recycling - Critical Raw Materials - Batteries Recycling;Recycling shall achieve at least the following targets for recycling efficiency:- No later than 31 December 2025, 65% by average weight of lithium-based batteries- No later than 31 December 2030, 70% by average weight of lithium-based batteries.Regulation (EU) 2023/1542;TA6.45;Terrestrial Ecosystems Restoration - Agricultural Ecosystems;(agricultural ecosystems) Member States shall put in place restoration measures which shall aim to ensure that the common farmland bird index at national level based on the species specified in Annex V reaches the following levels;+;2;The implementation of TA3.21 could lead to an increase in the recycling efficiency of lithium-based batteries, which in turn could lead to a reduction in the amount of waste in the environment, and subsequently, a positive impact on the farmland bird index, as set out in TA6.45.
TA3	;TA3.22;Circularity/Recycling - Critical Raw Materials - Batteries Recycling;All recycling shall achieve at least the following targets for recovery of materials:- No later than 31 December 2027, 90% for cobalt, copper, lead, nickel- No later than 31 December 2031, 95% for cobalt, copper, lead, nickelRegulation (EU) 2023/1542;TA6.46;Improve Soils Health;(agricultural ecosystems) Member States shall put in place measures which shall aim to restore organic soils in agricultural use constituting drained peatlands.;+;3;The implementation of TA3.22 could lead to an increase in the recovery of materials from recycling, which in turn could lead to a reduction in the degradation of organic soils, and subsequently, a positive impact on the restoration of organic soils in agricultural use, as set out in TA6.46.
TA3	;TA3.23;Circularity/Recycling - Critical Raw Materials - Batteries Recycling;All recycling shall achieve at least the following targets for recovery of materials, 50% for lithium, no later than 31 December 2027 and 80% for lithium no later than 31 December 2031.Regulation (EU) 2023/1542;TA6.50;Improve Soils Health;Reach no net land take;+;2;The implementation of TA3.23 could lead to an increase in the recovery of lithium, which in turn could lead to a reduction in the need for primary lithium, and subsequently, a positive impact on the protection of land, as set out in TA6.50.
TA3	;TA3.30;Circularity/Recycling - Municipal Waste;Each Member State shall reduce the packaging waste generated per capita, as compared to the packaging waste generated per capita in 2018 as reported to the Commission in accordance with Decision 2005/270/EC by 5% by 2030, 10% by 2035, 15% by 2040 Proposal on packaging and packaging waste;TA6.1;Biodiversity Protection & Conservation;1.a Legally protect a minimum of 30% of the EU  land area;+;2;The implementation of TA3.30 could lead to a reduction in packaging waste, which in turn could lead to a reduction in the amount of waste in the environment, and subsequently, a positive impact on the protection of land areas, as set out in TA6.1.
TA3	;TA3.31;Circularity/Recycling - Municipal Waste;Member States shall take the necessary measures to attain the recycling targets of 65% by weight of all packaging waste generated by 31 December 2025, and of 70% by weight of all packaging waste generated by 31 December 2030. Proposal on packaging and packaging waste;TA6.50;Improve Soils Health;Reach no net land take;+;2;The implementation of TA3.31 could lead to an increase in the recycling of packaging waste, which in turn could lead to a reduction in the amount of waste in the environment, and subsequently, a positive impact on the protection of land, as set out in TA6.50.
TA3	;TA3.33;Circularity/Recycling - Municipal Waste;Member States shall take the necessary measures to attain a recycling target of 25% of wood by weight of wood contained in packaging waste generated by 31 December 2025 and of 30% by 31 December 2030. Proposal on packaging and packaging waste;TA6.7;Terrestrial Ecosystems Restoration;4. By 2030, significant areas of degraded and carbon-rich ecosystems are restored. Habitats and species show no deterioration in conservation trends and status, and at least 30% reach favourable conservation status or at least show a positive trend.;+;1;The implementation of TA3.33 could lead to an increase in the recycling of wood, which in turn could lead to a reduction in the amount of waste in the environment, and subsequently, a positive impact on the restoration of ecosystems, as set out in TA6.7.
TA3	;TA3.34;Circularity/Recycling - Municipal Waste;Member States shall take the necessary measures to attain a recycling target of 70% of ferrous metals by weight of ferrous metals contained in packaging waste generated by 31 December 2025 and of 80% by 31 December 2030 Proposal on packaging and packaging waste;TA6.44;Terrestrial Ecosystems Restoration - Agricultural Ecosystems;(agricultural ecosystems) Member States shall put in place measures which shall aim to achieve an increasing trend at national level of at least two out of the three following indicators in agricultural ecosystems;+;2;The implementation of TA3.34 could lead to an increase in the recycling of ferrous metals, which in turn could lead to a reduction in the amount of waste in the environment, and subsequently, a positive impact on the agricultural ecosystems, as set out in TA6.44.
TA3	;TA3.35;Circularity/Recycling - Municipal Waste;Member States shall take the necessary measures to attain a recycling target of 50% of aluminium by weight of aluminium contained in packaging waste generated by 31 December 2025 and of 60% by 31 December 2030 Proposal on packaging and packaging waste;TA6.45;Terrestrial Ecosystems Restoration - Agricultural Ecosystems;(agricultural ecosystems) Member States shall put in place restoration measures which shall aim to ensure that the common farmland bird index at national level based on the species specified in Annex V reaches the following levels;+;2;The implementation of TA3.35 could lead to an increase in the recycling of aluminium, which in turn could lead to a reduction in the amount of waste in the environment, and subsequently, a positive impact on the farmland bird index, as set out in TA6.45.
TA3	;TA3.36;Circularity/Recycling - Municipal Waste;Member States shall take the necessary measures to attain a recycling target of 70% of glass by weight of glass contained in packaging waste generated by 31 December 2025 and of 75% by 31 December 2030 Proposal on packaging and packaging waste;TA6.46;Improve Soils Health;(agricultural ecosystems) Member States shall put in place measures which shall aim to restore organic soils in agricultural use constituting drained peatlands.;+;2;The implementation of TA3.36 could lead to an increase in the recycling of glass, which in turn could lead to a reduction in the amount of waste in the environment, and subsequently, a positive impact on the restoration of organic soils, as set out in TA6.46.
TA3	;TA3.37;Circularity/Recycling - Municipal Waste;Member States shall take the necessary measures to attain a recycling target of 75% of paper and cardboard by weight of paper and cardboard contained in packaging waste generated by 31 December 2025 and of 85% by 31 December 2030 Proposal on packaging and packaging waste;TA6.50;Improve Soils Health;Reach no net land take;+;2;The implementation of TA3.37 could lead to an increase in the recycling of paper and cardboard, which in turn could lead to a reduction in the amount of waste in the environment, and subsequently, a positive impact on the protection of land, as set out in TA6.50.
TA3	;TA3.52;Circularity/Recycling - Plastic & Packaging;At least 20% of the carbon used in the chemical and plastic products should be from sustainable non-fossil sources by 2030, in full consideration of the EU's biodiversity and circular economy objectives and of the upcoming policy framework for bio-based, biodegradable and compostable plastics. Communication on Sustainable Carbon Cycles;TA6.1;Biodiversity Protection & Conservation;1.a Legally protect a minimum of 30% of the EU  land area;+;2;The implementation of TA3.52 could lead to an increase in the use of sustainable non-fossil carbon sources, which in turn could lead to a reduction in the amount of waste in the environment, and subsequently, a positive impact on the protection of land areas, as set out in TA6.1.
TA3	;TA3.29;Circularity/Recycling - Plastic & Packaging;Member States shall take measures to achieve a sustained reduction in the consumption of lightweight plastic carrier bags on their territory. A sustained reduction is achieved if the annual consumption does not exceed 40 lightweight plastic carrier bags per person, or the equivalent target in weight, by 31 December 2025, and subsequently by 31 December in each year thereafter. Proposal on packaging and packaging waste;TA6.50;Improve Soils Health;Reach no net land take;+;1;The implementation of TA3.29 could lead to a reduction in the consumption of lightweight plastic carrier bags, which in turn could lead to a reduction in the amount of waste in the environment, and subsequently, a positive impact on the protection of land, as set out in TA6.50.
TA3	;TA3.32;Circularity/Recycling - Plastic & Packaging;Member States shall take the necessary measures to attain a recycling target of 50% of plastic by weight of plastic contained in packaging waste generated by 31 December 2025, and of 55% by weight of plastic in packaging waste generated by 31 December 2030. Proposal on packaging and packaging waste;TA6.7;Terrestrial Ecosystems Restoration;4. By 2030, significant areas of degraded and carbon-rich ecosystems are restored. Habitats and species show no deterioration in conservation trends and status, and at least 30% reach favourable conservation status or at least show a positive trend.;+;2;The implementation of TA3.32 could lead to an increase in the recycling of plastic, which in turn could lead to a reduction in the amount of waste in the environment, and subsequently, a positive impact on the restoration of ecosystems, as set out in TA6.7.
TA3	;TA3.38;Circularity/Recycling - Vehicle Circularity;Each vehicle belonging to a vehicle type that is type-approved as of [the first day of the month following 72 months after the date of entry into force of this Regulation] under Regulation (EU) 2018/858 shall be constructed so that it is: (a) reusable/recyclable to a minimum of 85% by mass, (b) reusable/recoverable to a minimum of 95 % by mass. Proposal for a Regulation on circularity requirements for vehicle design and on management of end-of-life vehicles;TA6.50;Improve Soils Health;Reach no net land take;+;2;The implementation of TA3.38 could lead to an increase in the recyclability and reusability of vehicles, which in turn could lead to a reduction in the amount of waste in the environment, and subsequently, a positive impact on the protection of land, as set out in TA6.50.
TA3	;TA3.48;Circularity/Recycling - Vehicle Circularity;The plastic contained in each vehicle type that is type-approved as of [the first day of the month following 72 months after the date of entry into force of the Regulation] under Regulation (EU) 2018/858 shall contain a minimum of 25 % of plastic recycled by weight from post-consumer plastic waste. Proposal for a Regulation on circularity requirements for vehicle design and on management of end-of-life vehicles;TA6.7;Terrestrial Ecosystems Restoration;4. By 2030, significant areas of degraded and carbon-rich ecosystems are restored. Habitats and species show no deterioration in conservation trends and status, and at least 30% reach favourable conservation status or at least show a positive trend.;+;2;The implementation of TA3.48 could lead to an increase in the use of recycled plastic in vehicle production, which in turn could lead to a reduction in the amount of waste in the environment, and subsequently, a positive impact on the restoration of ecosystems, as set out in TA6.7.
TA3	;TA3.49;Circularity/Recycling - Vehicle Circularity;At least 25% of the target set out in the first subparagraph shall be achieved by including plastics recycled from end-of-life vehicles in the vehicle type concerned. Proposal for a Regulation on circularity requirements for vehicle design and on management of end-of-life vehicles;TA6.44;Terrestrial Ecosystems Restoration - Agricultural Ecosystems;(agricultural ecosystems) Member States shall put in place measures which shall aim to achieve an increasing trend at national level of at least two out of the three following indicators in agricultural ecosystems;+;2;The implementation of TA3.49 could lead to an increase in the recycling of plastics from end-of-life vehicles, which in turn could lead to a reduction in the amount of waste in the environment, and subsequently, a positive impact on the agricultural ecosystems, as set out in TA6.44.
TA3	;TA3.50;Circularity/Recycling - Vehicle Circularity;Member States shall ensure that the following targets are met by the waste management operators: (a) the reuse and recovery, as calculated together, shall be a minimum of 95 %, by average weight per vehicle, excluding batteries, and year, (b) the reuse and recycling, as calculated together, shall be a minimum of 85 %, by average weight per vehicle, excluding batteries, and year. Proposal for a Regulation on circularity requirements for vehicle design and on management of end-of-life vehicles;TA6.50;Improve Soils Health;Reach no net land take;+;2;The implementation of TA3.50 could lead to an increase in the recycling and reuse of vehicles, which in turn could lead to a reduction in the amount of waste in the environment, and subsequently, a positive impact on the protection of land, as set out in TA6.50.
TA3	;TA3.51;Circularity/Recycling - Vehicle Circularity;Member States shall ensure that waste management operators achieve a yearly target for the recycling of plastics of at least 30 % of the total weight of plastics contained in the vehicles delivered to the waste management operators. Proposal for a Regulation on circularity requirements for vehicle design and on management of end-of-life vehicles;TA6.7;Terrestrial Ecosystems Restoration;4. By 2030, significant areas of degraded and carbon-rich ecosystems are restored. Habitats and species show no deterioration in conservation trends and status, and at least 30% reach favourable conservation status or at least show a positive trend.;+;2;The implementation of TA3.51 could lead to an increase in the recycling of plastics, which in turn could lead to a reduction in the amount of waste in the environment, and subsequently, a positive impact on the restoration of ecosystems, as set out in TA6.7.
TA3	;TA3.11;Critical Raw Materials - Extraction & Import;Diversify the Union  imports of strategic raw materials with a view to ensuring that, by 2030, the Union  annual consumption of each strategic raw material at any relevant stage of processing can rely on imports from several third countries;TA6.50;Improve Soils Health;Reach no net land take;+;2;The implementation of TA3.11 could lead to a reduction in the Union's dependence on a single supplier for strategic raw materials, which in turn could lead to a reduction in the amount of waste in the environment, and subsequently, a positive impact on the protection of land, as set out in TA6.50.
TA3	;TA3.8;Critical Raw Materials - Extraction & Import;By 2030, Union extraction capacity should be able of extracting the ores, minerals or concentrates needed to produce at least 10% of the Union  annual consumption of strategic raw materials;TA6.1;Biodiversity Protection & Conservation;1.a Legally protect a minimum of 30% of the EU  land area;+;2;The implementation of TA3.8 could lead to an increase in the extraction of strategic raw materials, which in turn could lead to a reduction in the amount of waste in the environment, and subsequently, a positive impact on the protection of land areas, as set out in TA6.1.
TA3	;TA3.9;Critical Raw Materials - Extraction & Import;By 2030, Union processing capacity, including for all intermediate processing steps, should be able of producing at least 40% of the Union  annual consumption of strategic raw materials;TA6.50;Improve Soils Health;Reach no net land take;+;2;The implementation of TA3.9 could lead to an increase in the processing of strategic raw materials, which in turn could lead to a reduction in the amount of waste in the environment, and subsequently, a positive impact on the protection of land, as set out in TA6.50.
TA3	;TA3.12;Net-Zero Technology - Manufacturing;By 2030, manufacturing capacity in the Union of the strategic net-zero technologies listed in the Annex approaches or reaches a benchmark of at least 40% of the Union  annual deployment needs;TA6.7;Terrestrial Ecosystems Restoration;4. By 2030, significant areas of degraded and carbon-rich ecosystems are restored. Habitats and species show no deterioration in conservation trends and status, and at least 30% reach favourable conservation status or at least show a positive trend.;+;2;The implementation of TA3.12 could lead to an increase in the manufacturing of net-zero technologies, which in turn could lead to a reduction in greenhouse gas emissions, and subsequently, a positive impact on the restoration of ecosystems, as set out in TA6.7.
TA3	;TA3.24;Waste Reduction - Food Waste;Reduce the generation of food waste in processing and manufacturing by 10% in comparison to the amount generated in 2020;TA6.50;Improve Soils Health;Reach no net land take;+;1;The implementation of TA3.24 could lead to a reduction in food waste, which in turn could lead to a reduction in the amount of waste in the environment, and subsequently, a positive impact on the protection of land, as set out in TA6.50.
TA3	;TA3.25;Waste Reduction - Food Waste;Reduce the generation of food waste per capita, jointly in retail and other distribution of food, in restaurants and food services and in households, by 30% in comparison to the amount generated in 2020;TA6.7;Terrestrial Ecosystems Restoration;4. By 2030, significant areas of degraded and carbon-rich ecosystems are restored. Habitats and species show no deterioration in conservation trends and status, and at least 30% reach favourable conservation status or at least show a positive trend.;+;2;The implementation of TA3.25 could lead to a reduction in food waste, which in turn could lead to a reduction in the amount of waste in the environment, and subsequently, a positive impact on the restoration of ecosystems, as set out in TA6.7.
TA3	;TA3.1;Waste Reduction - Municipal Waste;Halve the amount of residual (non-recycled) municipal waste by 2030;TA6.50;Improve Soils Health;Reach no net land take;+;2;The implementation of TA3.1 could lead to a reduction in municipal waste, which in turn could lead to a reduction in the amount of waste in the environment, and subsequently, a positive impact on the protection of land, as set out in TA6.50.
TA3	;TA3.30;Circularity/Recycling - Municipal Waste;Each Member State shall reduce the packaging waste generated per capita, as compared to the packaging waste generated per capita in 2018 as reported to the Commission in accordance with Decision 2005/270/EC by 5% by 2030, 10% by 2035, 15% by 2040 Proposal on packaging and packaging waste;TA6.1;Biodiversity Protection & Conservation;1.a Legally protect a minimum of 30% of the EU  land area;+;2;The implementation of TA3.30 could lead to a reduction in packaging waste, which in turn could lead to a reduction in the amount of waste in the environment, and subsequently, a positive impact on the protection of land areas, as set out in TA6.1.
TA3	;TA3.27;Waste Reduction - Plastic & Packaging;All packaging shall be recyclable;TA6.50;Improve Soils Health;Reach no net land take;+;1;The implementation of TA3.27 could lead to an increase in the recyclability of packaging, which in turn could lead to a reduction in the amount of waste in the environment, and subsequently, a positive impact on the protection of land, as set out in TA6.50.
TA3	;TA3.28;Waste Reduction - Plastic & Packaging;The plastic part in packaging shall contain the following minimum percentage of recycled content recovered from post-consumer plastic waste;TA6.7;Terrestrial Ecosystems Restoration;4. By 2030, significant areas of degraded and carbon-rich ecosystems are restored. Habitats and species show no deterioration in conservation trends and status, and at least 30% reach favourable conservation status or at least show a positive trend.;+;2;The implementation of TA3.28 could lead to an increase in the use of recycled plastic in packaging, which in turn could lead to a reduction in the amount of waste in the environment, and subsequently, a positive impact on the restoration of ecosystems, as set out in TA6.7.
TA3	;TA3.29;Circularity/Recycling - Plastic & Packaging;Member States shall take measures to achieve a sustained reduction in the consumption of lightweight plastic carrier bags on their territory. A sustained reduction is achieved if the annual consumption does not exceed 40 lightweight plastic carrier bags per person, or the equivalent target in weight, by 31 December 2025, and subsequently by 31 December in each year thereafter. Proposal on packaging and packaging waste;TA6.50;Improve Soils Health;Reach no net land take;+;1;The implementation of TA3.29 could lead to a reduction in the consumption of lightweight plastic carrier bags, which in turn could lead to a reduction in the amount of waste in the environment, and subsequently, a positive impact on the protection of land, as set out in TA6.50.
TA3	;TA3.3;Circularity/Recycling;Double EU  circular material use rate in the coming decade;TA5.11;Biodiversity Protection & Conservation;Biodiversity conservation and restoration of natural resources: Protect the environment and restore natural resources. Preserve biodiversity and reduce biodiversity loss.;+;2;The implementation of TA3.3 could positively impact TA5.11 by reducing waste and pollution, which in turn could help protect biodiversity and restore natural resources.
TA3	;TA3.13;Circularity/Recycling - Critical Raw Materials - Batteries Recycling;By 2030, Union recycling capacity, including for all intermediate recycling steps, should be able of producing at least 25% of the Union's annual consumption of strategic raw materials;TA5.14;Circularity/Recycling;Circular economy: Scale-up and promote sustainable and socially responsible production methods and circular business models in food processing and retail.;+;2;The implementation of TA3.13 could positively impact TA5.14 by promoting sustainable production methods and circular business models in the food sector, which could lead to a reduction in waste and pollution.
TA3	;TA3.15;Circularity/Recycling - Critical Raw Materials - Batteries Recycling;Producers of starting, lighting and ignition batteries, industrial batteries and electric vehicle batteries or, where appointed in accordance with Article 57(1), producer responsibility organisations, shall take back, free of charge and without an obligation on the end-user to buy a new battery;TA5.17;Competitive Agriculture;Sectorial growth: Help farmers and fishers to strengthen their position in the supply chain and to capture a fair share of the added value of sustainable production;+;1;The implementation of TA3.15 could positively impact TA5.17 by promoting sustainable production and reducing waste, which could lead to increased competitiveness and added value for farmers and fishers.
TA3	;TA3.16;Circularity/Recycling - Critical Raw Materials - Batteries Recycling;Producers of portable batteries or, where appointed in accordance with Article 57(1), producer responsibility organisations, shall attain, and maintain durably, at least the following collection targets for waste portable batteries;TA5.18;Competitive Agriculture;Market power and business structure: Improve agricultural rules that strengthen the position of farmers (e.g. producers of products with geographical indications), their cooperatives and producer organisations in the food supply chain.;+;1;The implementation of TA3.16 could positively impact TA5.18 by promoting fair competition and reducing market concentration, which could lead to improved market access and better prices for farmers.
TA3	;TA3.20;Circularity/Recycling - Critical Raw Materials - Batteries Recycling;Recycling shall achieve at least the following targets for recycling efficiency: No later than 31 December 2025- 75% by average weight of lead-acid batteries- 80% by average weight of nickel-cadmium batteries - 50% by average weight of other waste batteriesNo later than 31 December 2030- 80% by average weight of lead-acid batteries Regulation (EU) 2023/1542;TA5.21;Digitalisation;Digitalisation and knowledge transfer. Ensure access to fast broadband to all farmers and all rural areas to achieve the objective of 100% access by 2025 (enabler for jobs, businesses, investments, improvement in quality of life in rural areas and enabler to mainstream precision farming and use of artificial intelligence;+;1;The implementation of TA3.20 could positively impact TA5.21 by promoting digitalisation and knowledge transfer in rural areas, which could lead to improved access to information and markets for farmers.
TA3	;TA3.30;Circularity/Recycling - Municipal Waste;Each Member State shall reduce the packaging waste generated per capita, as compared to the packaging waste generated per capita in 2018 as reported to the Commission in accordance with Decision 2005/270/EC by 5% by 2030, 10% by 2035, 15% by 2040 Proposal on packaging and packaging waste;TA5.29;Food affordability;Food availability: Improve availability of sustainable food. Ensure that the healthy option is always the easiest one. Ensure food supply.;+;1;The implementation of TA3.30 could positively impact TA5.29 by reducing packaging waste and promoting sustainable food production, which could lead to improved food availability and security.
TA3	;TA3.31;Circularity/Recycling - Municipal Waste;Member States shall take the necessary measures to attain the recycling targets of 65% by weight of all packaging waste generated by 31 December 2025, and of 70% by weight of all packaging waste generated by 31 December 2030. Proposal on packaging and packaging waste;TA5.30;Food affordability;Food affordability: Ensure affordability to sufficient, nutritious and sustainable food;+;1;The implementation of TA3.31 could positively impact TA5.30 by promoting recycling and reducing waste, which could lead to improved food affordability and access to sustainable food.
TA3	;TA3.33;Circularity/Recycling - Municipal Waste;Member States shall take the necessary measures to attain a recycling target of 25% of wood by weight of wood contained in packaging waste generated by 31 December 2025 and of 30% by 31 December 2030. Proposal on packaging and packaging waste;TA5.32;Food affordability;Food security: Ensuring food security and access to quality, safe, sustainable, nutritious food for all.;+;1;The implementation of TA3.33 could positively impact TA5.32 by promoting sustainable food production and reducing waste, which could lead to improved food security and access to nutritious food.
TA3	;TA3.52;Circularity/Recycling - Plastic & Packaging;At least 20% of the carbon used in the chemical and plastic products should be from sustainable non-fossil sources by 2030, in full consideration of the EU's biodiversity and circular economy objectives and of the upcoming policy framework for bio-based, biodegradable and compostable plastics. Communication on Sustainable Carbon Cycles;TA5.35;Competitive Agriculture;Preparedness, shock resilience, adaptation and transformation: Strengthen the resilience of the EU food system. Build up resilience to climate change, possible future diseases and pandemics. Increasing the sustainability of food producers will ultimately increase their resilience.;+;2;The implementation of TA3.52 could positively impact TA5.35 by promoting sustainable carbon use and reducing greenhouse gas emissions, which could lead to improved resilience and adaptation to climate change in the food sector.
TA3	;TA3.29;Circularity/Recycling - Plastic & Packaging;Member States shall take measures to achieve a sustained reduction in the consumption of lightweight plastic carrier bags on their territory. A sustained reduction is achieved if the annual consumption does not exceed 40 lightweight plastic carrier bags per person, or the equivalent target in weight, by 31 December 2025, and subsequently by 31 December in each year thereafter. Proposal on packaging and packaging waste;TA5.4;Pesticides Reduction;Reduce by 50% the use of more hazardous pesticides Target in Common with Biodiversity Strategy (see Thematic Area 6) and Zero Pollution Action Plan (see Thematic Area 7);+;2;The implementation of TA3.29 could positively impact TA5.4 by reducing plastic pollution and promoting sustainable agriculture, which could lead to a reduction in the use of hazardous pesticides.
TA3	;TA3.32;Circularity/Recycling - Plastic & Packaging;Member States shall take the necessary measures to attain a recycling target of 50% of plastic by weight of plastic contained in packaging waste generated by 31 December 2025, and of 55% by weight of plastic in packaging waste generated by 31 December 2030. Proposal on packaging and packaging waste;TA5.16;Social Security - Workers Protection;Income distribution: Ensure fair income and salaries. Improve income of primary producers to ensure their sustainable livelihood.;+;1;The implementation of TA3.32 could positively impact TA5.16 by promoting recycling and reducing waste, which could lead to improved income and livelihoods for primary producers.
TA3	;TA3.38;Circularity/Recycling - Vehicle Circularity;Each vehicle belonging to a vehicle type that is type-approved as of [the first day of the month following 72 months after the date of entry into force of this Regulation] under Regulation (EU) 2018/858 shall be constructed so that it is: (a) reusable/recyclable to a minimum of 85% by mass, (b) reusable/recoverable to a minimum of 95 % by mass. Proposal for a Regulation on circularity requirements for vehicle design and on management of end-of-life vehicles;TA5.23;Social Security - Workers Protection;Employment and working conditions: Create new job opportunities. Improve working conditions, ensure occupation health and safety.;+;1;The implementation of TA3.38 could positively impact TA5.23 by promoting sustainable and circular economy practices in the automotive sector, which could lead to new job opportunities and improved working conditions.
TA3	;TA3.48;Circularity/Recycling - Vehicle Circularity;The plastic contained in each vehicle type that is type-approved as of [the first day of the month following 72 months after the date of entry into force of the Regulation] under Regulation (EU) 2018/858 shall contain a minimum of 25 % of plastic recycled by weight from post-consumer plastic waste. Proposal for a Regulation on circularity requirements for vehicle design and on management of end-of-life vehicles;TA5.24;Social Security - Workers Protection;Social protection and poverty: Ensure fair, inclusive and ethical value chains. Ensure workers‚Äô social protection and housing conditions, promote socially responsible production methods, Mitigate the socio- economic consequences impacting the food chain and ensure that the key principles enshrined in the European Pillar of Social Rights are respected, especially when it comes to precarious, seasonal and undeclared workers.;+;1;The implementation of TA3.48 could positively impact TA5.24 by promoting fair and inclusive value chains and ensuring social protection for workers in the automotive sector.
TA3	;TA3.49;Circularity/Recycling - Vehicle Circularity;At least 25% of the target set out in the first subparagraph shall be achieved by including plastics recycled from end-of-life vehicles in the vehicle type concerned. Proposal for a Regulation on circularity requirements for vehicle design and on management of end-of-life vehicles;TA5.25;Food quality - Animal Welfare;Animal welfare: Promote better animal welfare to improve animal health and food quality.;+;1;The implementation of TA3.49 could positively impact TA5.25 by promoting sustainable and responsible practices in the automotive sector, which could lead to improved animal welfare and food quality.
TA3	;TA3.50;Circularity/Recycling - Vehicle Circularity;Member States shall ensure that the following targets are met by the waste management operators: (a) the reuse and recovery, as calculated together, shall be a minimum of 95 %, by average weight per vehicle, excluding batteries, and year, (b) the reuse and recycling, as calculated together, shall be a minimum of 85 %, by average weight per vehicle, excluding batteries, and year. Proposal for a Regulation on circularity requirements for vehicle design and on management of end-of-life vehicles;TA5.27;Food quality - Healthy Food;Food messaging: Provide food information and labelling to empower consumers to make informed, healthy and sustainable food choices. Strengthen educational messages on the importance of healthy nutrition, sustainable food production and consumption, and reducing food waste;+;1;The implementation of TA3.50 could positively impact TA5.27 by promoting sustainable and circular economy practices in the food sector, which could lead to improved food messaging and labelling.
TA3	;TA3.51;Circularity/Recycling - Vehicle Circularity;Member States shall ensure that waste management operators achieve a yearly target for the recycling of plastics of at least 30 % of the total weight of plastics contained in the vehicles delivered to the waste management operators. Proposal for a Regulation on circularity requirements for vehicle design and on management of end-of-life vehicles;TA5.31;Food quality - Healthy Food;Properties of food: Increase reformulation of food products in line with guidelines for healthy and sustainable diets;+;1;The implementation of TA3.51 could positively impact TA5.31 by promoting sustainable and circular economy practices in the food sector, which could lead to improved food reformulation and reduced food waste.
TA3	;TA3.3;Circularity/Recycling;Double EU‚Äö√Ñ√¥s circular material use rate in the coming decade;TA4.1;Biofuels;Achieve an annual production of sustainable biomethane of 35 billion cubic meters by 2030;+;2;The implementation of TA3.3 could lead to an increase in the production of sustainable biomethane, as the recycling of materials could provide feedstock for biomethane production, thus reinforcing TA4.1.
TA3	;TA3.13;Circularity/Recycling - Critical Raw Materials - Batteries Recycling;By 2030, Union recycling capacity, including for all intermediate recycling steps, should be able of producing at least 25% of the Union's annual consumption of strategic raw materials;TA4.7;Biofuels;Each Member State shall set an obligation on fuel suppliers to ensure that: (B) the combined share of advanced biofuels and biogas produced from the feedstock listed in Part A of Annex IX and of renewable fuels of non-biological origin in the energy supplied to the transport sector is at least 1% in 2025 and 5.5% in 2030, of which a share of at least 1 percentage point is from renewable fuels of non-biological origin in 2030. Directive (EU) 2023/2413;+;2;The implementation of TA3.13 could lead to an increase in the production of advanced biofuels and renewable fuels of non-biological origin, thus reinforcing TA4.7.
TA3	;TA3.15;Circularity/Recycling - Critical Raw Materials - Batteries Recycling;Producers of starting, lighting and ignition batteries, industrial batteries and electric vehicle batteries or, where appointed in accordance with Article 57(1), producer responsibility organisations, shall take back, free of charge and without an obligation on the end-user to buy a new battery;TA4.32;Energy Efficiency;States shall ensure that, at all airports of the TEN-T core network and TEN-T comprehensive network, the provision of electricity supply to stationary aircraft is ensured by 31 December 2029, at all aircraft remote stands used for commercial air transport operations to embark or disembark passengers or to load or unload goods Regulation (EU) 2023/1804;+;1;The implementation of TA3.15 could lead to an increase in the recycling of batteries, which could provide a source of energy storage for electric vehicles, thus supporting the deployment of recharging infrastructure for electric vehicles, as outlined in TA4.32.
TA3	;TA3.16;Circularity/Recycling - Critical Raw Materials - Batteries Recycling;Producers of portable batteries or, where appointed in accordance with Article 57(1), producer responsibility organisations, shall attain, and maintain durably, at least the following collection targets for waste portable batteries;TA4.25;Energy Infrastructure;Member States shall ensure that, at the end of each year, the following power output targets are met cumulatively: (a) for each light-duty battery electric vehicle registered in their territory, a total power output of at least 1.3 kW is provided through publicly accessible recharging stations, and (b) for each light-duty plug-in hybrid vehicle registered in their territory, a total power output of at least 0.80 kW is provided through publicly accessible recharging stations. Regulation (EU) 2023/1804;+;1;The implementation of TA3.16 could lead to an increase in the collection and recycling of portable batteries, which could provide a source of energy storage for electric vehicles, thus supporting the deployment of recharging infrastructure for electric vehicles, as outlined in TA4.25.
TA3	;TA3.30;Circularity/Recycling - Municipal Waste;Each Member State shall reduce the packaging waste generated per capita, as compared to the packaging waste generated per capita in 2018 as reported to the Commission in accordance with Decision 2005/270/EC by 5% by 2030, 10% by 2035, 15% by 2040 Proposal on packaging and packaging waste;TA4.9;GHG Reduction - Transports;Cut the emissions of transport sector by 90% by 2050 relative to 1990. Sustainable and Smart Mobility Strategy;+;3;The implementation of TA3.30 could lead to a reduction in packaging waste, which could result in a decrease in the production of new packaging materials, thus reducing the emissions from the transport sector, as outlined in TA4.9.
TA3	;TA3.31;Circularity/Recycling - Municipal Waste;Member States shall take the necessary measures to attain the recycling targets of 65% by weight of all packaging waste generated by 31 December 2025, and of 70% by weight of all packaging waste generated by 31 December 2030. Proposal on packaging and packaging waste;TA4.30;Hydrogen Distribution;Member States shall ensure that, by 31 December 2030, at least one publicly accessible hydrogen refuelling station is deployed in each urban node. Regulation (EU) 2023/1804;+;2;The implementation of TA3.31 could lead to an increase in the recycling of packaging waste, which could provide a source of feedstock for the production of hydrogen, thus supporting the deployment of hydrogen refuelling infrastructure, as outlined in TA4.30.
TA3	;TA3.33;Circularity/Recycling - Municipal Waste;Member States shall take the necessary measures to attain a recycling target of 25% of wood by weight of wood contained in packaging waste generated by 31 December 2025 and of 30% by 31 December 2030. Proposal on packaging and packaging waste;TA4.6;Other Low-Carbon Fuels;Of the SAF targets reported above, synthetic aviation fuels should represent a minimum share of 1.2% from 2030, 5% from 2035, 10% from 2034, 15% from 2045, and 35% from 2050. Regulation (EU) 2023/2405;+;1;The implementation of TA3.33 could lead to an increase in the recycling of wood, which could provide a source of biomass for the production of synthetic aviation fuels, thus supporting the deployment of sustainable aviation fuels, as outlined in TA4.6.
TA3	;TA3.52;Circularity/Recycling - Plastic & Packaging;At least 20% of the carbon used in the chemical and plastic products should be from sustainable non-fossil sources by 2030, in full consideration of the EU's biodiversity and circular economy objectives and of the upcoming policy framework for bio-based, biodegradable and compostable plastics. Communication on Sustainable Carbon Cycles;TA4.20;Renewable Energy - Hydrogen Production;In the first phase, from 2020 up to 2024, the strategic objective is to install at least 6 GW of renewable hydrogen electrolysers in the EU. In the second phase, from 2025 up to 2030, the strategic objective is to install at least 40 GW of renewable hydrogen electrolysers. A Hydrogen Strategy for a climate-neutral Europe;+;3;The implementation of TA3.52 could lead to a reduction in the use of fossil-based carbon sources, which could result in an increase in the production of renewable hydrogen, thus supporting the deployment of renewable hydrogen electrolysers, as outlined in TA4.20.
TA3	;TA3.29;Circularity/Recycling - Plastic & Packaging;Member States shall take measures to achieve a sustained reduction in the consumption of lightweight plastic carrier bags on their territory. A sustained reduction is achieved if the annual consumption does not exceed 40 lightweight plastic carrier bags per person, or the equivalent target in weight, by 31 December 2025, and subsequently by 31 December in each year thereafter. Proposal on packaging and packaging waste;TA4.55;Urban Mobility;Zero-emission in urban logistics The new EU Urban Mobility Framework.;+;2;The implementation of TA3.29 could lead to a reduction in the use of single-use plastic bags, which could result in a decrease in the production of new plastic bags, thus reducing waste and supporting the transition to zero-emission urban logistics, as outlined in TA4.55.
TA3	;TA3.3;Circularity/Recycling;Double EU‚Äö√Ñ√¥s circular material use rate in the coming decade;TA2.41;Energy Efficiency;Member States are required to achieve cumulative end-use energy savings from 2021 to 2030, equivalent to new annual savings of at least 0.8% of final energy consumption in 2021-2023, at least 1.3% in 2024-2025, 1.5% in 2026-2027 and 1.9% in 2028-2030. Directive (EU) 2023/1791;+;2;The implementation of TA3.3 could reinforce TA2.41 by promoting energy efficiency and reducing energy consumption, which in turn could lead to increased energy savings and a higher share of renewable energy in the energy mix.
TA3	;TA3.13;Circularity/Recycling - Critical Raw Materials - Batteries Recycling;By 2030, Union recycling capacity, including for all intermediate recycling steps, should be able of producing at least 25% of the Union's annual consumption of strategic raw materials;TA2.9;Renewable Energy;Member States shall collectively ensure that the share of energy from renewable sources in the Union's gross final consumption of energy in 2030 is at least 42.5%;+;2;The implementation of TA3.13 could support TA2.9 by increasing the recycling capacity for strategic raw materials, which could lead to a higher share of renewable energy in the energy mix and help achieve the 42.5% target.
TA3	;TA3.15;Circularity/Recycling - Critical Raw Materials - Batteries Recycling;Producers of starting, lighting and ignition batteries, industrial batteries and electric vehicle batteries or, where appointed in accordance with Article 57(1), producer responsibility organisations, shall take back, free of charge and without an obligation on the end-user to buy a new battery;TA2.37;Renewable Energy;By 2030, the share of renewable energy in the electricity mix should double to 55-60%;+;2;The implementation of TA3.15 could support TA2.37 by promoting the recycling and reuse of batteries, which could lead to increased renewable energy production and a higher share of renewable energy in the electricity mix.
TA3	;TA3.16;Circularity/Recycling - Critical Raw Materials - Batteries Recycling;Producers of portable batteries or, where appointed in accordance with Article 57(1), producer responsibility organisations, shall attain, and maintain durably, at least the following collection targets for waste portable batteries;TA2.14;Renewable Energy - Heating & Cooling;Each Member State shall increase the share of renewable energy in the heating and cooling sector by at least 0.8 percentage points as an annual average calculated for the period 2021 to 2025;+;2;The implementation of TA3.16 could support TA2.14 by promoting the recycling and reuse of portable batteries, which could lead to increased renewable energy production in the heating and cooling sector.
TA3	;TA3.17;Circularity/Recycling - Critical Raw Materials - Batteries Recycling;Producers of LMT batteries or, where appointed in accordance with Article 57(1), producer responsibility organisations, shall attain, and maintain durably, at least the following collection targets of waste LMT batteries;TA2.18;Renewable Energy - Heating & Cooling;Indicative target of at least a 49% share of energy from renewable sources in the building sector in the Union's final energy consumption in buildings in 2030;+;2;The implementation of TA3.17 could support TA2.18 by promoting the recycling and reuse of LMT batteries, which could lead to increased renewable energy production in the building sector.
TA3	;TA3.18;Circularity/Recycling - Critical Raw Materials - Batteries Recycling;For industrial batteries with a capacity greater than 2kWh, except those with exclusively external storage, electric vehicle batteries and starting, lighting and ignition batteries that contain cobalt, lead, lithium or nickel in active materials, the minimum recycled content percentage for each battery model per year and per manufacturing plant shall be;TA2.4;Energy Efficiency - Buildings;Double the current deployment rate of individual heat pumps, resulting in a cumulative 10 million units by 2027 and 30 million units by 2030;+;2;The implementation of TA3.18 could support TA2.4 by promoting the recycling and reuse of industrial batteries, which could lead to increased heat pump deployment and renewable energy production.
TA3	;TA3.19;Circularity/Recycling - Critical Raw Materials - Batteries Recycling;Any natural or legal person that places on the market products incorporating portable batteries shall ensure that those batteries are readily removable and replaceable by the end-user at any time during the lifetime of the product;TA2.1;Renewable Energy - Hydrogen Production;REPowerEU sets a target of 10 million tonnes of domestic renewable hydrogen production and 10 million tonnes of renewable hydrogen imports by 2030;+;2;The implementation of TA3.19 could support TA2.1 by promoting the design and production of products with removable and replaceable batteries, which could lead to increased renewable hydrogen production.
TA3	;TA3.20;Circularity/Recycling - Critical Raw Materials - Batteries Recycling;Recycling shall achieve at least the following targets for recycling efficiency: No later than 31 December 2025- 75% by average weight of lead-acid batteries- 80% by average weight of nickel-cadmium batteries - 50% by average weight of other waste batteriesNo later than 31 December 2030- 80% by average weight of lead-acid batteries Regulation (EU) 2023/1542;TA2.38;Renewable Energy - Ocean/Offshore;Cumulative EU offshore goals of installed capacity: 60 GW by 2030 and 300 GW by 2050;+;2;The implementation of TA3.20 could support TA2.38 by promoting the recycling of waste batteries, which could lead to increased offshore wind energy production.
TA3	;TA3.21;Circularity/Recycling - Critical Raw Materials - Batteries Recycling;Recycling shall achieve at least the following targets for recycling efficiency:- No later than 31 December 2025, 65% by average weight of lithium-based batteries- No later than 31 December 2030, 70% by average weight of lithium-based batteriesRegulation (EU) 2023/1542;TA2.39;Renewable Energy - Ocean/Offshore;The strategy sets targets for an installed capacity of at least 1 GW of ocean energy by 2030 and 40 GW by 2050;+;2;The implementation of TA3.21 could support TA2.39 by promoting the recycling of lithium-based batteries, which could lead to increased ocean energy production.
TA3	;TA3.22;Circularity/Recycling - Critical Raw Materials - Batteries Recycling;All recycling shall achieve at least the following targets for recovery of materials:- No later than 31 December 2027, 90% for cobalt, copper, lead, nickel- No later than 31 December 2031, 95% for cobalt, copper, lead, nickelRegulation (EU) 2023/1542;TA2.5;Renewable Energy - Solar;Bring online over 320 GW of solar photovoltaic by 2025 and almost 600 GW by 2030;+;2;The implementation of TA3.22 could support TA2.5 by promoting the recovery of materials from waste, which could lead to increased solar photovoltaic production.
TA3	;TA3.23;Circularity/Recycling - Critical Raw Materials - Batteries Recycling;All recycling shall achieve at least the following targets for recovery of materials, 50% for lithium, no later than 31 December 2027 and 80% for lithium no later than 31 December 2031Regulation (EU) 2023/1542;TA2.7;Renewable Energy - Solar;Over this decade, the EU will need to install, on average, approximately 45 GW per year of PV to reach the share of 45% of energy coming from renewables;+;2;The implementation of TA3.23 could support TA2.7 by promoting the recovery of lithium, which could lead to increased solar photovoltaic production.
TA3	;TA3.30;Circularity/Recycling - Municipal Waste;Each Member State shall reduce the packaging waste generated per capita, as compared to the packaging waste generated per capita in 2018 as reported to the Commission in accordance with Decision 2005/270/EC by 5% by 2030, 10% by 2035, 15% by 2040 Proposal on packaging and packaging waste;TA2.17;Energy Infrastructure;A target of 15% electricity interconnection for 2030;+;2;The implementation of TA3.30 could support TA2.17 by reducing packaging waste, which could lead to increased electricity interconnection and a more integrated energy market.
TA3	;TA3.31;Circularity/Recycling - Municipal Waste;Member States shall take the necessary measures to attain the recycling targets of 65% by weight of all packaging waste generated by 31 December 2025, and of 70% by weight of all packaging waste generated by 31 December 2030 Proposal on packaging and packaging waste;TA2.10;Renewable Energy;Member States shall set an indicative target for innovative renewable energy technology of at least 5% of newly installed renewable energy capacity by 2030;+;2;The implementation of TA3.31 could support TA2.10 by promoting the recycling of packaging waste, which could lead to increased innovative renewable energy production.
TA3	;TA3.33;Circularity/Recycling - Municipal Waste;Member States shall take the necessary measures to attain a recycling target of 25% of wood by weight of wood contained in packaging waste generated by 31 December 2025 and of 30% by 31 December 2030 Proposal on packaging and packaging waste;TA2.3;Renewable Energy - Hydrogen Production;Member States shall ensure that the contribution of renewable fuels of non-biological origin used for final energy and non-energy purposes shall be at least 42% of the hydrogen used for final energy and non-energy purposes in industry by 2030;+;2;The implementation of TA3.33 could support TA2.3 by promoting the recycling of wood, which could lead to increased renewable hydrogen production.
TA3	;TA3.34;Circularity/Recycling - Municipal Waste;Member States shall take the necessary measures to attain a recycling target of 70% of ferrous metals by weight of ferrous metals contained in packaging waste generated by 31 December 2025 and of 80% by 31 December 2030 Proposal on packaging and packaging waste;TA2.40;Renewable Energy - Hydrogen Production;Around 30% of EU primary steel production is expected to be decarbonised on the basis of renewable hydrogen;+;2;The implementation of TA3.34 could support TA2.40 by promoting the recycling of ferrous metals, which could lead to increased decarbonisation of steel production.
TA3	;TA3.35;Circularity/Recycling - Municipal Waste;Member States shall take the necessary measures to attain a recycling target of 50% of aluminium by weight of aluminium contained in packaging waste generated by 31 December 2025 and of 60% by 31 December 2030 Proposal on packaging and packaging waste;TA2.1;Renewable Energy - Hydrogen Production;REPowerEU sets a target of 10 million tonnes of domestic renewable hydrogen production and 10 million tonnes of renewable hydrogen imports by 2030;+;2;The implementation of TA3.35 could support TA2.1 by promoting the recycling of aluminium, which could lead to increased renewable hydrogen production.
TA3	;TA3.36;Circularity/Recycling - Municipal Waste;Member States shall take the necessary measures to attain a recycling target of 70% of glass by weight of glass contained in packaging waste generated by 31 December 2025 and of 75% by 31 December 2030 Proposal on packaging and packaging waste;TA2.39;Renewable Energy - Ocean/Offshore;The strategy sets targets for an installed capacity of at least 1 GW of ocean energy by 2030 and 40 GW by 2050;+;2;The implementation of TA3.36 could support TA2.39 by promoting the recycling of glass, which could lead to increased ocean energy production.
TA3	;TA3.37;Circularity/Recycling - Municipal Waste;Member States shall take the necessary measures to attain a recycling target of 75% of paper and cardboard by weight of paper and cardboard contained in packaging waste generated by 31 December 2025 and of 85% by 31 December 2030 Proposal on packaging and packaging waste;TA2.5;Renewable Energy - Solar;Bring online over 320 GW of solar photovoltaic by 2025 and almost 600 GW by 2030;+;2;The implementation of TA3.37 could support TA2.5 by promoting the recycling of paper and cardboard, which could lead to increased solar photovoltaic production.
TA3	;TA3.52;Circularity/Recycling - Plastic & Packaging;At least 20% of the carbon used in the chemical and plastic products should be from sustainable non-fossil sources by 2030, in full consideration of the EU's biodiversity and circular economy objectives and of the upcoming policy framework for bio-based, biodegradable and compostable plastics Communication on Sustainable Carbon Cycles;TA2.41;Energy Efficiency;Member States are required to achieve cumulative end-use energy savings from 2021 to 2030, equivalent to new annual savings of at least 0.8% of final energy consumption in 2021-2023, at least 1.3% in 2024-2025, 1.5% in 2026-2027 and 1.9% in 2028-2030 Directive (EU) 2023/1791;+;2;The implementation of TA3.52 could support TA2.41 by promoting the use of sustainable non-fossil carbon sources, which could lead to increased energy savings.
TA3	;TA3.29;Circularity/Recycling - Plastic & Packaging;Member States shall take measures to achieve a sustained reduction in the consumption of lightweight plastic carrier bags on their territory A sustained reduction is achieved if the annual consumption does not exceed 40 lightweight plastic carrier bags per person, or the equivalent target in weight, by 31 December 2025, and subsequently by 31 December in each year thereafter Proposal on packaging and packaging waste;TA2.17;Energy Infrastructure;A target of 15% electricity interconnection for 2030;+;2;The implementation of TA3.29 could support TA2.17 by reducing the consumption of lightweight plastic carrier bags, which could lead to increased electricity interconnection and a more integrated energy market.
TA3	;TA3.32;Circularity/Recycling - Plastic & Packaging;Member States shall take the necessary measures to attain a recycling target of 50% of plastic by weight of plastic contained in packaging waste generated by 31 December 2025, and of 55% by weight of plastic in packaging waste generated by 31 December 2030 Proposal on packaging and packaging waste;TA2.37;Renewable Energy;By 2030, the share of renewable energy in the electricity mix should double to 55-60%;+;2;The implementation of TA3.32 could support TA2.37 by promoting the recycling of plastic, which could lead to increased renewable energy production.
TA3	;TA3.38;Circularity/Recycling - Vehicle Circularity;Each vehicle belonging to a vehicle type that is type-approved as of [the first day of the month following 72 months after the date of entry into force of this Regulation] under Regulation (EU) 2018/858 shall be constructed so that it is: (a) reusable/recyclable to a minimum of 85% by mass, (b) reusable/recoverable to a minimum of 95 % by mass Proposal for a Regulation on circularity requirements for vehicle design and on management of end-of-life vehicles;TA2.4;Energy Efficiency - Buildings;Double the current deployment rate of individual heat pumps, resulting in a cumulative 10 million units by 2027 and 30 million units by 2030;+;2;The implementation of TA3.38 could support TA2.4 by promoting the design and production of reusable and recyclable vehicles, which could lead to increased heat pump deployment and renewable energy production.
TA3	;TA3.48;Circularity/Recycling - Vehicle Circularity;The plastic contained in each vehicle type that is type-approved as of [the first day of the month following 72 months after the date of entry into force of the Regulation] under Regulation (EU) 2018/858 shall contain a minimum of 25 % of plastic recycled by weight from post-consumer plastic waste Proposal for a Regulation on circularity requirements for vehicle design and on management of end-of-life vehicles;TA2.1;Renewable Energy - Hydrogen Production;REPowerEU sets a target of 10 million tonnes of domestic renewable hydrogen production and 10 million tonnes of renewable hydrogen imports by 2030;+;2;The implementation of TA3.48 could support TA2.1 by promoting the use of recycled plastic in vehicle production, which could lead to increased renewable hydrogen production.
TA3	;TA3.49;Circularity/Recycling - Vehicle Circularity;At least 25% of the target set out in the first subparagraph shall be achieved by including plastics recycled from end-of-life vehicles in the vehicle type concerned Proposal for a Regulation on circularity requirements for vehicle design and on management of end-of-life vehicles;TA2.39;Renewable Energy - Ocean/Offshore;The strategy sets targets for an installed capacity of at least 1 GW of ocean energy by 2030 and 40 GW by 2050;+;2;The implementation of TA3.49 could support TA2.39 by promoting the recycling and reuse of plastics from end-of-life vehicles, which could lead to increased ocean energy production.
TA3	;TA3.50;Circularity/Recycling - Vehicle Circularity;Member States shall ensure that the following targets are met by the waste management operators: (a) the reuse and recovery, as calculated together, shall be a minimum of 95 %, by average weight per vehicle, excluding batteries, and year, (b) the reuse and recycling, as calculated together, shall be a minimum of 85 %, by average weight per vehicle, excluding batteries, and year Proposal for a Regulation on circularity requirements for vehicle design and on management of end-of-life vehicles;TA2.5;Renewable Energy - Solar;Bring online over 320 GW of solar photovoltaic by 2025 and almost 600 GW by 2030;+;2;The implementation of TA3.50 could support TA2.5 by promoting the recycling and reuse of vehicles, which could lead to increased solar photovoltaic production.
TA3	;TA3.51;Circularity/Recycling - Vehicle Circularity;Member States shall ensure that waste management operators achieve a yearly target for the recycling of plastics of at least 30 % of the total weight of plastics contained in the vehicles delivered to the waste management operators Proposal for a Regulation on circularity requirements for vehicle design and on management of end-of-life vehicles;TA2.7;Renewable Energy - Solar;Over this decade, the EU will need to install, on average, approximately 45 GW per year of PV to reach the share of 45% of energy coming from renewables;+;2;The implementation of TA3.51 could support TA2.7 by promoting the recycling of plastics, which could lead to increased solar photovoltaic production.
TA3	;TA3.11;Critical Raw Materials - Extraction & Import;Diversify the Union's imports of strategic raw materials with a view to ensuring that, by 2030, the Union's annual consumption of each strategic raw material at any relevant stage of processing can rely on imports from several third countries;TA2.38;Renewable Energy - Ocean/Offshore;Cumulative EU offshore goals of installed capacity: 60 GW by 2030 and 300 GW by 2050;+;2;The implementation of TA3.11 could support TA2.38 by promoting the diversification of strategic raw material imports, which could lead to increased offshore wind energy production.
TA3	;TA3.8;Critical Raw Materials - Extraction & Import;By 2030, Union extraction capacity should be able of extracting the ores, minerals or concentrates needed to produce at least 10% of the Union's annual consumption of strategic raw materials;TA2.9;Renewable Energy;Member States shall collectively ensure that the share of energy from renewable sources in the Union's gross final consumption of energy in 2030 is at least 42.5%;+;2;The implementation of TA3.8 could support TA2.9 by promoting the extraction of strategic raw materials, which could lead to increased renewable energy production.
TA3	;TA3.9;Critical Raw Materials - Extraction & Import;By 2030, Union processing capacity, including for all intermediate processing steps, should be able of producing at least 40% of the Union's annual consumption of strategic raw materials;TA2.40;Renewable Energy - Hydrogen Production;Around 30% of EU primary steel production is expected to be decarbonised on the basis of renewable hydrogen;+;2;The implementation of TA3.9 could support TA2.40 by promoting the processing of strategic raw materials, which could lead to increased decarbonisation of steel production.
TA3	;TA3.12;Net-Zero Technology - Manufacturing;By 2030, manufacturing capacity in the Union of the strategic net-zero technologies listed in the Annex approaches or reaches a benchmark of at least 40% of the Union's annual deployment needs;TA2.1;Renewable Energy - Hydrogen Production;REPowerEU sets a target of 10 million tonnes of domestic renewable hydrogen production and 10 million tonnes of renewable hydrogen imports by 2030;+;2;The implementation of TA3.12 could support TA2.1 by promoting the development of manufacturing capacity for net-zero technologies, which could lead to increased renewable hydrogen production.
TA3	;TA3.24;Waste Reduction - Food Waste;Reduce the generation of food waste in processing and manufacturing by 10% in comparison to the amount generated in 2020;TA2.41;Energy Efficiency;Member States are required to achieve cumulative end-use energy savings from 2021 to 2030, equivalent to new annual savings of at least 0.8% of final energy consumption in 2021-2023, at least 1.3% in 2024-2025, 1.5% in 2026-2027 and 1.9% in 2028-2030 Directive (EU) 2023/1791;+;2;The implementation of TA3.24 could support TA2.41 by reducing food waste, which could lead to increased energy savings.
TA3	;TA3.25;Waste Reduction - Food Waste;Reduce the generation of food waste per capita, jointly in retail and other distribution of food, in restaurants and food services and in households, by 30% in comparison to the amount generated in 2020;TA2.9;Renewable Energy;Member States shall collectively ensure that the share of energy from renewable sources in the Union's gross final consumption of energy in 2030 is at least 42.5%;+;2;The implementation of TA3.25 could support TA2.9 by reducing food waste, which could lead to increased renewable energy production.
TA3	;TA3.1;Waste Reduction - Municipal Waste;Halve the amount of residual (non-recycled) municipal waste by 2030;TA2.37;Renewable Energy;By 2030, the share of renewable energy in the electricity mix should double to 55-60%;+;2;The implementation of TA3.1 could support TA2.37 by reducing municipal waste, which could lead to increased renewable energy production.
TA3	;TA3.30;Circularity/Recycling - Municipal Waste;Each Member State shall reduce the packaging waste generated per capita, as compared to the packaging waste generated per capita in 2018 as reported to the Commission in accordance with Decision 2005/270/EC by 5% by 2030, 10% by 2035, 15% by 2040 Proposal on packaging and packaging waste;TA2.17;Energy Infrastructure;A target of 15% electricity interconnection for 2030;+;2;The implementation of TA3.30 could support TA2.17 by reducing packaging waste, which could lead to increased electricity interconnection and a more integrated energy market.
TA3	;TA3.27;Waste Reduction - Plastic & Packaging;All packaging shall be recyclable;TA2.4;Energy Efficiency - Buildings;Double the current deployment rate of individual heat pumps, resulting in a cumulative 10 million units by 2027 and 30 million units by 2030;+;2;The implementation of TA3.27 could support TA2.4 by promoting the design and production of recyclable packaging, which could lead to increased heat pump deployment and renewable energy production.
TA3	;TA3.28;Waste Reduction - Plastic & Packaging;The plastic part in packaging shall contain the following minimum percentage of recycled content recovered from post-consumer plastic waste;TA2.1;Renewable Energy - Hydrogen Production;REPowerEU sets a target of 10 million tonnes of domestic renewable hydrogen production and 10 million tonnes of renewable hydrogen imports by 2030;+;2;The implementation of TA3.28 could support TA2.1 by promoting the use of recycled plastic in packaging, which could lead to increased renewable hydrogen production.
TA3	;TA3.29;Circularity/Recycling - Plastic & Packaging;Member States shall take measures to achieve a sustained reduction in the consumption of lightweight plastic carrier bags on their territory A sustained reduction is achieved if the annual consumption does not exceed 40 lightweight plastic carrier bags per person, or the equivalent target in weight, by 31 December 2025, and subsequently by 31 December in each year thereafter Proposal on packaging and packaging waste;TA2.37;Renewable Energy;By 2030, the share of renewable energy in the electricity mix should double to 55-60%;+;2;The implementation of TA3.29 could support TA2.37 by reducing the consumption of lightweight plastic carrier bags, which could lead to increased renewable energy production.
TA3	;TA3.3;Circularity/Recycling;Double EU  circular material use rate in the coming decade;TA7.9;Improve Air Quality;Improve air quality to reduce the number of premature deaths caused by air pollution by 55% by 2030;+;2;The improvement of air quality can be achieved through the reduction of emissions from industrial activities, which can be facilitated by the increase in circular material use rate, as it promotes the use of recycled materials and reduces waste generation.
TA3	;TA3.13;Circularity/Recycling - Critical Raw Materials - Batteries Recycling;By 2030, Union recycling capacity, including for all intermediate recycling steps, should be able of producing at least 25% of the Union  annual consumption of strategic raw materials;TA7.4;Improve Air Quality;The Industrial Emissions Directive (IED) aims at preventing or reducing emissions from large industrial installations and intensive farming into the environment.;+;2;The IED can contribute to the increase in recycling capacity by reducing emissions from industrial activities, which can lead to an increase in the availability of recyclable materials, thus supporting the achievement of the recycling target.
TA3	;TA3.15;Circularity/Recycling - Critical Raw Materials - Batteries Recycling;Producers of starting, lighting and ignition batteries, industrial batteries and electric vehicle batteries or, where appointed in accordance with Article 57(1), producer responsibility organisations, shall take back, free of charge and without an obligation on the end-user to buy a new battery;TA7.13;Improve Air Quality;Reduce by 25% the EU ecosystems where air pollution threatens biodiversity, by 2030;+;1;The reduction of air pollution threatening biodiversity can be facilitated by the implementation of producer responsibility organisations, which can lead to an increase in the recycling of batteries and a reduction in the amount of waste generated.
TA3	;TA3.20;Circularity/Recycling - Critical Raw Materials - Batteries Recycling;Recycling shall achieve at least the following targets for recycling efficiency: No later than 31 December 2025- 75% by average weight of lead-acid batteries- 80% by average weight of nickel-cadmium batteries - 50% by average weight of other waste batteries;TA7.6;Improve Soils Health;Improve soil quality by reducing chemical pesticides‚Äô use by 50%, by 2030;+;1;The reduction of chemical pesticides‚Äô use can lead to an increase in the use of recycled materials in the production of new pesticides, thus supporting the achievement of the recycling targets.
TA3	;TA3.21;Circularity/Recycling - Critical Raw Materials - Batteries Recycling;Recycling shall achieve at least the following targets for recycling efficiency:- No later than 31 December 2025, 65% by average weight of lithium-based batteries- No later than 31 December 2030, 70% by average weight of lithium-based batteries.;TA7.8;Improve Soils Health;Improve soil quality by reducing nutrient losses use by 50%, by 2030;+;1;The reduction of nutrient losses can lead to an increase in the use of recycled materials in the production of new fertilizers, thus supporting the achievement of the recycling targets.
TA3	;TA3.30;Circularity/Recycling - Municipal Waste;Each Member State shall reduce the packaging waste generated per capita, as compared to the packaging waste generated per capita in 2018 as reported to the Commission in accordance with Decision 2005/270/EC by 5% by 2030, 10% by 2035, 15% by 2040;TA7.15;Improve Soils Health;Having all soils in healthy condition by 2050;+;1;The achievement of healthy soil conditions can be facilitated by the reduction of packaging waste, which can lead to a reduction in the amount of waste generated and an increase in the use of recycled materials.
TA3	;TA3.31;Circularity/Recycling - Municipal Waste;Member States shall take the necessary measures to attain the recycling targets of 65% by weight of all packaging waste generated by 31 December 2025, and of 70% by weight of all packaging waste generated by 31 December 2030.;TA7.5;Improve Water Quality;The revised Urban Wastewater Treatment Directive (UWWTD) extends the scope of the 1991 UWWTD;+;2;The revised UWWTD can contribute to the increase in recycling rates by improving wastewater treatment and reducing emissions from urban waste water, thus supporting the achievement of the recycling targets.
TA3	;TA3.38;Circularity/Recycling - Vehicle Circularity;Each vehicle belonging to a vehicle type that is type-approved as of [the first day of the month following 72 months after the date of entry into force of this Regulation] under Regulation (EU) 2018/858 shall be constructed so that it is: (a) reusable/recyclable to a minimum of 85% by mass, (b) reusable/recoverable to a minimum of 95 % by mass.;TA7.10;Improve Water Quality;Improve water quality by reducing waste, plastic litter at sea (by 50%);+;2;The improvement of water quality can be achieved through the reduction of waste and plastic litter, which can be facilitated by the implementation of circular economy measures in the automotive sector, such as the design of reusable and recyclable vehicles.
TA3	;TA3.48;Circularity/Recycling - Vehicle Circularity;The plastic contained in each vehicle type that is type-approved as of [the first day of the month following 72 months after the date of entry into force of the Regulation] under Regulation (EU) 2018/858 shall contain a minimum of 25 % of plastic recycled by weight from post-consumer plastic waste;TA7.11;Improve Water Quality;Improve water quality by reducing microplastics released into the environment (by 30%);+;2;The reduction of microplastics can be facilitated by the implementation of recycled plastic content in vehicles, which can lead to a reduction in the amount of microplastics released into the environment.
TA3	;TA3.49;Circularity/Recycling - Vehicle Circularity;At least 25% of the target set out in the first subparagraph shall be achieved by including plastics recycled from end-of-life vehicles in the vehicle type concerned.;TA7.16;Improve Water Quality;By means of an updated and harmonised list of pollutants affecting surface and groundwater, updated existing quality standards, new monitoring requirements, improved and more accessible data, and a more flexible framework for addressing pollutants of emerging concerns;+;1;The implementation of a harmonised list of pollutants and quality standards can lead to an increase in the recycling of plastics from end-of-life vehicles, thus supporting the achievement of the recycling targets.
TA3	;TA3.50;Circularity/Recycling - Vehicle Circularity;Member States shall ensure that the following targets are met by the waste management operators: (a) the reuse and recovery, as calculated together, shall be a minimum of 95 %, by average weight per vehicle, excluding batteries, and year, (b) the reuse and recycling, as calculated together, shall be a minimum of 85 %, by average weight per vehicle, excluding batteries, and year.;TA7.14;Noise Reduction;Reduce the share of people chronically disturbed by transport noise by 30%, by 2030;+;2;The reduction of transport noise can be facilitated by the implementation of waste management measures, such as the reuse and recycling of vehicles, which can lead to a reduction in the amount of waste generated and an increase in the use of recycled materials.
TA4	;TA4.1;Biofuels;Achieve an annual production of sustainable biomethane of 35 billion cubic meters by 2030;TA3.3;Circularity/Recycling;Double EU  circular material use rate in the coming decade;+;2;The production of sustainable biomethane can contribute to the circular material use rate by providing a source of renewable energy and reducing waste.
TA4	;TA4.7;Biofuels;Each Member State shall set an obligation on fuel suppliers to ensure that: (B) the combined share of advanced biofuels and biogas produced from the feedstock listed in Part A of Annex IX and of renewable fuels of non-biological origin in the energy supplied to the transport sector is at least 1% in 2025 and 5.5% in 2030, of which a share of at least 1 percentage point is from renewable fuels of non-biological origin in 2030. Directive (EU) 2023/2413;TA3.13;Circularity/Recycling - Critical Raw Materials - Batteries Recycling;By 2030, Union recycling capacity, including for all intermediate recycling steps, should be able of producing at least 25% of the Union's annual consumption of strategic raw materials;+;1;The implementation of the recycling target for strategic raw materials can be supported by the increased use of advanced biofuels and biogas in the transport sector.
TA4	;TA4.18;Biofuels;The share of biofuels and biogas produced from the feedstock listed in Part B of Annex IX in the energy content of fuels and electricity supplied to the transport sector shall, except in Cyprus and Malta, be limited to 1.7%. Directive (EU) 2023/2413;TA3.15;Circularity/Recycling - Critical Raw Materials - Batteries Recycling;Producers of starting, lighting and ignition batteries, industrial batteries and electric vehicle batteries or, where appointed in accordance with Article 57(1), producer responsibility organisations, shall take back, free of charge and without an obligation on the end-user to buy a new battery;+;1;The limitation on the use of biofuels and biogas produced from Part B feedstock can lead to an increased demand for recycled materials, supporting the recycling targets for batteries.
TA4	;TA4.5;Biofuels;Aviation fuel suppliers shall also ensure that Sustainable Aviation Fuel (SAF) made available to aircraft operators at each Union airport will be at least 2% from 2025, 6% from 2030, 20% from 2035, 34% from 2040, 42% from 2045 and 70% from 2050. Regulation (EU) 2023/2405;TA3.20;Circularity/Recycling - Critical Raw Materials - Batteries Recycling;Recycling shall achieve at least the following targets for recycling efficiency: No later than 31 December 2025- 75% by average weight of lead-acid batteries- 80% by average weight of nickel-cadmium batteries - 50% by average weight of other waste batteriesNo later than 31 December 2030- 80% by average weight of lead-acid batteries;+;2;The increased use of Sustainable Aviation Fuel (SAF) can lead to an increased demand for recycled materials, supporting the recycling targets for batteries.
TA4	;TA4.19;Energy Efficiency;The yearly quantity of aviation fuel uplifted by a given aircraft operator at a given Union airport shall be at least 90% of the yearly aviation fuel required, to avoid tankering practices which would bring additional emissions from extra weight. Regulation (EU) 2023/2405;TA3.21;Circularity/Recycling - Critical Raw Materials - Batteries Recycling;Recycling shall achieve at least the following targets for recycling efficiency:- No later than 31 December 2025, 65% by average weight of lithium-based batteries- No later than 31 December 2030, 70% by average weight of lithium-based batteries.;+;1;The reduction of tankering practices can lead to a decrease in the demand for lithium-based batteries, supporting the recycling targets for lithium-based batteries.
TA4	;TA4.32;Energy Efficiency;States shall ensure that, at all airports of the TEN-T core network and TEN-T comprehensive network, the provision of electricity supply to stationary aircraft is ensured by 31 December 2029, at all aircraft remote stands used for commercial air transport operations to embark or disembark passengers or to load or unload goods Regulation (EU) 2023/1804;TA3.30;Circularity/Recycling - Municipal Waste;Each Member State shall reduce the packaging waste generated per capita, as compared to the packaging waste generated per capita in 2018 as reported to the Commission in accordance with Decision 2005/270/EC by 5% by 2030, 10% by 2035, 15% by 2040 Proposal on packaging and packaging waste;+;1;The increased use of electricity supply for aircraft can lead to a decrease in the demand for packaging waste, supporting the reduction targets for packaging waste.
TA4	;TA4.33;Energy Efficiency;Member States shall ensure that at least one installation providing shore-side electricity supply to inland waterway vessels is deployed at all TEN-T core inland waterway ports by 1 January 2025, at least one installation providing shore-side electricity supply to inland waterway vessels is deployed at all TEN-T comprehensive inland waterway ports by 1 January 2030. Regulation (EU) 2023/1804;TA3.31;Circularity/Recycling - Municipal Waste;Member States shall take the necessary measures to attain the recycling targets of 65% by weight of all packaging waste generated by 31 December 2025, and of 70% by weight of all packaging waste generated by 31 December 2030. Proposal on packaging and packaging waste;+;1;The increased use of shore-side electricity supply for inland waterway vessels can lead to a decrease in the demand for packaging waste, supporting the recycling targets for packaging waste.
TA4	;TA4.34;Energy Efficiency;Member States shall ensure that a minimum shore-side electricity supply for seagoing container ships and seagoing passenger ships is provided in TEN-T maritime ports. To that end, by 31 December 2029 TEN-T core and comprehensive maritime ports [...] are equipped to provide each year shore-side electricity supply for at least 90 % of the total number of port calls of seagoing container ships above 5.000 gross tonnes that are moored at the quayside at the maritime port concerned and 90% of the total number of port calls of seagoing ro-ro passenger ships above 5.000 gross tonnes and seagoing high-speed passenger craft above 5.000 gross tonnes that are moored at the quayside at the maritime port concerned Regulation (EU) 2023/1804;TA3.33;Circularity/Recycling - Municipal Waste;Member States shall take the necessary measures to attain a recycling target of 25% of wood by weight of wood contained in packaging waste generated by 31 December 2025 and of 30% by 31 December 2030. Proposal on packaging and packaging waste;+;1;The increased use of shore-side electricity supply for seagoing ships can lead to a decrease in the demand for wood-based packaging waste, supporting the recycling targets for wood.
TA4	;TA4.10;Energy Efficiency;EU fisheries are encouraged to continue the positive trend, as observed for the period 2009-2019, towards reducing fuel intensity by reducing the fossil-fuel consumption per kg of landed product for at least an additional 15% for the period 2019-2030. Energy Transition of the EU Fisheries and Aquaculture sector;TA3.1;Waste Reduction - Municipal Waste;Halve the amount of residual (non-recycled) municipal waste by 2030;+;2;The reduction of fuel intensity in the fisheries sector can lead to a decrease in the amount of residual waste, supporting the target to halve the amount of residual municipal waste.
TA4	;TA4.25;Energy Infrastructure;Member States shall ensure that, at the end of each year, the following power output targets are met cumulatively: (a) for each light-duty battery electric vehicle registered in their territory, a total power output of at least 1.3 kW is provided through publicly accessible recharging stations, and (b) for each light-duty plug-in hybrid vehicle registered in their territory, a total power output of at least 0.80 kW is provided through publicly accessible recharging stations. Regulation (EU) 2023/1804;TA3.50;Circularity/Recycling - Vehicle Circularity;Member States shall ensure that the following targets are met by the waste management operators: (a) the reuse and recovery, as calculated together, shall be a minimum of 95 %, by average weight per vehicle, excluding batteries, and year, (b) the reuse and recycling, as calculated together, shall be a minimum of 85 %, by average weight per vehicle, excluding batteries, and year. Proposal for a Regulation on circularity requirements for vehicle design and on management of end-of-life vehicles;+;2;The increased use of publicly accessible recharging stations can lead to an increased demand for recycled materials, supporting the recycling targets for vehicles.
TA4	;TA4.26;Energy Infrastructure;Member States shall ensure that along the TEN-T core and comprehensive network, publicly accessible recharging pools dedicated to light-duty vehicles deployed in each direction of travel with a maximum distance of 60 km in-between them offering a power output of at least 600kW and including at least one recharging point with an individual power output of at least 150 kW. Regulation (EU) 2023/1804;TA3.51;Circularity/Recycling - Vehicle Circularity;Member States shall ensure that waste management operators achieve a yearly target for the recycling of plastics of at least 30 % of the total weight of plastics contained in the vehicles delivered to the waste management operators. Proposal for a Regulation on circularity requirements for vehicle design and on management of end-of-life vehicles;+;1;The increased use of publicly accessible recharging pools can lead to an increased demand for recycled plastics, supporting the recycling targets for plastics.
TA4	;TA4.27;Energy Infrastructure;Member States shall ensure that, by 31 December 2030 (with intermediate 2025 and 2027 targets), along the TEN-T core road network, publicly accessible recharging pools dedicated to heavy-duty electric vehicles are deployed in each direction of travel with a maximum distance of 60 km between them [...]. Along the TEN-T comprehensive road network, recharging pools dedicated to heavy-duty electric vehicles are deployed in each direction of travel with a maximum distance of 100 km between them and each recharging pool offers a power output of at least 1.500 kW and includes at least one recharging point with an individual power output of at least 350 kW. Regulation (EU) 2023/1804;TA3.11;Critical Raw Materials - Extraction & Import;Diversify the Union  imports of strategic raw materials with a view to ensuring that, by 2030, the Union  annual consumption of each strategic raw material at any relevant stage of processing can rely on imports from several third countries;+;1;The increased use of publicly accessible recharging pools for heavy-duty electric vehicles can lead to an increased demand for strategic raw materials, supporting the diversification of imports.
TA4	;TA4.28;Energy Infrastructure;By 31 December 2030, in each safe and secure parking area at least four publicly accessible recharging stations dedicated to heavy-duty electric vehicles with an individual power output of at least 100 kW are deployed. Regulation (EU) 2023/1804;TA3.12;Net-Zero Technology - Manufacturing;By 2030, manufacturing capacity in the Union of the strategic net-zero technologies listed in the Annex approaches or reaches a benchmark of at least 40% of the Union  annual deployment needs;+;2;The increased use of publicly accessible recharging stations for heavy-duty electric vehicles can lead to an increased demand for net-zero technologies, supporting the manufacturing capacity targets.
TA4	;TA4.29;Energy Infrastructure;By 31 December 2030, in each urban node publicly accessible recharging points dedicated to heavy-duty electric vehicles with an aggregated power output of at least 1 800 kW are deployed, provided by recharging stations with an individual power output of at least 150 kW. Regulation (EU) 2023/1804;TA3.24;Waste Reduction - Food Waste;Reduce the generation of food waste in processing and manufacturing by 10% in comparison to the amount generated in 2020;+;1;The increased use of publicly accessible recharging points for heavy-duty electric vehicles can lead to a decrease in the demand for food waste, supporting the reduction targets for food waste.
TA4	;TA4.30;Hydrogen Distribution;Member States shall ensure that, by 31 December 2030, at least one publicly accessible hydrogen refuelling station is deployed in each urban node. Regulation (EU) 2023/1804;TA3.25;Waste Reduction - Food Waste;Reduce the generation of food waste per capita, jointly in retail and other distribution of food, in restaurants and food services and in households, by 30% in comparison to the amount generated in 2020;+;1;The increased use of publicly accessible hydrogen refuelling stations can lead to a decrease in the demand for food waste, supporting the reduction targets for food waste.
TA4	;TA4.31;Hydrogen Distribution;Member States shall ensure that, by 31 December 2030, publicly accessible hydrogen refuelling stations with a total capacity of at least 1 tonne per day, and equipped with at least a 700 bar dispenser, are deployed at least every 200 km along the TEN-T (Trans-European Transport Network) core network Regulation (EU) 2023/1804;TA3.30;Circularity/Recycling - Municipal Waste;Each Member State shall reduce the packaging waste generated per capita, as compared to the packaging waste generated per capita in 2018 as reported to the Commission in accordance with Decision 2005/270/EC by 5% by 2030, 10% by 2035, 15% by 2040 Proposal on packaging and packaging waste;+;1;The increased use of publicly accessible hydrogen refuelling stations can lead to a decrease in the demand for packaging waste, supporting the reduction targets for packaging waste.
TA4	;TA4.13;Net-Zero Technology - Road Vehicles;For [...] ‚Äö√Ñ√∫urban buses‚Äö√Ñ√π manufacturers shall comply with the 90% (in the reporting period 2030-2034) and 100% (as from 2035) minimum shares in their fleet of new heavy-duty vehicles Regulation (EU) 2024/1610;TA3.8;Critical Raw Materials - Extraction & Import;By 2030, Union extraction capacity should be able of extracting the ores, minerals or concentrates needed to produce at least 10% of the Union  annual consumption of strategic raw materials;+;2;The increased use of urban buses can lead to an increased demand for strategic raw materials, supporting the extraction capacity targets.
TA4	;TA4.8;Other Low-Carbon Fuels;Member States with maritime ports shall endeavour to ensure that as of 2030 the share of renewable fuels of non-biological origin (RFNBOs) in the total amount of energy supplied to the maritime transport sector is at least 1.2%. Directive (EU) 2023/2413;TA3.9;Critical Raw Materials - Extraction & Import;By 2030, Union processing capacity, including for all intermediate processing steps, should be able of producing at least 40% of the Union  annual consumption of strategic raw materials;+;2;The increased use of RFNBOs in the maritime transport sector can lead to an increased demand for strategic raw materials, supporting the processing capacity targets.
TA4	;TA4.6;Other Low-Carbon Fuels;Of the SAF targets reported above, synthetic aviation fuels should represent a minimum share of 1.2% from 2030, 5% from 2035, 10% from 2034, 15% from 2045, and 35% from 2050. Regulation (EU) 2023/2405;TA3.20;Circularity/Recycling - Critical Raw Materials - Batteries Recycling;Recycling shall achieve at least the following targets for recycling efficiency: No later than 31 December 2025- 75% by average weight of lead-acid batteries- 80% by average weight of nickel-cadmium batteries - 50% by average weight of other waste batteriesNo later than 31 December 2030- 80% by average weight of lead-acid batteries;+;2;The increased use of synthetic aviation fuels can lead to an increased demand for recycled materials, supporting the recycling targets for batteries.
TA4	;TA4.20;Renewable Energy - Hydrogen Production;In the first phase, from 2020 up to 2024, the strategic objective is to install at least 6 GW of renewable hydrogen electrolysers in the EU. In the second phase, from 2025 up to 2030, the strategic objective is to install at least 40 GW of renewable hydrogen electrolysers. A Hydrogen Strategy for a climate-neutral Europe;TA3.21;Circularity/Recycling - Critical Raw Materials - Batteries Recycling;Recycling shall achieve at least the following targets for recycling efficiency:- No later than 31 December 2025, 65% by average weight of lithium-based batteries- No later than 31 December 2030, 70% by average weight of lithium-based batteries.;+;2;The increased production of renewable hydrogen can lead to an increased demand for recycled lithium-based batteries, supporting the recycling targets for lithium-based batteries.
TA4	;TA4.11;Transport Logistics;Reduce the average door-to-door cost of combined transport operations by at least 10% within 7 years Proposal for a Directive to support framework for intermodal transport of goods;TA3.30;Circularity/Recycling - Municipal Waste;Each Member State shall reduce the packaging waste generated per capita, as compared to the packaging waste generated per capita in 2018 as reported to the Commission in accordance with Decision 2005/270/EC by 5% by 2030, 10% by 2035, 15% by 2040 Proposal on packaging and packaging waste;+;1;The reduction of transport costs can lead to a decrease in the demand for packaging waste, supporting the reduction targets for packaging waste.
TA4	;TA4.55;Urban Mobility;Zero-emission in urban logistics The new EU Urban Mobility Framework.;TA3.29;Circularity/Recycling - Plastic & Packaging;Member States shall take measures to achieve a sustained reduction in the consumption of lightweight plastic carrier bags on their territory. A sustained reduction is achieved if the annual consumption does not exceed 40 lightweight plastic carrier bags per person, or the equivalent target in weight, by 31 December 2025, and subsequently by 31 December in each year thereafter. Proposal on packaging and packaging waste;+;1;The promotion of zero-emission urban logistics can lead to a decrease in the demand for lightweight plastic carrier bags, supporting the reduction targets for single-use plastics.
TA4	;TA4.15;GHG Reduction - Transports;The average CO2 emissions of the Union fleet of new heavy-duty motor vehicles [...], off-road vehicles and off-road special purpose vehicles shall be reduced by the following percentages compared to the average CO2 emissions of the reporting period of the year 2019: (a) 15% for vehicle sub-groups 4-UD, 4-RD, 4-LH, 5-RD, 5-LH, 9-RD, 9-LH, 10-RD and 10-LH for the reporting periods of the years 2025 to 2029, (b) 45% for all vehicle sub-groups other than vocational vehicles for the reporting periods of the years 2030 to 2034, (c) 65% for all vehicle sub-groups for the reporting periods of the years 2035 to 2039, (d) 90% for all vehicle sub-groups for the reporting periods of the year 2040 onwards Regulation (EU) 2024/1610;TA3.1;Waste Reduction - Municipal Waste;Halve the amount of residual (non-recycled) municipal waste by 2030;+;2;The reduction of CO2 emissions from heavy-duty vehicles can lead to a decrease in the amount of residual waste, supporting the target to halve the amount of residual municipal waste.
TA4	;TA4.3;GHG Reduction - Transports;The yearly average GHG intensity of the energy used on board by a ship during a reporting period shall be reduced, compared to the reference value (91.16 gCO2e/MJ) by: 2% from 1 January 2025, 6% from 1 January 2030, 14.5% from 1 January 2035, 31% from 1 January 2040, 62% from 1 January 2045, 80% from 1 January 2050. Regulation (EU) 2023/1805;TA3.30;Circularity/Recycling - Municipal Waste;Each Member State shall reduce the packaging waste generated per capita, as compared to the packaging waste generated per capita in 2018 as reported to the Commission in accordance with Decision 2005/270/EC by 5% by 2030, 10% by 2035, 15% by 2040 Proposal on packaging and packaging waste;+;1;The reduction of GHG emissions from ships can lead to a decrease in the demand for packaging waste, supporting the reduction targets for packaging waste.
TA4	;TA4.9;GHG Reduction - Transports;Cut the emissions of transport sector by 90% by 2050 relative to 1990. Sustainable and Smart Mobility Strategy;TA3.27;Waste Reduction - Plastic & Packaging;All packaging shall be recyclable;+;1;The reduction of transport emissions can lead to a decrease in the demand for non-recyclable packaging, supporting the target for all packaging to be recyclable.
TA4	;TA4.30;Hydrogen Distribution;Member States shall ensure that, by 31 December 2030, at least one publicly accessible hydrogen refuelling station is deployed in each urban node. Regulation (EU) 2023/1804;TA3.28;Waste Reduction - Plastic & Packaging;The plastic part in packaging shall contain the following minimum percentage of recycled content recovered from post-consumer plastic waste;+;1;The increased use of publicly accessible hydrogen refuelling stations can lead to a decrease in the demand for non-recycled plastics, supporting the target for recycled content in packaging.
TA4	;TA4.1;Biofuels;Achieve an annual production of sustainable biomethane of 35 billion cubic meters by 2030;TA2.41;Energy Efficiency;Member States are required to achieve cumulative end-use energy savings from 2021 to 2030, equivalent to new annual savings of at least 0.8% of final energy consumption in 2021-2023, at least 1.3% in 2024-2025, 1.5% in 2026-2027 and 1.9% in 2028-2030. Directive (EU) 2023/1791;+;2;The implementation of TA4.1 could reinforce the achievement of TA2.41 by increasing the share of renewable energy in the energy mix, thus contributing to the reduction of energy consumption.
TA4	;TA4.7;Biofuels;Each Member State shall set an obligation on fuel suppliers to ensure that: (B) the combined share of advanced biofuels and biogas produced from the feedstock listed in Part A of Annex IX and of renewable fuels of non-biological origin in the energy supplied to the transport sector is at least 1% in 2025 and 5.5% in 2030, of which a share of at least 1 percentage point is from renewable fuels of non-biological origin in 2030. Directive (EU) 2023/2413;TA2.9;Renewable Energy;Member States shall collectively ensure that the share of energy from renewable sources in the Union  gross final consumption of energy in 2030 is at least 42.5%;+;2;The implementation of TA4.7 could support the achievement of TA2.9 by promoting the use of renewable fuels in the transport sector, thus contributing to the increase of the share of renewable energy in the energy mix.
TA4	;TA4.18;Biofuels;The share of biofuels and biogas produced from the feedstock listed in Part B of Annex IX in the energy content of fuels and electricity supplied to the transport sector shall, except in Cyprus and Malta, be limited to 1.7%. Directive (EU) 2023/2413;TA2.17;Energy Infrastructure;A target of 15% electricity interconnection for 2030;+;1;The implementation of TA4.18 could enable the achievement of TA2.17 by limiting the share of biofuels and biogas produced from the feedstock listed in Part B of Annex IX, thus allowing for a greater share of renewable energy from other sources.
TA4	;TA4.5;Biofuels;Aviation fuel suppliers shall also ensure that Sustainable Aviation Fuel (SAF) made available to aircraft operators at each Union airport will be at least 2% from 2025, 6% from 2030, 20% from 2035, 34% from 2040, 42% from 2045 and 70% from 2050. Regulation (EU) 2023/2405;TA2.37;Renewable Energy;By 2030, the share of renewable energy in the electricity mix should double to 55-60%;+;2;The implementation of TA4.5 could support the achievement of TA2.37 by promoting the use of Sustainable Aviation Fuels, thus contributing to the increase of the share of renewable energy in the electricity mix.
TA4	;TA4.19;Energy Efficiency;The yearly quantity of aviation fuel uplifted by a given aircraft operator at a given Union airport shall be at least 90% of the yearly aviation fuel required, to avoid tankering practices which would bring additional emissions from extra weight. Regulation (EU) 2023/2405;TA2.14;Renewable Energy - Heating & Cooling;Each Member State shall increase the share of renewable energy in the heating and cooling sector by at least 0.8 percentage points as an annual average calculated for the period 2021 to 2025;+;1;The implementation of TA4.19 could enable the achievement of TA2.14 by reducing energy consumption in the aviation sector, thus allowing for a greater share of renewable energy in the heating and cooling sector.
TA4	;TA4.32;Energy Efficiency;States shall ensure that, at all airports of the TEN-T core network and TEN-T comprehensive network, the provision of electricity supply to stationary aircraft is ensured by 31 December 2029, at all aircraft remote stands used for commercial air transport operations to embark or disembark passengers or to load or unload goods Regulation (EU) 2023/1804;TA2.4;Energy Efficiency - Buildings;Double the current deployment rate of individual heat pumps, resulting in a cumulative 10 million units by 2027 and 30 million units by 2030;+;2;The implementation of TA4.32 could reinforce the achievement of TA2.4 by increasing the share of renewable energy in the energy mix, thus contributing to the reduction of energy consumption and the increase of the share of renewable energy.
TA4	;TA4.33;Energy Efficiency;Member States shall ensure that at least one installation providing shore-side electricity supply to inland waterway vessels is deployed at all TEN-T core inland waterway ports by 1 January 2025, at least one installation providing shore-side electricity supply to inland waterway vessels is deployed at all TEN-T comprehensive inland waterway ports by 1 January 2030. Regulation (EU) 2023/1804;TA2.22;Energy Efficiency;Member States shall collectively ensure a reduction of energy consumption of at least 11.7% in 2030 compared to the projections of the 2020 EU Reference Scenario;+;1;The implementation of TA4.33 could enable the achievement of TA2.22 by reducing energy consumption in the inland waterway sector, thus allowing for a greater share of renewable energy in the energy mix.
TA4	;TA4.34;Energy Efficiency;Member States shall ensure that a minimum shore-side electricity supply for seagoing container ships and seagoing passenger ships is provided in TEN-T maritime ports. To that end, by 31 December 2029 TEN-T core and comprehensive maritime ports [...] are equipped to provide each year shore-side electricity supply for at least 90 % of the total number of port calls of seagoing container ships above 5.000 gross tonnes that are moored at the quayside at the maritime port concerned and 90% of the total number of port calls of seagoing ro-ro passenger ships above 5.000 gross tonnes and seagoing high-speed passenger craft above 5.000 gross tonnes that are moored at the quayside at the maritime port concerned Regulation (EU) 2023/1804;TA2.25;Energy Efficiency - Buildings;Reduce buildings‚Äô final energy consumption by 14%;+;1;The implementation of TA4.34 could enable the achievement of TA2.25 by reducing energy consumption in the maritime sector, thus allowing for a greater share of renewable energy in the building sector.
TA4	;TA4.10;Energy Efficiency;EU fisheries are encouraged to continue the positive trend, as observed for the period 2009-2019, towards reducing fuel intensity by reducing the fossil-fuel consumption per kg of landed product for at least an additional 15% for the period 2019-2030. Energy Transition of the EU Fisheries and Aquaculture sector;TA2.23;Energy Efficiency;Member States shall make efforts to collectively contribute to the indicative Union primary energy consumption target amounting to no more than 992.5 Mtoe in 2030;+;1;The implementation of TA4.10 could support the achievement of TA2.23 by reducing energy consumption in the fisheries sector, thus allowing for a greater share of renewable energy in the energy mix.
TA4	;TA4.25;Energy Infrastructure;Member States shall ensure that, at the end of each year, the following power output targets are met cumulatively: (a) for each light-duty battery electric vehicle registered in their territory, a total power output of at least 1.3 kW is provided through publicly accessible recharging stations, and (b) for each light-duty plug-in hybrid vehicle registered in their territory, a total power output of at least 0.80 kW is provided through publicly accessible recharging stations. Regulation (EU) 2023/1804;TA2.13;Renewable Energy;The amount of renewable fuels and renewable electricity supplied to the transport sector leads to a: (i) share of renewable energy within the final consumption of energy in the transport sector of at least 29 % by 2030;+;2;The implementation of TA4.25 could reinforce the achievement of TA2.13 by increasing the share of renewable energy in the transport sector, thus contributing to the reduction of energy consumption and the increase of the share of renewable energy.
TA4	;TA4.26;Energy Infrastructure;Member States shall ensure that along the TEN-T core and comprehensive network, publicly accessible recharging pools dedicated to light-duty vehicles deployed in each direction of travel with a maximum distance of 60 km in-between them offering a power output of at least 600kW and including at least one recharging point with an individual power output of at least 150 kW. Regulation (EU) 2023/1804;TA2.16;Renewable Energy;Member States shall endeavour to increase the share of renewable sources in the amount of energy sources used for final energy and non-energy purposes in the industry sector by an indicative increase of at least 1.6 percentage points;+;1;The implementation of TA4.26 could enable the achievement of TA2.16 by increasing the share of renewable energy in the industry sector, thus allowing for a greater share of renewable energy in the energy mix.
TA4	;TA4.27;Energy Infrastructure;Member States shall ensure that, by 31 December 2030 (with intermediate 2025 and 2027 targets), along the TEN-T core road network, publicly accessible recharging pools dedicated to heavy-duty electric vehicles are deployed in each direction of travel with a maximum distance of 60 km between them [...]. Along the TEN-T comprehensive road network, recharging pools dedicated to heavy-duty electric vehicles are deployed in each direction of travel with a maximum distance of 100 km between them and each recharging pool offers a power output of at least 1.500 kW and includes at least one recharging point with an individual power output of at least 350 kW. Regulation (EU) 2023/1804;TA2.28;Energy Efficiency - Buildings;Reduce buildings‚Äô energy consumption for heating and cooling by 18% compared to 2015 levels by 2030;+;1;The implementation of TA4.27 could enable the achievement of TA2.28 by reducing energy consumption in the transport sector, thus allowing for a greater share of renewable energy in the building sector.
TA4	;TA4.28;Energy Infrastructure;By 31 December 2030, in each safe and secure parking area at least four publicly accessible recharging stations dedicated to heavy-duty electric vehicles with an individual power output of at least 100 kW are deployed. Regulation (EU) 2023/1804;TA2.29;Energy Efficiency - Buildings;Member states will have to renovate 16% of worst-performing non-residential buildings by 2030;+;1;The implementation of TA4.28 could support the achievement of TA2.29 by reducing energy consumption in the transport sector, thus allowing for a greater share of renewable energy in the building sector.
TA4	;TA4.29;Energy Infrastructure;By 31 December 2030, in each urban node publicly accessible recharging points dedicated to heavy-duty electric vehicles with an aggregated power output of at least 1 800 kW are deployed, provided by recharging stations with an individual power output of at least 150 kW. Regulation (EU) 2023/1804;TA2.6;Renewable Energy - Heating & Cooling;Energy demand to be covered by solar heat and geothermal should at least triple;+;1;The implementation of TA4.29 could enable the achievement of TA2.6 by increasing the share of renewable energy in the energy mix, thus allowing for a greater share of renewable energy in the heating and cooling sector.
TA4	;TA4.15;GHG Reduction - Transports;The average CO2 emissions of the Union fleet of new heavy-duty motor vehicles [...], off-road vehicles and off-road special purpose vehicles shall be reduced by the following percentages compared to the average CO2 emissions of the reporting period of the year 2019: (a) 15% for vehicle sub-groups 4-UD, 4-RD, 4-LH, 5-RD, 5-LH, 9-RD, 9-LH, 10-RD and 10-LH for the reporting periods of the years 2025 to 2029, (b) 45% for all vehicle sub-groups other than vocational vehicles for the reporting periods of the years 2030 to 2034, (c) 65% for all vehicle sub-groups for the reporting periods of the years 2035 to 2039, (d) 90% for all vehicle sub-groups for the reporting periods of the year 2040 onwards Regulation (EU) 2024/1610;TA2.3;Renewable Energy - Hydrogen Production;Member States shall ensure that the contribution of renewable fuels of non-biological origin used for final energy and non-energy purposes shall be at least 42% of the hydrogen used for final energy and non-energy purposes in industry by 2030;+;2;The implementation of TA4.15 could reinforce the achievement of TA2.3 by reducing CO2 emissions from heavy-duty vehicles, thus allowing for a greater share of renewable energy in the industry sector.
TA4	;TA4.3;GHG Reduction - Transports;The yearly average GHG intensity of the energy used on board by a ship during a reporting period shall be reduced, compared to the reference value (91.16 gCO2e/MJ) by: 2% from 1 January 2025, 6% from 1 January 2030, 14.5% from 1 January 2035, 31% from 1 January 2040, 62% from 1 January 2045, 80% from 1 January 2050. Regulation (EU) 2023/1805;TA2.1;Renewable Energy - Hydrogen Production;REPowerEU sets a target of 10 million tonnes of domestic renewable hydrogen production and 10 million tonnes of renewable hydrogen imports by 2030;+;2;The implementation of TA4.3 could support the achievement of TA2.1 by reducing GHG emissions from shipping, thus allowing for a greater share of renewable energy in the energy mix.
TA4	;TA4.9;GHG Reduction - Transports;Cut the emissions of transport sector by 90% by 2050 relative to 1990. Sustainable and Smart Mobility Strategy;TA2.40;Renewable Energy - Hydrogen Production;Around 30% of EU primary steel production is expected to be decarbonised on the basis of renewable hydrogen;+;1;The implementation of TA4.9 could enable the achievement of TA2.40 by reducing energy consumption in the transport sector, thus allowing for a greater share of renewable energy in the steel production sector.
TA4	;TA4.30;Hydrogen Distribution;Member States shall ensure that, by 31 December 2030, at least one publicly accessible hydrogen refuelling station is deployed in each urban node. Regulation (EU) 2023/1804;TA2.38;Renewable Energy - Ocean/Offshore;Cumulative EU offshore goals of installed capacity: 60 GW by 2030 and 300 GW by 2050;+;1;The implementation of TA4.30 could support the achievement of TA2.38 by increasing the share of renewable energy in the energy mix, thus allowing for a greater share of renewable energy in the offshore sector.
TA4	;TA4.31;Hydrogen Distribution;Member States shall ensure that, by 31 December 2030, publicly accessible hydrogen refuelling stations with a total capacity of at least 1 tonne per day, and equipped with at least a 700 bar dispenser, are deployed at least every 200 km along the TEN-T (Trans-European Transport Network) core network Regulation (EU) 2023/1804;TA2.39;Renewable Energy - Ocean/Offshore;The strategy sets targets for an installed capacity of at least 1 GW of ocean energy by 2030 and 40 GW by 2050;+;1;The implementation of TA4.31 could enable the achievement of TA2.39 by increasing the share of renewable energy in the energy mix, thus allowing for a greater share of renewable energy in the ocean energy sector.
TA4	;TA4.13;Net-Zero Technology - Road Vehicles;For [...] ‚Äö√Ñ√∫urban buses‚Äö√Ñ√π manufacturers shall comply with the 90% (in the reporting period 2030-2034) and 100% (as from 2035) minimum shares in their fleet of new heavy-duty vehicles Regulation (EU) 2024/1610;TA2.5;Renewable Energy - Solar;Bring online over 320 GW of solar photovoltaic by 2025 and almost 600 GW by 2030;+;2;The implementation of TA4.13 could reinforce the achievement of TA2.5 by increasing the share of renewable energy in the energy mix, thus contributing to the reduction of energy consumption and the increase of the share of renewable energy.
TA4	;TA4.8;Other Low-Carbon Fuels;Member States with maritime ports shall endeavour to ensure that as of 2030 the share of renewable fuels of non-biological origin (RFNBOs) in the total amount of energy supplied to the maritime transport sector is at least 1.2%. Directive (EU) 2023/2413;TA2.37;Renewable Energy;By 2030, the share of renewable energy in the electricity mix should double to 55-60%;+;2;The implementation of TA4.8 could support the achievement of TA2.37 by promoting the use of renewable fuels in the maritime sector, thus contributing to the increase of the share of renewable energy in the electricity mix.
TA4	;TA4.6;Other Low-Carbon Fuels;Of the SAF targets reported above, synthetic aviation fuels should represent a minimum share of 1.2% from 2030, 5% from 2035, 10% from 2034, 15% from 2045, and 35% from 2050. Regulation (EU) 2023/2405;TA2.17;Energy Infrastructure;A target of 15% electricity interconnection for 2030;+;1;The implementation of TA4.6 could enable the achievement of TA2.17 by increasing the share of renewable energy in the energy mix, thus allowing for a greater share of renewable energy in the electricity sector.
TA4	;TA4.20;Renewable Energy - Hydrogen Production;In the first phase, from 2020 up to 2024, the strategic objective is to install at least 6 GW of renewable hydrogen electrolysers in the EU. In the second phase, from 2025 up to 2030, the strategic objective is to install at least 40 GW of renewable hydrogen electrolysers. A Hydrogen Strategy for a climate-neutral Europe;TA2.41;Energy Efficiency;Member States are required to achieve cumulative end-use energy savings from 2021 to 2030, equivalent to new annual savings of at least 0.8% of final energy consumption in 2021-2023, at least 1.3% in 2024-2025, 1.5% in 2026-2027 and 1.9% in 2028-2030. Directive (EU) 2023/1791;+;2;The implementation of TA4.20 could reinforce the achievement of TA2.41 by increasing the share of renewable energy in the energy mix, thus contributing to the reduction of energy consumption and the increase of the share of renewable energy.
TA4	;TA4.11;Transport Logistics;Reduce the average door-to-door cost of combined transport operations by at least 10% within 7 years Proposal for a Directive to support framework for intermodal transport of goods;TA2.25;Energy Efficiency - Buildings;Reduce buildings‚Äô final energy consumption by 14%;+;1;The implementation of TA4.11 could enable the achievement of TA2.25 by reducing energy consumption in the transport sector, thus allowing for a greater share of renewable energy in the building sector.
TA4	;TA4.55;Urban Mobility;Zero-emission in urban logistics The new EU Urban Mobility Framework.;TA2.9;Renewable Energy;Member States shall collectively ensure that the share of energy from renewable sources in the Union  gross final consumption of energy in 2030 is at least 42.5%;+;1;The implementation of TA4.55 could support the achievement of TA2.9 by promoting zero-emission logistics, thus contributing to the increase of the share of renewable energy in the energy mix.
TA4	;TA4.1;Biofuels;Achieve an annual production of sustainable biomethane of 35 billion cubic meters by 2030;TA7.9;Improve Air Quality;Improve air quality to reduce the number of premature deaths caused by air pollution by 55% by 2030;+;2;The production of sustainable biomethane can lead to a reduction in air pollution, as it can replace fossil fuels and reduce emissions from industrial processes, thus contributing to improved air quality and a decrease in premature deaths caused by air pollution.
TA4	;TA4.7;Biofuels;Each Member State shall set an obligation on fuel suppliers to ensure that: (B) the combined share of advanced biofuels and biogas produced from the feedstock listed in Part A of Annex IX and of renewable fuels of non-biological origin in the energy supplied to the transport sector is at least 1% in 2025 and 5.5% in 2030, of which a share of at least 1 percentage point is from renewable fuels of non-biological origin in 2030. Directive (EU) 2023/2413;TA7.13;Improve Air Quality;Reduce by 25% the EU ecosystems where air pollution threatens biodiversity, by 2030;-;1;The implementation of TA4.7 may lead to an increase in the use of biofuels, which could result in increased air pollution from agricultural activities, potentially threatening biodiversity and ecosystems.
TA4	;TA4.18;Biofuels;The share of biofuels and biogas produced from the feedstock listed in Part B of Annex IX in the energy content of fuels and electricity supplied to the transport sector shall, except in Cyprus and Malta, be limited to 1.7%. Directive (EU) 2023/2413;TA7.6;Improve Soils Health;Improve soil quality by reducing chemical pesticides‚Äö√Ñ√¥ use by 50%, by 2030;+;1;Limiting the share of biofuels and biogas produced from the feedstock listed in Part B of Annex IX can help reduce the use of chemical pesticides, thus improving soil quality.
TA4	;TA4.5;Biofuels;Aviation fuel suppliers shall also ensure that Sustainable Aviation Fuel (SAF) made available to aircraft operators at each Union airport will be at least 2% from 2025, 6% from 2030, 20% from 2035, 34% from 2040, 42% from 2045 and 70% from 2050. Regulation (EU) 2023/2405;TA7.8;Improve Soils Health;Improve soil quality by reducing nutrient losses use by 50%, by 2030;-;1;The increased demand for SAF may lead to an increase in the use of fertilizers, potentially resulting in increased nutrient losses and soil degradation.
TA4	;TA4.32;Energy Efficiency;States shall ensure that, at all airports of the TEN-T core network and TEN-T comprehensive network, the provision of electricity supply to stationary aircraft is ensured by 31 December 2029, at all aircraft remote stands used for commercial air transport operations to embark or disembark passengers or to load or unload goods Regulation (EU) 2023/1804;TA7.10;Improve Water Quality;Improve water quality by reducing waste, plastic litter at sea (by 50%);+;1;The provision of electricity supply to stationary aircraft can help reduce waste and emissions from aircraft operations, thus contributing to improved water quality.
TA4	;TA4.33;Energy Efficiency;Member States shall ensure that at least one installation providing shore-side electricity supply to inland waterway vessels is deployed at all TEN-T core inland waterway ports by 1 January 2025, at least one installation providing shore-side electricity supply to inland waterway vessels is deployed at all TEN-T comprehensive inland waterway ports by 1 January 2030. Regulation (EU) 2023/1804;TA7.11;Improve Water Quality;Improve water quality by reducing microplastics released into the environment (by 30%);+;1;The deployment of shore-side electricity supply installations for inland waterway vessels can help reduce microplastics released into the environment, as it promotes the use of electric propulsion and reduces the need for fossil fuels.
TA4	;TA4.34;Energy Efficiency;Member States shall ensure that a minimum shore-side electricity supply for seagoing container ships and seagoing passenger ships is provided in TEN-T maritime ports. To that end, by 31 December 2029 TEN-T core and comprehensive maritime ports [...] are equipped to provide each year shore-side electricity supply for at least 90 % of the total number of port calls of seagoing container ships above 5.000 gross tonnes that are moored at the quayside at the maritime port concerned and 90% of the total number of port calls of seagoing ro-ro passenger ships above 5.000 gross tonnes and seagoing high-speed passenger craft above 5.000 gross tonnes that are moored at the quayside at the maritime port concerned Regulation (EU) 2023/1804;TA7.14;Noise Reduction;Reduce the share of people chronically disturbed by transport noise by 30%, by 2030;+;1;The provision of shore-side electricity supply for seagoing container ships and passenger ships can help reduce noise pollution from transport operations, thus reducing the number of people chronically disturbed by transport noise.
TA4	;TA4.10;Energy Efficiency;EU fisheries are encouraged to continue the positive trend, as observed for the period 2009-2019, towards reducing fuel intensity by reducing the fossil-fuel consumption per kg of landed product for at least an additional 15% for the period 2019-2030. Energy Transition of the EU Fisheries and Aquaculture sector;TA7.5;Improve Water Quality;The revised Urban Wastewater Treatment Directive (UWWTD) extends the scope of the 1991 UWWTD;+;1;The reduction of fuel intensity in the EU fisheries sector can lead to a decrease in wastewater and pollution from fishing activities, thus contributing to improved water quality and reduced pollution.
TA4	;TA4.25;Energy Infrastructure;Member States shall ensure that, at the end of each year, the following power output targets are met cumulatively: (a) for each light-duty battery electric vehicle registered in their territory, a total power output of at least 1.3 kW is provided through publicly accessible recharging stations, and (b) for each light-duty plug-in hybrid vehicle registered in their territory, a total power output of at least 0.80 kW is provided through publicly accessible recharging stations. Regulation (EU) 2023/1804;TA7.16;Improve Water Quality;By means of an updated and harmonised list of pollutants affecting surface and groundwater, updated existing quality standards, new monitoring requirements, improved and more accessible data, and a more flexible framework for addressing pollutants of emerging concerns;+;1;The deployment of publicly accessible recharging stations can help reduce pollution from transport operations, thus contributing to improved water quality and reduced pollution.
TA4	;TA4.26;Energy Infrastructure;Member States shall ensure that along the TEN-T core and comprehensive network, publicly accessible recharging pools dedicated to light-duty vehicles deployed in each direction of travel with a maximum distance of 60 km in-between them offering a power output of at least 600kW and including at least one recharging point with an individual power output of at least 150 kW. Regulation (EU) 2023/1804;TA7.4;Improve Air Quality;The Industrial Emissions Directive (IED) aims at preventing or reducing emissions from large industrial installations and intensive farming into the environment.;+;1;The deployment of publicly accessible recharging pools can help reduce emissions from industrial processes and transport operations, thus contributing to improved air and water quality.
TA4	;TA4.27;Energy Infrastructure;Member States shall ensure that, by 31 December 2030 (with intermediate 2025 and 2027 targets), along the TEN-T core road network, publicly accessible recharging pools dedicated to heavy-duty electric vehicles are deployed in each direction of travel with a maximum distance of 60 km between them [...]. Along the TEN-T comprehensive road network, recharging pools dedicated to heavy-duty electric vehicles are deployed in each direction of travel with a maximum distance of 100 km between them and each recharging pool offers a power output of at least 1.500 kW and includes at least one recharging point with an individual power output of at least 350 kW. Regulation (EU) 2023/1804;TA7.6;Improve Soils Health;Improve soil quality by reducing chemical pesticides‚Äö√Ñ√¥ use by 50%, by 2030;-;1;The deployment of recharging pools for heavy-duty electric vehicles may lead to an increase in the use of fertilizers and pesticides in agriculture, potentially threatening soil quality.
TA4	;TA4.28;Energy Infrastructure;By 31 December 2030, in each safe and secure parking area at least four publicly accessible recharging stations dedicated to heavy-duty electric vehicles with an individual power output of at least 100 kW are deployed. Regulation (EU) 2023/1804;TA7.10;Improve Water Quality;Improve water quality by reducing waste, plastic litter at sea (by 50%);+;1;The deployment of publicly accessible recharging stations in parking areas can help reduce waste and emissions from transport operations, thus contributing to improved water quality.
TA4	;TA4.29;Energy Infrastructure;By 31 December 2030, in each urban node publicly accessible recharging points dedicated to heavy-duty electric vehicles with an aggregated power output of at least 1 800 kW are deployed, provided by recharging stations with an individual power output of at least 150 kW. Regulation (EU) 2023/180;TA7.11;Improve Water Quality;Improve water quality by reducing microplastics released into the environment (by 30%);+;1;The deployment of publicly accessible recharging points in urban nodes can help reduce microplastics released into the environment, as it promotes the use of electric propulsion and reduces the need for fossil fuels.
TA4	;TA4.15;GHG Reduction - Transports;The average CO2 emissions of the Union fleet of new heavy-duty motor vehicles [...], off-road vehicles and off-road special purpose vehicles shall be reduced by the following percentages compared to the average CO2 emissions of the reporting period of the year 2019: (a) 15% for vehicle sub-groups 4-UD, 4-RD, 4-LH, 5-RD, 5-LH, 9-RD, 9-LH, 10-RD and 10-LH for the reporting periods of the years 2025 to 2029, (b) 45% for all vehicle sub-groups other than vocational vehicles for the reporting periods of the years 2030 to 2034, (c) 65% for all vehicle sub-groups for the reporting periods of the years 2035 to 2039, (d) 90% for all vehicle sub-groups for the reporting periods of the year 2040 onwards Regulation (EU) 2024/1610;TA7.13;Improve Air Quality;Reduce by 25% the EU ecosystems where air pollution threatens biodiversity, by 2030;-;1;The reduction of CO2 emissions from heavy-duty motor vehicles may lead to an increase in the use of biofuels, which could result in increased air pollution from agricultural activities, potentially threatening biodiversity and ecosystems.
TA4	;TA4.3;GHG Reduction - Transports;The yearly average GHG intensity of the energy used on board by a ship during a reporting period shall be reduced, compared to the reference value (91.16 gCO2e/MJ) by: 2% from 1 January 2025, 6% from 1 January 2030, 14.5% from 1 January 2035, 31% from 1 January 2040, 62% from 1 January 2045, 80% from 1 January 2050. Regulation (EU) 2023/1805;TA7.5;Improve Water Quality;The revised Urban Wastewater Treatment Directive (UWWTD) extends the scope of the 1991 UWWTD;+;1;The reduction of GHG intensity of ship operations can help reduce pollution from wastewater and improve water quality.
TA4	;TA4.9;GHG Reduction - Transports;Cut the emissions of transport sector by 90% by 2050 relative to 1990. Sustainable and Smart Mobility Strategy;TA7.9;Improve Air Quality;Improve air quality to reduce the number of premature deaths caused by air pollution by 55% by 2030;+;2;The reduction of emissions from the transport sector can contribute to improved air quality, thus reducing the number of premature deaths caused by air pollution.
TA4	;TA4.30;Hydrogen Distribution;Member States shall ensure that, by 31 December 2030, at least one publicly accessible hydrogen refuelling station is deployed in each urban node. Regulation (EU) 2023/1804;TA7.10;Improve Water Quality;Improve water quality by reducing waste, plastic litter at sea (by 50%);+;1;The deployment of publicly accessible hydrogen refuelling stations can help reduce waste and emissions from transport operations, thus contributing to improved water quality.
TA4	;TA4.31;Hydrogen Distribution;Member States shall ensure that, by 31 December 2030, publicly accessible hydrogen refuelling stations with a total capacity of at least 1 tonne per day, and equipped with at least a 700 bar dispenser, are deployed at least every 200 km along the TEN-T (Trans-European Transport Network) core network Regulation (EU) 2023/1804;TA7.11;Improve Water Quality;Improve water quality by reducing microplastics released into the environment (by 30%);+;1;The deployment of publicly accessible hydrogen refuelling stations can help reduce microplastics released into the environment, as it promotes the use of hydrogen propulsion and reduces the need for fossil fuels.
TA4	;TA4.13;Net-Zero Technology - Road Vehicles;For [...] ‚Äö√Ñ√∫urban buses‚Äö√Ñ√π manufacturers shall comply with the 90% (in the reporting period 2030-2034) and 100% (as from 2035) minimum shares in their fleet of new heavy-duty vehicles Regulation (EU) 2024/1610;TA7.6;Improve Soils Health;Improve soil quality by reducing chemical pesticides‚Äö√Ñ√¥ use by 50%, by 2030;-;1;The implementation of TA4.13 may lead to an increase in the use of biofuels, which could result in increased use of chemical pesticides, potentially threatening soil quality.
TA4	;TA4.8;Other Low-Carbon Fuels;Member States with maritime ports shall endeavour to ensure that as of 2030 the share of renewable fuels of non-biological origin (RFNBOs) in the total amount of energy supplied to the maritime transport sector is at least 1.2%. Directive (EU) 2023/2413;TA7.15;Improve Soils Health;Having all soils in healthy condition by 2050;+;1;The increased use of RFNBOs in the maritime transport sector can help reduce the environmental impact of maritime transport operations, thus contributing to improved soil quality.
TA4	;TA4.6;Other Low-Carbon Fuels;Of the SAF targets reported above, synthetic aviation fuels should represent a minimum share of 1.2% from 2030, 5% from 2035, 10% from 2034, 15% from 2045, and 35% from 2050. Regulation (EU) 2023/2405;TA7.16;Improve Water Quality;By means of an updated and harmonised list of pollutants affecting surface and groundwater, updated existing quality standards, new monitoring requirements, improved and more accessible data, and a more flexible framework for addressing pollutants of emerging concerns;+;1;The increased use of SAF can help reduce pollution from aviation operations, thus contributing to improved water quality and reduced pollution.
TA4	;TA4.20;Renewable Energy - Hydrogen Production;In the first phase, from 2020 up to 2024, the strategic objective is to install at least 6 GW of renewable hydrogen electrolysers in the EU. In the second phase, from 2025 up to 2030, the strategic objective is to install at least 40 GW of renewable hydrogen electrolysers. A Hydrogen Strategy for a climate-neutral Europe;TA7.4;Improve Air Quality;The Industrial Emissions Directive (IED) aims at preventing or reducing emissions from large industrial installations and intensive farming into the environment.;+;2;The deployment of renewable hydrogen electrolysers can help reduce emissions from industrial processes, thus contributing to improved air and water quality.
TA4	;TA4.11;Transport Logistics;Reduce the average door-to-door cost of combined transport operations by at least 10% within 7 years Proposal for a Directive to support framework for intermodal transport of goods;TA7.5;Improve Water Quality;The revised Urban Wastewater Treatment Directive (UWWTD) extends the scope of the 1991 UWWTD;+;1;The reduction of costs from combined transport operations can help reduce emissions and pollution from transport operations, thus contributing to improved water quality.
TA4	;TA4.55;Urban Mobility;Zero-emission in urban logistics The new EU Urban Mobility Framework.;TA7.9;Improve Air Quality;Improve air quality to reduce the number of premature deaths caused by air pollution by 55% by 2030;+;2;The promotion of zero-emission urban logistics can help reduce emissions from transport operations, thus contributing to improved air quality and reduced premature deaths caused by air pollution.
TA4	;TA4.1;Biofuels;Achieve an annual production of sustainable biomethane of 35 billion cubic meters by 2030;TA6.1;Biodiversity Protection & Conservation;1.a Legally protect a minimum of 30% of the EU  land area;-;2;The production of sustainable biomethane requires large areas of land for feedstock production, which could lead to land-use changes and potentially conflict with the goal of protecting 30% of the EU's land area.
TA4	;TA4.7;Biofuels;Each Member State shall set an obligation on fuel suppliers to ensure that: (B) the combined share of advanced biofuels and biogas produced from the feedstock listed in Part A of Annex IX and of renewable fuels of non-biological origin in the energy supplied to the transport sector is at least 1% in 2025 and 5.5% in 2030, of which a share of at least 1 percentage point is from renewable fuels of non-biological origin in 2030. Directive (EU) 2023/2413;TA6.3;Biodiversity Protection & Conservation;2.a Strictly protect at least a third of the EU'S protected areas;-;2;The use of advanced biofuels and renewable fuels of non-biological origin could lead to an increased demand for biomass, potentially threatening protected areas and their biodiversity.
TA4	;TA4.18;Biofuels;The share of biofuels and biogas produced from the feedstock listed in Part B of Annex IX in the energy content of fuels and electricity supplied to the transport sector shall, except in Cyprus and Malta, be limited to 1.7%. Directive (EU) 2023/2413;TA6.8;Biodiversity Protection & Conservation;5. The decline of pollinators is reversed;+;1;The limitation on biofuels produced from certain feedstocks could help reduce the pressure on pollinators and their habitats, thus supporting the reversal of their decline.
TA4	;TA4.5;Biofuels;Aviation fuel suppliers shall also ensure that Sustainable Aviation Fuel (SAF) made available to aircraft operators at each Union airport will be at least 2% from 2025, 6% from 2030, 20% from 2035, 34% from 2040, 42% from 2045 and 70% from 2050. Regulation (EU) 2023/2405;TA6.33;Biodiversity Protection & Conservation;Terrestrial, coastal and freshwater ecosystems. Member States shall put in place the restoration measures for the terrestrial, coastal and freshwater habitats of the species listed in Annexes II, IV and V;+;2;The production of SAF could lead to an increased demand for biomass, potentially supporting the restoration of degraded ecosystems and habitats.
TA4	;TA4.19;Energy Efficiency;The yearly quantity of aviation fuel uplifted by a given aircraft operator at a given Union airport shall be at least 90% of the yearly aviation fuel required, to avoid tankering practices which would bring additional emissions from extra weight. Regulation (EU) 2023/2405;TA6.40;Biodiversity Protection & Conservation;(pollinator) Member States shall, by putting in place in a timely manner appropriate and effective measures, improve pollinator diversity and reverse the decline of pollinator populations;+;1;The reduction of tankering practices could lead to a decrease in energy consumption and emissions, potentially supporting the improvement of pollinator diversity and the reversal of their decline.
TA4	;TA4.32;Energy Efficiency;States shall ensure that, at all airports of the TEN-T core network and TEN-T comprehensive network, the provision of electricity supply to stationary aircraft is ensured by 31 December 2029, at all aircraft remote stands used for commercial air transport operations to embark or disembark passengers or to load or unload goods Regulation (EU) 2023/1804;TA6.2;Biodiversity Protection & Conservation - Fisheries;1.b Legally protect a minimum of 30% of the EU's sea area;+;2;The provision of electricity supply to airports could support the protection of marine ecosystems and habitats, potentially contributing to the protection of 30% of the EU's sea area.
TA4	;TA4.33;Energy Efficiency;Member States shall ensure that at least one installation providing shore-side electricity supply to inland waterway vessels is deployed at all TEN-T core inland waterway ports by 1 January 2025, at least one installation providing shore-side electricity supply to inland waterway vessels is deployed at all TEN-T comprehensive inland waterway ports by 1 January 2030. Regulation (EU) 2023/1804;TA6.28;Biodiversity Protection & Conservation - Fisheries;In accordance with the CFP, it is crucial to continue and accelerate the work of rebuilding and keeping fish stocks above MSY levels;+;1;The deployment of shore-side electricity supply installations could support the protection of aquatic ecosystems and the rebuilding of fish stocks.
TA4	;TA4.34;Energy Efficiency;Member States shall ensure that a minimum shore-side electricity supply for seagoing container ships and seagoing passenger ships is provided in TEN-T maritime ports. To that end, by 31 December 2029 TEN-T core and comprehensive maritime ports [...] are equipped to provide each year shore-side electricity supply for at least 90 % of the total number of port calls of seagoing container ships above 5.000 gross tonnes that are moored at the quayside at the maritime port concerned and 90% of the total number of port calls of seagoing ro-ro passenger ships above 5.000 gross tonnes and seagoing high-speed passenger craft above 5.000 gross tonnes that are moored at the quayside at the maritime port concerned Regulation (EU) 2023/1804;TA6.34;Biodiversity Protection & Conservation - Monitoring;Terrestrial, coastal and freshwater ecosystems. Member States shall ensure that condition is known for at least 90% of the area distributed overall habitat types listed in Annex I by 2030 and 100% by 2040.;+;2;The provision of shore-side electricity supply could support the protection of marine ecosystems and habitats, potentially contributing to the knowledge of the condition of terrestrial, coastal, and freshwater ecosystems.
TA4	;TA4.10;Energy Efficiency;EU fisheries are encouraged to continue the positive trend, as observed for the period 2009-2019, towards reducing fuel intensity by reducing the fossil-fuel consumption per kg of landed product for at least an additional 15% for the period 2019-2030. Energy Transition of the EU Fisheries and Aquaculture sector;TA6.15;Improve Soils Health;13. The losses of nutrients from fertilisers are reduced by 50%, resulting in the reduction of the use of fertilisers by at least 20%;+;1;The reduction of fuel intensity in the fisheries sector could lead to a decrease in the use of fertilizers, supporting the reduction of nutrient losses.
TA4	;TA4.25;Energy Infrastructure;Member States shall ensure that, at the end of each year, the following power output targets are met cumulatively: (a) for each light-duty battery electric vehicle registered in their territory, a total power output of at least 1.3 kW is provided through publicly accessible recharging stations, and (b) for each light-duty plug-in hybrid vehicle registered in their territory, a total power output of at least 0.80 kW is provided through publicly accessible recharging stations. Regulation (EU) 2023/1804;TA6.46;Improve Soils Health;(agricultural ecosystems) Member States shall put in place measures which shall aim to restore organic soils in agricultural use constituting drained peatlands.;+;2;The deployment of publicly accessible recharging stations could support the protection of organic soils and the restoration of drained peatlands, potentially contributing to the reduction of greenhouse gas emissions.
TA4	;TA4.26;Energy Infrastructure;Member States shall ensure that along the TEN-T core and comprehensive network, publicly accessible recharging pools dedicated to light-duty vehicles deployed in each direction of travel with a maximum distance of 60 km in-between them offering a power output of at least 600kW and including at least one recharging point with an individual power output of at least 150 kW. Regulation (EU) 2023/1804;TA6.50;Improve Soils Health;Reach no net land take;+;1;The deployment of recharging pools could support the protection of natural habitats and ecosystems, potentially contributing to the goal of reaching no net land take.
TA4	;TA4.27;Energy Infrastructure;Member States shall ensure that, by 31 December 2030 (with intermediate 2025 and 2027 targets), along the TEN-T core road network, publicly accessible recharging pools dedicated to heavy-duty electric vehicles are deployed in each direction of travel with a maximum distance of 60 km between them [...]. Along the TEN-T comprehensive road network, recharging pools dedicated to heavy-duty electric vehicles are deployed in each direction of travel with a maximum distance of 100 km between them and each recharging pool offers a power output of at least 1.500 kW and includes at least one recharging point with an individual power output of at least 350 kW. Regulation (EU) 2023/1804;TA6.31;Terrestrial Ecosystems Restoration;Terrestrial, coastal and freshwater ecosystems. Member States shall put in place the restoration measures [...] to improve to good condition areas of habitat types listed in Annex I which are not in good condition.;+;2;The deployment of recharging pools for heavy-duty electric vehicles could support the restoration of degraded ecosystems and habitats, potentially contributing to the improvement of their condition.
TA4	;TA4.28;Energy Infrastructure;By 31 December 2030, in each safe and secure parking area at least four publicly accessible recharging stations dedicated to heavy-duty electric vehicles with an individual power output of at least 100 kW are deployed. Regulation (EU) 2023/1804;TA6.44;Terrestrial Ecosystems Restoration - Agricultural Ecosystems;(agricultural ecosystems) Member States shall put in place measures which shall aim to achieve an increasing trend at national level of at least two out of the three following indicators in agricultural ecosystems;+;1;The deployment of recharging stations for heavy-duty electric vehicles could support the protection of agricultural ecosystems, potentially contributing to the achievement of an increasing trend in at least two of the three indicators.
TA4	;TA4.29;Energy Infrastructure;By 31 December 2030, in each urban node publicly accessible recharging points dedicated to heavy-duty electric vehicles with an aggregated power output of at least 1 800 kW are deployed, provided by recharging stations with an individual power output of at least 150 kW. Regulation (EU) 2023/180;TA6.13;Terrestrial Ecosystems Restoration - Rivers;11. At least 25.000 km of free-flowing rivers are restored;+;1;The deployment of recharging points for heavy-duty electric vehicles in urban nodes could support the protection of aquatic ecosystems, potentially contributing to the restoration of free-flowing rivers.
TA4	;TA4.15;GHG Reduction - Transports;The average CO2 emissions of the Union fleet of new heavy-duty motor vehicles [...], off-road vehicles and off-road special purpose vehicles shall be reduced by the following percentages compared to the average CO2 emissions of the reporting period of the year 2019: (a) 15% for vehicle sub-groups 4-UD, 4-RD, 4-LH, 5-RD, 5-LH, 9-RD, 9-LH, 10-RD and 10-LH for the reporting periods of the years 2025 to 2029, (b) 45% for all vehicle sub-groups other than vocational vehicles for the reporting periods of the years 2030 to 2034, (c) 65% for all vehicle sub-groups for the reporting periods of the years 2035 to 2039, (d) 90% for all vehicle sub-groups for the reporting periods of the year 2040 onwards Regulation (EU) 2024/1610;TA6.9;Pesticides Reduction;6. The risk and use of chemical pesticides is reduced by 50%, and the use of more hazardous pesticides is reduced by 50%;+;2;The reduction of CO2 emissions from heavy-duty vehicles could lead to a decrease in the use of chemical pesticides, supporting the reduction of their risk and use.
TA4	;TA4.3;GHG Reduction - Transports;The yearly average GHG intensity of the energy used on board by a ship during a reporting period shall be reduced, compared to the reference value (91.16 gCO2e/MJ) by: 2% from 1 January 2025, 6% from 1 January 2030, 14.5% from 1 January 2035, 31% from 1 January 2040, 62% from 1 January 2045, 80% from 1 January 2050. Regulation (EU) 2023/1805;TA6.29;Terrestrial Ecosystems Restoration;Terrestrial ecosystems. Member States shall put in place [...] measures [...] to jointly cover, as a Union target, throughout the areas and ecosystems [...] defined in Art. 2, by 2030, at least 20% of land areas in need of restoration and, by 2050, all ecosystems in need of restoration.;+;3;The reduction of GHG intensity of ship fuels could support the restoration of degraded ecosystems and habitats, potentially contributing to the achievement of the target of restoring at least 20% of land areas in need of restoration by 2030.
TA4	;TA4.9;GHG Reduction - Transports;Cut the emissions of transport sector by 90% by 2050 relative to 1990. Sustainable and Smart Mobility Strategy;TA6.30;Marine Ecosystem Restoration;Marine ecosystems. Member States shall put in place [...] measures [...] to jointly cover, as a Union target, throughout the areas and ecosystems [...] defined in Art. 2, by 2030, at least 20% of sea areas in need of restoration and, by 2050, all ecosystems in need of restoration.;+;2;The reduction of transport emissions could support the protection of marine ecosystems, potentially contributing to the restoration of at least 20% of sea areas in need of restoration by 2030.
TA4	;TA4.30;Hydrogen Distribution;Member States shall ensure that, by 31 December 2030, at least one publicly accessible hydrogen refuelling station is deployed in each urban node. Regulation (EU) 2023/1804;TA6.41;Marine Ecosystem Restoration;Marine ecosystems. Member States shall put in place the restoration measures [...] to improve [...] areas of habitat types listed in Annex II which are not in good condition.;+;1;The deployment of hydrogen refuelling stations could support the protection of marine ecosystems, potentially contributing to the restoration of degraded habitats.
TA4	;TA4.31;Hydrogen Distribution;Member States shall ensure that, by 31 December 2030, publicly accessible hydrogen refuelling stations with a total capacity of at least 1 tonne per day, and equipped with at least a 700 bar dispenser, are deployed at least every 200 km along the TEN-T (Trans-European Transport Network) core network Regulation (EU) 2023/1804;TA6.42;Marine Ecosystem Restoration;ecosystems. Member States shall put in place the restoration measures that are necessary to re-establish the habitat types of groups 1-6 listed in Annex II;+;2;The deployment of hydrogen refuelling stations along the TEN-T core network could support the restoration of ecosystems, potentially contributing to the re-establishment of habitat types.
TA4	;TA4.13;Net-Zero Technology - Road Vehicles;For [...] ‚Äö√Ñ√∫urban buses‚Äö√Ñ√π manufacturers shall comply with the 90% (in the reporting period 2030-2034) and 100% (as from 2035) minimum shares in their fleet of new heavy-duty vehicles Regulation (EU) 2024/1610;TA6.4;Terrestrial Ecosystems Restoration - Forests;2b. Strictly protect all remaining EU primary and old- growth forests;+;1;The increase in the use of urban buses could lead to an increased demand for biomass, potentially threatening primary and old-growth forests.
TA4	;TA4.8;Other Low-Carbon Fuels;Member States with maritime ports shall endeavour to ensure that as of 2030 the share of renewable fuels of non-biological origin (RFNBOs) in the total amount of energy supplied to the maritime transport sector is at least 1.2%. Directive (EU) 2023/2413;TA6.16;Biodiversity Protection & Conservation - Urban Nature;14. Cities with at least 20.000 inhabitants have an ambitious Urban Greening Plan;+;1;The increase in the use of RFNBOs in maritime transport could support the protection of urban ecosystems, potentially contributing to the achievement of ambitious Urban Greening Plans.
TA4	;TA4.6;Other Low-Carbon Fuels;Of the SAF targets reported above, synthetic aviation fuels should represent a minimum share of 1.2% from 2030, 5% from 2035, 10% from 2034, 15% from 2045, and 35% from 2050. Regulation (EU) 2023/2405;TA6.36;Biodiversity Protection & Conservation - Urban Nature;(urban ecosystems) By 2030, Member States shall ensure that there is no net loss in the total national area of urban green space, and of urban tree canopy cover in urban ecosystem areas.;+;1;The increase in the use of synthetic aviation fuels could support the protection of urban ecosystems, potentially contributing to the achievement of no net loss in urban green space and tree canopy cover.
TA4	;TA4.20;Renewable Energy - Hydrogen Production;In the first phase, from 2020 up to 2024, the strategic objective is to install at least 6 GW of renewable hydrogen electrolysers in the EU. In the second phase, from 2025 up to 2030, the strategic objective is to install at least 40 GW of renewable hydrogen electrolysers. A Hydrogen Strategy for a climate-neutral Europe;TA6.47;Terrestrial Ecosystems Restoration - Forests;(trees) When identifying and implementing the restoration measures to meet the objectives and obligations set out in Articles 4, 6, 7, 8, 9 and 10, Member States shall aim to contribute to the commitment of planting at least three billion additional trees by 2030;+;2;The production of renewable hydrogen could support the protection of forests and the achievement of the target of planting at least three billion additional trees by 2030.
TA4	;TA4.11;Transport Logistics;Reduce the average door-to-door cost of combined transport operations by at least 10% within 7 years Proposal for a Directive to support framework for intermodal transport of goods;TA6.48;Terrestrial Ecosystems Restoration - Forests;(forest ecosystems) Member States shall achieve an increasing trend at national level of at least six out of seven of the following indicators in forest ecosystems;+;1;The reduction of transport costs could support the protection of forest ecosystems, potentially contributing to the achievement of an increasing trend in at least six of the seven indicators.
TA4	;TA4.55;Urban Mobility;Zero-emission in urban logistics The new EU Urban Mobility Framework.;TA6.49;Terrestrial Ecosystems Restoration - Forests;(forest ecosystems) Member States shall achieve an increasing trend at national level of the common forest bird index;+;1;The promotion of zero-emission urban logistics could support the protection of forest ecosystems, potentially contributing to the achievement of an increasing trend in the common forest bird index.
TA4	;TA4.1;Biofuels;Achieve an annual production of sustainable biomethane of 35 billion cubic meters by 2030;TA5.11;Biodiversity Protection & Conservation;Biodiversity conservation and restoration of natural resources: Protect the environment and restore natural resources. Preserve biodiversity and reduce biodiversity loss.;+;1;The production of sustainable biomethane can contribute to the reduction of greenhouse gas emissions and support the protection of biodiversity by promoting sustainable land use and reducing the environmental impact of agriculture.
TA4	;TA4.7;Biofuels;Each Member State shall set an obligation on fuel suppliers to ensure that: (B) the combined share of advanced biofuels and biogas produced from the feedstock listed in Part A of Annex IX and of renewable fuels of non-biological origin in the energy supplied to the transport sector is at least 1% in 2025 and 5.5% in 2030, of which a share of at least 1 percentage point is from renewable fuels of non-biological origin in 2030. Directive (EU) 2023/2413;TA5.14;Circularity/Recycling;Circular economy: Scale-up and promote sustainable and socially responsible production methods and circular business models in food processing and retail.;+;2;The implementation of advanced biofuels and renewable fuels of non-biological origin can support the development of a circular economy in the food sector by promoting the use of waste and residual biomass as feedstock for the production of biofuels.
TA4	;TA4.18;Biofuels;The share of biofuels and biogas produced from the feedstock listed in Part B of Annex IX in the energy content of fuels and electricity supplied to the transport sector shall, except in Cyprus and Malta, be limited to 1.7%. Directive (EU) 2023/2413;TA5.17;Competitive Agriculture;Sectorial growth: Help farmers and fishers to strengthen their position in the supply chain and to capture a fair share of the added value of sustainable production;+;1;Limiting the share of biofuels and biogas produced from the feedstock listed in Part B of Annex IX can help to promote sustainable production methods and support the growth of the sector by ensuring that farmers and fishers receive a fair share of the added value.
TA4	;TA4.5;Biofuels;Aviation fuel suppliers shall also ensure that Sustainable Aviation Fuel (SAF) made available to aircraft operators at each Union airport will be at least 2% from 2025, 6% from 2030, 20% from 2035, 34% from 2040, 42% from 2045 and 70% from 2050. Regulation (EU) 2023/2405;TA5.20;Competitive Agriculture;Trade: Foster the competitiveness of the EU supply sector.;+;2;The development of Sustainable Aviation Fuels can support the competitiveness of the EU supply sector by promoting the use of innovative and sustainable technologies and creating new market opportunities.
TA4	;TA4.19;Energy Efficiency;The yearly quantity of aviation fuel uplifted by a given aircraft operator at a given Union airport shall be at least 90% of the yearly aviation fuel required, to avoid tankering practices which would bring additional emissions from extra weight. Regulation (EU) 2023/2405;TA5.21;Digitalisation;Digitalisation and knowledge transfer. Ensure access to fast broadband to all farmers and all rural areas to achieve the objective of 100% access by 2025 (enabler for jobs, businesses, investments, improvement in quality of life in rural areas and enabler to mainstream precision farming and use of artificial intelligence;+;1;The implementation of digital solutions in aviation can support the development of digitalisation and knowledge transfer in rural areas by promoting the use of precision farming and artificial intelligence in agriculture.
TA4	;TA4.32;Energy Efficiency;States shall ensure that, at all airports of the TEN-T core network and TEN-T comprehensive network, the provision of electricity supply to stationary aircraft is ensured by 31 December 2029, at all aircraft remote stands used for commercial air transport operations to embark or disembark passengers or to load or unload goods Regulation (EU) 2023/1804;TA5.35;Competitive Agriculture;Preparedness, shock resilience, adaptation and transformation: Strengthen the resilience of the EU food system. Build up resilience to climate change, possible future diseases and pandemics. Increasing the sustainability of food producers will ultimately increase their resilience.;+;2;The provision of electricity supply to aircraft can support the development of sustainable food systems by promoting the use of renewable energy sources and reducing greenhouse gas emissions.
TA4	;TA4.33;Energy Efficiency;Member States shall ensure that at least one installation providing shore-side electricity supply to inland waterway vessels is deployed at all TEN-T core inland waterway ports by 1 January 2025, at least one installation providing shore-side electricity supply to inland waterway vessels is deployed at all TEN-T comprehensive inland waterway ports by 1 January 2030. Regulation (EU) 2023/1804;TA5.16;Social Security - Workers Protection;Income distribution: Ensure fair income and salaries. Improve income of primary producers to ensure their sustainable livelihood.;+;1;The deployment of shore-side electricity supply to inland waterway vessels can support the improvement of income distribution by promoting the development of sustainable and resilient food systems and ensuring that primary producers receive a fair income.
TA4	;TA4.34;Energy Efficiency;Member States shall ensure that a minimum shore-side electricity supply for seagoing container ships and seagoing passenger ships is provided in TEN-T maritime ports. To that end, by 31 December 2029 TEN-T core and comprehensive maritime ports [...] are equipped to provide each year shore-side electricity supply for at least 90 % of the total number of port calls of seagoing container ships above 5.000 gross tonnes that are moored at the quayside at the maritime port concerned and 90% of the total number of port calls of seagoing ro-ro passenger ships above 5.000 gross tonnes and seagoing high-speed passenger craft above 5.000 gross tonnes that are moored at the quayside at the maritime port concerned Regulation (EU) 2023/1804;TA5.25;Food quality - Animal Welfare;Animal welfare: Promote better animal welfare to improve animal health and food quality.;+;1;The provision of shore-side electricity supply to seagoing vessels can support the promotion of animal welfare by reducing the environmental impact of maritime transport and promoting sustainable and resilient food systems.
TA4	;TA4.10;Energy Efficiency;EU fisheries are encouraged to continue the positive trend, as observed for the period 2009-2019, towards reducing fuel intensity by reducing the fossil-fuel consumption per kg of landed product for at least an additional 15% for the period 2019-2030. Energy Transition of the EU Fisheries and Aquaculture sector;TA5.30;Food affordability;Food affordability: Ensure affordability to sufficient, nutritious and sustainable food;+;2;The reduction of fuel intensity in the fisheries sector can support the development of sustainable and resilient food systems by promoting the use of renewable energy sources and reducing greenhouse gas emissions, which can contribute to ensuring food affordability.
TA4	;TA4.25;Energy Infrastructure;Member States shall ensure that, at the end of each year, the following power output targets are met cumulatively: (a) for each light-duty battery electric vehicle registered in their territory, a total power output of at least 1.3 kW is provided through publicly accessible recharging stations, and (b) for each light-duty plug-in hybrid vehicle registered in their territory, a total power output of at least 0.80 kW is provided through publicly accessible recharging stations. Regulation (EU) 2023/1804;TA5.12;Food quality;Genetic biodiversity of food production systems: Secure and ensure access to a range of quality seeds for plant varieties in order to adapt to the pressures of climate change.;+;1;The deployment of publicly accessible recharging stations can support the development of sustainable food systems by promoting the use of electric and hybrid vehicles, which can contribute to the conservation of genetic biodiversity.
TA4	;TA4.26;Energy Infrastructure;Member States shall ensure that along the TEN-T core and comprehensive network, publicly accessible recharging pools dedicated to light-duty vehicles deployed in each direction of travel with a maximum distance of 60 km in-between them offering a power output of at least 600kW and including at least one recharging point with an individual power output of at least 150 kW. Regulation (EU) 2023/1804;TA5.27;Food quality - Healthy Food;Food messaging: Provide food information and labelling to empower consumers to make informed, healthy and sustainable food choices. Strengthen educational messages on the importance of healthy nutrition, sustainable food production and consumption, and reducing food waste;+;2;The development of publicly accessible recharging pools can support the promotion of sustainable food choices by providing consumers with information on the environmental impact of their food choices and promoting the development of sustainable food systems.
TA4	;TA4.27;Energy Infrastructure;Member States shall ensure that, by 31 December 2030 (with intermediate 2025 and 2027 targets), along the TEN-T core road network, publicly accessible recharging pools dedicated to heavy-duty electric vehicles are deployed in each direction of travel with a maximum distance of 60 km between them [...]. Along the TEN-T comprehensive road network, recharging pools dedicated to heavy-duty electric vehicles are deployed in each direction of travel with a maximum distance of 100 km between them and each recharging pool offers a power output of at least 1.500 kW and includes at least one recharging point with an individual power output of at least 350 kW. Regulation (EU) 2023/1804;TA5.31;Food quality - Healthy Food;Properties of food: Increase reformulation of food products in line with guidelines for healthy and sustainable diets;+;1;The deployment of recharging pools for heavy-duty electric vehicles can support the development of sustainable food systems by promoting the use of renewable energy sources and reducing greenhouse gas emissions, which can contribute to the reformulation of food products.
TA4	;TA4.28;Energy Infrastructure;By 31 December 2030, in each safe and secure parking area at least four publicly accessible recharging stations dedicated to heavy-duty electric vehicles with an individual power output of at least 100 kW are deployed. Regulation (EU) 2023/1804;TA5.33;Food quality - Healthy Food;Nutrition and healthy, sustainable diets: Move to healthier and more sustainable diets.;+;2;The deployment of publicly accessible recharging stations in parking areas can support the promotion of healthy and sustainable diets by providing consumers with information on the environmental impact of their food choices and promoting the development of sustainable food systems.
TA4	;TA4.29;Energy Infrastructure;By 31 December 2030, in each urban node publicly accessible recharging points dedicated to heavy-duty electric vehicles with an aggregated power output of at least 1 800 kW are deployed, provided by recharging stations with an individual power output of at least 150 kW. Regulation (EU) 2023/180;TA5.7;GHG Reduction;Ensure that agriculture, fisheries and aquaculture, and the food value chain contribute to the target of reducing net greenhouse gas emissions to at least 55% below 1990 levels by 2030 and to the achievement of the objective for a climate-neutral Union in 2050.;+;3;The deployment of publicly accessible recharging points in urban nodes can support the development of sustainable food systems by promoting the use of renewable energy sources and reducing greenhouse gas emissions, which can contribute to the achievement of climate neutrality.
TA4	;TA4.15;GHG Reduction - Transports;The average CO2 emissions of the Union fleet of new heavy-duty motor vehicles [...], off-road vehicles and off-road special purpose vehicles shall be reduced by the following percentages compared to the average CO2 emissions of the reporting period of the year 2019: (a) 15% for vehicle sub-groups 4-UD, 4-RD, 4-LH, 5-RD, 5-LH, 9-RD, 9-LH, 10-RD and 10-LH for the reporting periods of the years 2025 to 2029, (b) 45% for all vehicle sub-groups other than vocational vehicles for the reporting periods of the years 2030 to 2034, (c) 65% for all vehicle sub-groups for the reporting periods of the years 2035 to 2039, (d) 90% for all vehicle sub-groups for the reporting periods of the year 2040 onwards Regulation (EU) 2024/1610;TA5.3;Improve Soils Health;Reduce nutrient losses by at least 50%, while ensuring that there is no deterioration in soil fertility.;+;2;The reduction of CO2 emissions from heavy-duty vehicles can support the development of sustainable food systems by promoting the use of renewable energy sources and reducing greenhouse gas emissions, which can contribute to the reduction of nutrient losses.
TA4	;TA4.3;GHG Reduction - Transports;The yearly average GHG intensity of the energy used on board by a ship during a reporting period shall be reduced, compared to the reference value (91.16 gCO2e/MJ) by: 2% from 1 January 2025, 6% from 1 January 2030, 14.5% from 1 January 2035, 31% from 1 January 2040, 62% from 1 January 2045, 80% from 1 January 2050. Regulation (EU) 2023/1805;TA5.8;Improve Water Quality;Water: Preserving freshwater, boosting water reuse in agriculture.;+;1;The reduction of GHG intensity of ships can support the development of sustainable food systems by promoting the use of renewable energy sources and reducing greenhouse gas emissions, which can contribute to the preservation of freshwater and the promotion of water reuse in agriculture.
TA4	;TA4.9;GHG Reduction - Transports;Cut the emissions of transport sector by 90% by 2050 relative to 1990. Sustainable and Smart Mobility Strategy;TA5.4;Pesticides Reduction;Reduce by 50% the use of more hazardous pesticides Target in Common with Biodiversity Strategy (see Thematic Area 6) and Zero Pollution Action Plan (see Thematic Area 7);+;2;The reduction of emissions from the transport sector can support the development of sustainable food systems by promoting the use of renewable energy sources and reducing greenhouse gas emissions, which can contribute to the reduction of the use of hazardous pesticides.
TA4	;TA4.30;Hydrogen Distribution;Member States shall ensure that, by 31 December 2030, at least one publicly accessible hydrogen refuelling station is deployed in each urban node. Regulation (EU) 2023/1804;TA5.35;Competitive Agriculture;Preparedness, shock resilience, adaptation and transformation: Strengthen the resilience of the EU food system. Build up resilience to climate change, possible future diseases and pandemics. Increasing the sustainability of food producers will ultimately increase their resilience.;+;1;The deployment of hydrogen refuelling stations can support the development of sustainable food systems by promoting the use of renewable energy sources and reducing greenhouse gas emissions, which can contribute to the strengthening of the resilience of the EU food system.
TA4	;TA4.31;Hydrogen Distribution;Member States shall ensure that, by 31 December 2030, publicly accessible hydrogen refuelling stations with a total capacity of at least 1 tonne per day, and equipped with at least a 700 bar dispenser, are deployed at least every 200 km along the TEN-T (Trans-European Transport Network) core network Regulation (EU) 2023/1804;TA5.16;Social Security - Workers Protection;Income distribution: Ensure fair income and salaries. Improve income of primary producers to ensure their sustainable livelihood.;+;2;The deployment of hydrogen refuelling stations along the TEN-T core network can support the improvement of income distribution by promoting the development of sustainable and resilient food systems and ensuring that primary producers receive a fair income.
TA4	;TA4.13;Net-Zero Technology - Road Vehicles;For [...] ‚Äö√Ñ√∫urban buses‚Äö√Ñ√π manufacturers shall comply with the 90% (in the reporting period 2030-2034) and 100% (as from 2035) minimum shares in their fleet of new heavy-duty vehicles Regulation (EU) 2024/1610;TA5.21;Digitalisation;Digitalisation and knowledge transfer. Ensure access to fast broadband to all farmers and all rural areas to achieve the objective of 100% access by 2025 (enabler for jobs, businesses, investments, improvement in quality of life in rural areas and enabler to mainstream precision farming and use of artificial intelligence;+;1;The implementation of digital solutions in urban buses can support the development of digitalisation and knowledge transfer in rural areas by promoting the use of precision farming and artificial intelligence in agriculture.
TA4	;TA4.8;Other Low-Carbon Fuels;Member States with maritime ports shall endeavour to ensure that as of 2030 the share of renewable fuels of non-biological origin (RFNBOs) in the total amount of energy supplied to the maritime transport sector is at least 1.2%. Directive (EU) 2023/2413;TA5.29;Food affordability;Food availability: Improve availability of sustainable food. Ensure that the healthy option is always the easiest one. Ensure food supply.;+;2;The implementation of RFNBOs in maritime transport can support the development of sustainable food systems by promoting the use of renewable energy sources and reducing greenhouse gas emissions, which can contribute to the improvement of food availability.
TA4	;TA4.6;Other Low-Carbon Fuels;Of the SAF targets reported above, synthetic aviation fuels should represent a minimum share of 1.2% from 2030, 5% from 2035, 10% from 2034, 15% from 2045, and 35% from 2050. Regulation (EU) 2023/2405;TA5.2;Food quality - Animal Welfare;Reduce overall EU sales of antimicrobials for farmed animals and in aquaculture by 50% by 2030.;+;1;The development of synthetic aviation fuels can support the reduction of antimicrobial use in agriculture by promoting the use of innovative and sustainable technologies.
TA4	;TA4.20;Renewable Energy - Hydrogen Production;In the first phase, from 2020 up to 2024, the strategic objective is to install at least 6 GW of renewable hydrogen electrolysers in the EU. In the second phase, from 2025 up to 2030, the strategic objective is to install at least 40 GW of renewable hydrogen electrolysers. A Hydrogen Strategy for a climate-neutral Europe;TA5.25;Food quality - Animal Welfare;Animal welfare: Promote better animal welfare to improve animal health and food quality.;+;1;The development of renewable hydrogen electrolysers can support the promotion of animal welfare by reducing the environmental impact of agriculture and promoting sustainable and resilient food systems.
TA4	;TA4.11;Transport Logistics;Reduce the average door-to-door cost of combined transport operations by at least 10% within 7 years Proposal for a Directive to support framework for intermodal transport of goods;TA5.30;Food affordability;Food affordability: Ensure affordability to sufficient, nutritious and sustainable food;+;2;The reduction of transport costs can support the development of sustainable food systems by promoting the use of intermodal transport and reducing greenhouse gas emissions, which can contribute to ensuring food affordability.
TA4	;TA4.55;Urban Mobility;Zero-emission in urban logistics The new EU Urban Mobility Framework.;TA5.12;Food quality;Genetic biodiversity of food production systems: Secure and ensure access to a range of quality seeds for plant varieties in order to adapt to the pressures of climate change.;+;1;The development of zero-emission urban logistics can support the conservation of genetic biodiversity by promoting the use of electric and hybrid vehicles, which can contribute to the reduction of greenhouse gas emissions.
TA4	;TA4.55;Urban Mobility;Zero-emission in urban logistics The new EU Urban Mobility Framework.;TA5.34;Food quality - Healthy Food;Health impact of diets: Reversing of the rise in overweight and obesity rates across the EU by 2030;+;2;The development of zero-emission urban logistics can support the promotion of healthy and sustainable diets by reducing the environmental impact of transport and promoting the development of sustainable food systems.
TA4	;TA4.1;Biofuels;Achieve an annual production of sustainable biomethane of 35 billion cubic meters by 2030;TA7.9;Improve Air Quality;Improve air quality to reduce the number of premature deaths caused by air pollution by 55% by 2030;+;2;The improvement of air quality can be reinforced by the production of sustainable biomethane, which can be used as a low-carbon fuel, thus reducing emissions from transportation and industry.
TA4	;TA4.5;Biofuels;Aviation fuel suppliers shall also ensure that Sustainable Aviation Fuel (SAF) made available to aircraft operators at each Union airport will be at least 2% from 2025, 6% from 2030, 20% from 2035, 34% from 2040, 42% from 2045 and 70% from 2050. Regulation (EU) 2023/2405;TA7.4;Improve Air Quality;The Industrial Emissions Directive (IED) aims at preventing or reducing emissions from large industrial installations and intensive farming into the environment.;+;2;The IED can support the development of SAF by reducing emissions from industrial installations, thus creating a more favorable environment for the production and use of SAF.
TA4	;TA4.18;Biofuels;The share of biofuels and biogas produced from the feedstock listed in Part B of Annex IX in the energy content of fuels and electricity supplied to the transport sector shall, except in Cyprus and Malta, be limited to 1.7%. Directive (EU) 2023/2413;TA7.13;Improve Air Quality;Reduce by 25% the EU ecosystems where air pollution threatens biodiversity, by 2030;-;2;The reduction of air pollution threatening biodiversity can be constrained by the limited share of biofuels and biogas from Part B of Annex IX, which may lead to increased emissions from other sources.
TA4	;TA4.25;Energy Infrastructure;Member States shall ensure that, at the end of each year, the following power output targets are met cumulatively: (a) for each light-duty battery electric vehicle registered in their territory, a total power output of at least 1.3 kW is provided through publicly accessible recharging stations, and (b) for each light-duty plug-in hybrid vehicle registered in their territory, a total power output of at least 0.80 kW is provided through publicly accessible recharging stations. Regulation (EU) 2023/1804;TA7.6;Improve Soils Health;Improve soil quality by reducing chemical pesticides‚Äö use by 50%, by 2030;+;1;The reduction of chemical pesticides can be enabled by the increased use of electric vehicles, which can reduce the need for pesticides in agricultural practices.
TA4	;TA4.30;Hydrogen Distribution;Member States shall ensure that, by 31 December 2030, at least one publicly accessible hydrogen refuelling station is deployed in each urban node. Regulation (EU) 2023/1804;TA7.8;Improve Soils Health;Improve soil quality by reducing nutrient losses use by 50%, by 2030;+;1;The reduction of nutrient losses can be supported by the development of hydrogen refuelling stations, which can promote the use of low-carbon fuels in transportation.
TA4	;TA4.33;Energy Efficiency;Member States shall ensure that at least one installation providing shore-side electricity supply to inland waterway vessels is deployed at all TEN-T core inland waterway ports by 1 January 2025, at least one installation providing shore-side electricity supply to inland waterway vessels is deployed at all TEN-T comprehensive inland waterway ports by 1 January 2030. Regulation (EU) 2023/1804;TA7.15;Improve Soils Health;Having all soils in healthy condition by 2050;+;1;The goal of having all soils in healthy condition can be reinforced by the development of shore-side electricity supply for inland waterway vessels, which can reduce emissions from waterway transport.
TA4	;TA4.10;Energy Efficiency;EU fisheries are encouraged to continue the positive trend, as observed for the period 2009-2019, towards reducing fuel intensity by reducing the fossil-fuel consumption per kg of landed product for at least an additional 15% for the period 2019-2030. Energy Transition of the EU Fisheries and Aquaculture sector;TA7.5;Improve Water Quality;The revised Urban Wastewater Treatment Directive (UWWTD) extends the scope of the 1991 UWWTD;+;1;The revised UWWTD can support the energy transition in the fisheries and aquaculture sector by reducing emissions from wastewater treatment, thus creating a more favorable environment for the reduction of fuel intensity.
TA4	;TA4.6;Other Low-Carbon Fuels;Of the SAF targets reported above, synthetic aviation fuels should represent a minimum share of 1.2% from 2030, 5% from 2035, 10% from 2034, 15% from 2045, and 35% from 2050. Regulation (EU) 2023/2405;TA7.10;Improve Water Quality;Improve water quality by reducing waste, plastic litter at sea (by 50%);-;2;The reduction of waste and plastic litter at sea can be constrained by the increased use of synthetic aviation fuels, which may lead to increased emissions from aviation.
TA4	;TA4.20;Renewable Energy - Hydrogen Production;In the first phase, from 2020 up to 2024, the strategic objective is to install at least 6 GW of renewable hydrogen electrolysers in the EU. In the second phase, from 2025 up to 2030, the strategic objective is to install at least 40 GW of renewable hydrogen electrolysers. A Hydrogen Strategy for a climate-neutral Europe;TA7.11;Improve Water Quality;Improve water quality by reducing microplastics released into the environment (by 30%);+;2;The reduction of microplastics can be supported by the development of renewable hydrogen electrolysers, which can reduce emissions from industrial processes and promote the use of low-carbon fuels.
TA4	;TA4.3;GHG Reduction - Transports;The yearly average GHG intensity of the energy used on board by a ship during a reporting period shall be reduced, compared to the reference value (91.16 gCO2e/MJ) by: 2% from 1 January 2025, 6% from 1 January 2030, 14.5% from 1 January 2035, 31% from 1 January 2040, 62% from 1 January 2045, 80% from 1 January 2050. Regulation (EU) 2023/1805;TA7.16;Improve Water Quality;By means of an updated and harmonised list of pollutants affecting surface and groundwater, updated existing quality standards, new monitoring requirements, improved and more accessible data, and a more flexible framework for addressing pollutants of emerging concerns;+;2;The updated list of pollutants and quality standards can support the reduction of GHG emissions from shipping by promoting the use of low-carbon fuels and reducing emissions from industrial processes.
TA4	;TA4.9;GHG Reduction - Transports;Cut the emissions of transport sector by 90% by 2050 relative to 1990. Sustainable and Smart Mobility Strategy;TA7.14;Noise Reduction;Reduce the share of people chronically disturbed by transport noise by 30%, by 2030;+;2;The reduction of transport noise can be supported by the development of low-carbon fuels and the reduction of emissions from the transport sector, thus creating a more favorable environment for the reduction of noise pollution.
TA4	;TA4.55;Urban Mobility;Zero-emission in urban logistics The new EU Urban Mobility Framework;TA7.6;Improve Soils Health;Improve soil quality by reducing chemical pesticides‚Äö use by 50%, by 2030;+;1;The reduction of chemical pesticides can be enabled by the development of zero-emission logistics, which can reduce the need for pesticides in agricultural practices and promote the use of low-carbon fuels in transportation.
TA5	;TA5.11;Biodiversity Protection & Conservation;Biodiversity conservation and restoration of natural resources: Protect the environment and restore natural resources. Preserve biodiversity and reduce biodiversity loss.;TA6.1;Biodiversity Protection & Conservation;1.a Legally protect a minimum of 30% of the EU  land area;+;2;The implementation of TA5.11 will support the achievement of TA6.1 by protecting and restoring natural habitats, which will contribute to the preservation of biodiversity and the protection of 30% of the EU's land area.
TA5	;TA5.11;Biodiversity Protection & Conservation;Biodiversity conservation and restoration of natural resources: Protect the environment and restore natural resources. Preserve biodiversity and reduce biodiversity loss.;TA6.3;Biodiversity Protection & Conservation;2.a Strictly protect at least a third of the EU'S protected areas;+;2;The implementation of TA5.11 will support the achievement of TA6.3 by protecting and restoring natural habitats, which will contribute to the preservation of biodiversity and the protection of at least a third of the EU's protected areas.
TA5	;TA5.11;Biodiversity Protection & Conservation;Biodiversity conservation and restoration of natural resources: Protect the environment and restore natural resources. Preserve biodiversity and reduce biodiversity loss.;TA6.9;Pesticides Reduction;6. The risk and use of chemical pesticides is reduced by 50%, and the use of more hazardous pesticides is reduced by 50%;+;2;The implementation of TA5.11 will support the achievement of TA6.9 by reducing the use of chemical pesticides and promoting sustainable agricultural practices, which will contribute to the reduction of the risk and use of chemical pesticides.
TA5	;TA5.11;Biodiversity Protection & Conservation;Biodiversity conservation and restoration of natural resources: Protect the environment and restore natural resources. Preserve biodiversity and reduce biodiversity loss.;TA6.29;Terrestrial Ecosystems Restoration;Terrestrial ecosystems. Member States shall put in place [...] measures [...] to jointly cover, as a Union target, throughout the areas and ecosystems [...] defined in Art. 2, by 2030, at least 20% of land areas in need of restoration and, by 2050, all ecosystems in need of restoration.;+;2;The implementation of TA5.11 will support the achievement of TA6.29 by promoting the restoration of degraded ecosystems and the protection of biodiversity, which will contribute to the restoration of at least 20% of land areas in need of restoration by 2030.
TA5	;TA5.14;Circularity/Recycling;Circular economy: Scale-up and promote sustainable and socially responsible production methods and circular business models in food processing and retail.;TA6.1;Biodiversity Protection & Conservation;1.a Legally protect a minimum of 30% of the EU  land area;-;1;The implementation of TA5.14 may have a negative impact on TA6.1, as the promotion of circular economy and sustainable production methods may lead to increased land use and competition for land, potentially threatening the protection of 30% of the EU's land area.
TA5	;TA5.17;Competitive Agriculture;Sectorial growth: Help farmers and fishers to strengthen their position in the supply chain and to capture a fair share of the added value of sustainable production;TA6.44;Terrestrial Ecosystems Restoration - Agricultural Ecosystems;(agricultural ecosystems) Member States shall put in place measures which shall aim to achieve an increasing trend at national level of at least two out of the three following indicators in agricultural ecosystems;+;1;The implementation of TA5.17 will support the achievement of TA6.44 by promoting sustainable agricultural practices and improving the position of farmers and fishers in the supply chain, which will contribute to an increasing trend in at least two of the three indicators in agricultural ecosystems.
TA5	;TA5.18;Competitive Agriculture;Market power and business structure: Improve agricultural rules that strengthen the position of farmers (e.g. producers of products with geographical indications), their cooperatives and producer organisations in the food supply chain.;TA6.1;Biodiversity Protection & Conservation;1.a Legally protect a minimum of 30% of the EU  land area;+;1;The implementation of TA5.18 will support the achievement of TA6.1 by promoting sustainable agricultural practices and improving market power and business structure, which will contribute to the protection of 30% of the EU's land area.
TA5	;TA5.20;Competitive Agriculture;Trade: Foster the competitiveness of the EU supply sector.;TA6.1;Biodiversity Protection & Conservation;1.a Legally protect a minimum of 30% of the EU  land area;-;1;The implementation of TA5.20 may have a negative impact on TA6.1, as the promotion of trade and competitiveness may lead to increased land use and competition for land, potentially threatening the protection of 30% of the EU's land area.
TA5	;TA5.35;Competitive Agriculture;Preparedness, shock resilience, adaptation and transformation: Strengthen the resilience of the EU food system. Build up resilience to climate change, possible future diseases and pandemics. Increasing the sustainability of food producers will ultimately increase their resilience.;TA6.9;Pesticides Reduction;6. The risk and use of chemical pesticides is reduced by 50%, and the use of more hazardous pesticides is reduced by 50%;+;1;The implementation of TA5.35 will support the achievement of TA6.9 by promoting sustainable agricultural practices and reducing the use of chemical pesticides, which will contribute to the reduction of the risk and use of chemical pesticides.
TA5	;TA5.21;Digitalisation;Digitalisation and knowledge transfer. Ensure access to fast broadband to all farmers and all rural areas to achieve the objective of 100% access by 2025 (enabler for jobs, businesses, investments, improvement in quality of life in rural areas and enabler to mainstream precision farming and use of artificial intelligence;TA6.1;Biodiversity Protection & Conservation;1.a Legally protect a minimum of 30% of the EU  land area;+;1;The implementation of TA5.21 will support the achievement of TA6.1 by promoting digitalisation and knowledge transfer, which will contribute to the protection of 30% of the EU's land area.
TA5	;TA5.19;Food affordability;Price: Preserve the price affordability of food.;TA6.1;Biodiversity Protection & Conservation;1.a Legally protect a minimum of 30% of the EU  land area;-;1;The implementation of TA5.19 may have a negative impact on TA6.1, as the preservation of price affordability may lead to increased land use and competition for land, potentially threatening the protection of 30% of the EU's land area.
TA5	;TA5.29;Food affordability;Food availability: Improve availability of sustainable food. Ensure that the healthy option is always the easiest one. Ensure food supply.;TA6.1;Biodiversity Protection & Conservation;1.a Legally protect a minimum of 30% of the EU  land area;+;1;The implementation of TA5.29 will support the achievement of TA6.1 by promoting sustainable food systems and improving food availability, which will contribute to the protection of 30% of the EU's land area.
TA5	;TA5.30;Food affordability;Food affordability: Ensure affordability to sufficient, nutritious and sustainable food;TA6.1;Biodiversity Protection & Conservation;1.a Legally protect a minimum of 30% of the EU  land area;-;1;The implementation of TA5.30 may have a negative impact on TA6.1, as the focus on food affordability may lead to increased land use and competition for land, potentially threatening the protection of 30% of the EU's land area.
TA5	;TA5.32;Food affordability;Food security: Ensuring food security and access to quality, safe, sustainable, nutritious food for all.;TA6.1;Biodiversity Protection & Conservation;1.a Legally protect a minimum of 30% of the EU  land area;+;1;The implementation of TA5.32 will support the achievement of TA6.1 by promoting food security and sustainable food systems, which will contribute to the protection of 30% of the EU's land area.
TA5	;TA5.12;Food quality;Genetic biodiversity of food production systems: Secure and ensure access to a range of quality seeds for plant varieties in order to adapt to the pressures of climate change.;TA6.1;Biodiversity Protection & Conservation;1.a Legally protect a minimum of 30% of the EU  land area;+;1;The implementation of TA5.12 will support the achievement of TA6.1 by promoting genetic biodiversity and sustainable agricultural practices, which will contribute to the protection of 30% of the EU's land area.
TA5	;TA5.15;Food quality;Consumption footprint: Reduce the environmental and climate footprint of the EU food system, operating within planetary boundaries. Reduce the EU  contribution to global deforestation and forest degradation.;TA6.1;Biodiversity Protection & Conservation;1.a Legally protect a minimum of 30% of the EU  land area;+;1;The implementation of TA5.15 will support the achievement of TA6.1 by reducing the environmental and climate footprint of the EU food system, which will contribute to the protection of 30% of the EU's land area.
TA5	;TA5.6;Food quality;Aquatic living resources: Increase sustainable fishing and aquaculture. Bring fish stocks to sustainable levels. Significant increase in organic aquaculture;TA6.1;Biodiversity Protection & Conservation;1.a Legally protect a minimum of 30% of the EU  land area;-;1;The implementation of TA5.6 may have a negative impact on TA6.1, as the promotion of sustainable fishing and aquaculture may lead to increased competition for land and resources, potentially threatening the protection of 30% of the EU's land area.
TA5	;TA5.9;Food quality;Increase organic farming with the aim to achieve at least 25% of total farmland under organic farming by 2030 Target in Common with Biodiversity Strategy (see Thematic Area 6);TA6.1;Biodiversity Protection & Conservation;1.a Legally protect a minimum of 30% of the EU  land area;+;1;The implementation of TA5.9 will support the achievement of TA6.1 by promoting organic farming and sustainable agricultural practices, which will contribute to the protection of 30% of the EU's land area.
TA5	;TA5.2;Food quality - Animal Welfare;Reduce overall EU sales of antimicrobials for farmed animals and in aquaculture by 50% by 2030.;TA6.9;Pesticides Reduction;6. The risk and use of chemical pesticides is reduced by 50%, and the use of more hazardous pesticides is reduced by 50%;+;1;The implementation of TA5.2 will support the achievement of TA6.9 by reducing the use of antimicrobials and promoting sustainable agricultural practices, which will contribute to the reduction of the risk and use of chemical pesticides.
TA5	;TA5.25;Food quality - Animal Welfare;Animal welfare: Promote better animal welfare to improve animal health and food quality.;TA6.1;Biodiversity Protection & Conservation;1.a Legally protect a minimum of 30% of the EU  land area;+;1;The implementation of TA5.25 will support the achievement of TA6.1 by promoting animal welfare and sustainable agricultural practices, which will contribute to the protection of 30% of the EU's land area.
TA5	;TA5.27;Food quality - Healthy Food;Food messaging: Provide food information and labelling to empower consumers to make informed, healthy and sustainable food choices. Strengthen educational messages on the importance of healthy nutrition, sustainable food production and consumption, and reducing food waste;TA6.1;Biodiversity Protection & Conservation;1.a Legally protect a minimum of 30% of the EU  land area;+;1;The implementation of TA5.27 will support the achievement of TA6.1 by promoting sustainable food systems and empowering consumers, which will contribute to the protection of 30% of the EU's land area.
TA5	;TA5.31;Food quality - Healthy Food;Properties of food: Increase reformulation of food products in line with guidelines for healthy and sustainable diets;TA6.1;Biodiversity Protection & Conservation;1.a Legally protect a minimum of 30% of the EU  land area;+;1;The implementation of TA5.31 will support the achievement of TA6.1 by promoting sustainable food systems and reformulation of food products, which will contribute to the protection of 30% of the EU's land area.
TA5	;TA5.33;Food quality - Healthy Food;Nutrition and healthy, sustainable diets: Move to healthier and more sustainable diets.;TA6.1;Biodiversity Protection & Conservation;1.a Legally protect a minimum of 30% of the EU  land area;+;1;The implementation of TA5.33 will support the achievement of TA6.1 by promoting sustainable food systems and healthy diets, which will contribute to the protection of 30% of the EU's land area.
TA5	;TA5.34;Food quality - Healthy Food;Health impact of diets: Reversing of the rise in overweight and obesity rates across the EU by 2030;TA6.1;Biodiversity Protection & Conservation;1.a Legally protect a minimum of 30% of the EU  land area;+;1;The implementation of TA5.34 will support the achievement of TA6.1 by promoting sustainable food systems and reducing the health impact of diets, which will contribute to the protection of 30% of the EU's land area.
TA5	;TA5.7;GHG Reduction;Ensure that agriculture, fisheries and aquaculture, and the food value chain contribute to the target of reducing net greenhouse gas emissions to at least 55% below 1990 levels by 2030 and to the achievement of the objective for a climate-neutral Union in 2050.;TA6.1;Biodiversity Protection & Conservation;1.a Legally protect a minimum of 30% of the EU  land area;+;1;The implementation of TA5.7 will support the achievement of TA6.1 by promoting sustainable agricultural practices and reducing greenhouse gas emissions, which will contribute to the protection of 30% of the EU's land area.
TA5	;TA5.3;Improve Soils Health;Reduce nutrient losses by at least 50%, while ensuring that there is no deterioration in soil fertility.;TA6.9;Pesticides Reduction;6. The risk and use of chemical pesticides is reduced by 50%, and the use of more hazardous pesticides is reduced by 50%;+;1;The implementation of TA5.3 will support the achievement of TA6.9 by reducing nutrient losses and promoting sustainable agricultural practices, which will contribute to the reduction of the risk and use of chemical pesticides.
TA5	;TA5.8;Improve Water Quality;Water: Preserving freshwater, boosting water reuse in agriculture.;TA6.1;Biodiversity Protection & Conservation;1.a Legally protect a minimum of 30% of the EU  land area;+;1;The implementation of TA5.8 will support the achievement of TA6.1 by promoting water conservation and sustainable agricultural practices, which will contribute to the protection of 30% of the EU's land area.
TA5	;TA5.4;Pesticides Reduction;Reduce by 50% the use of more hazardous pesticides Target in Common with Biodiversity Strategy (see Thematic Area 6) and Zero Pollution Action Plan (see Thematic Area 7);TA6.9;Pesticides Reduction;6. The risk and use of chemical pesticides is reduced by 50%, and the use of more hazardous pesticides is reduced by 50%;+;1;The implementation of TA5.4 will support the achievement of TA6.9 by reducing the use of hazardous pesticides and promoting sustainable agricultural practices, which will contribute to the reduction of the risk and use of chemical pesticides.
TA5	;TA5.5;Pesticides Reduction;Reduce by 50% the use and risk of chemical pesticides Target in Common with Biodiversity Strategy (see Thematic Area 6) and Zero Pollution Action Plan (see Thematic Area 7);TA6.9;Pesticides Reduction;6. The risk and use of chemical pesticides is reduced by 50%, and the use of more hazardous pesticides is reduced by 50%;+;1;The implementation of TA5.5 will support the achievement of TA6.9 by reducing the use and risk of chemical pesticides and promoting sustainable agricultural practices, which will contribute to the reduction of the risk and use of chemical pesticides.
TA5	;TA5.10;Renewable Energy;Energy: Increase renewable energy in the agriculture and food sector. Adopt energy efficiency solutions in the agriculture and food sector, by reducing energy consumption.;TA6.1;Biodiversity Protection & Conservation;1.a Legally protect a minimum of 30% of the EU  land area;+;1;The implementation of TA5.10 will support the achievement of TA6.1 by promoting renewable energy and energy efficiency in the agricultural sector, which will contribute to the protection of 30% of the EU's land area.
TA5	;TA5.16;Social Security - Workers Protection;Income distribution: Ensure fair income and salaries. Improve income of primary producers to ensure their sustainable livelihood.;TA6.44;Terrestrial Ecosystems Restoration - Agricultural Ecosystems;(agricultural ecosystems) Member States shall put in place measures which shall aim to achieve an increasing trend at national level of at least two out of the three following indicators in agricultural ecosystems;+;1;The implementation of TA5.16 will support the achievement of TA6.44 by promoting fair income distribution and sustainable agricultural practices, which will contribute to an increasing trend in at least two of the three indicators in agricultural ecosystems.
TA5	;TA5.23;Social Security - Workers Protection;Employment and working conditions: Create new job opportunities. Improve working conditions, ensure occupation health and safety.;TA6.1;Biodiversity Protection & Conservation;1.a Legally protect a minimum of 30% of the EU  land area;+;1;The implementation of TA5.23 will support the achievement of TA6.1 by promoting sustainable agricultural practices and improving employment and working conditions, which will contribute to the protection of 30% of the EU's land area.
TA5	;TA5.24;Social Security - Workers Protection;Social protection and poverty: Ensure fair, inclusive and ethical value chains. Ensure workers‚Äô social protection and housing conditions, promote socially responsible production methods, Mitigate the socio-economic consequences impacting the food chain and ensure that the key principles enshrined in the European Pillar of Social Rights are respected, especially when it comes to precarious, seasonal and undeclared workers.;TA6.1;Biodiversity Protection & Conservation;1.a Legally protect a minimum of 30% of the EU  land area;+;1;The implementation of TA5.24 will support the achievement of TA6.1 by promoting fair and inclusive value chains and social protection, which will contribute to the protection of 30% of the EU's land area.
TA5	;TA5.22;Transport Logistics;Transport, accessibility and infrastructure: Create shorter supply chains will support reducing dependence on long-haul transportation.;TA6.1;Biodiversity Protection & Conservation;1.a Legally protect a minimum of 30% of the EU  land area;-;1;The implementation of TA5.22 may have a negative impact on TA6.1, as the creation of shorter supply chains may lead to increased competition for land and resources, potentially threatening the protection of 30% of the EU's land area.
TA5	;TA5.13;Waste Reduction - Food Waste;Reduce food waste. Prevent food loss and waste. Halve per capita food waste at retail and consumer levels* *See also Directive (EU) 2018/851 on waste with a target on food waste reduction of 30% by 2025;TA6.1;Biodiversity Protection & Conservation;1.a Legally protect a minimum of 30% of the EU  land area;+;1;The implementation of TA5.13 will support the achievement of TA6.1 by promoting sustainable food systems and reducing food waste, which will contribute to the protection of 30% of the EU's land area.
TA5	;TA5.11;Biodiversity Protection & Conservation;Biodiversity conservation and restoration of natural resources: Protect the environment and restore natural resources. Preserve biodiversity and reduce biodiversity loss.;TA4.1;Biofuels;Achieve an annual production of sustainable biomethane of 35 billion cubic meters by 2030;+;2;The implementation of TA5.11 could reinforce the achievement of TA4.1 by promoting sustainable land use and reducing GHG emissions from agriculture, which in turn could increase the availability of sustainable biomethane.
TA5	;TA5.14;Circularity/Recycling;Circular economy: Scale-up and promote sustainable and socially responsible production methods and circular business models in food processing and retail.;TA4.7;Biofuels;Each Member State shall set an obligation on fuel suppliers to ensure that: (B) the combined share of advanced biofuels and biogas produced from the feedstock listed in Part A of Annex IX and of renewable fuels of non-biological origin in the energy supplied to the transport sector is at least 1% in 2025 and 5.5% in 2030, of which a share of at least 1 percentage point is from renewable fuels of non-biological origin in 2030. Directive (EU) 2023/2413;+;1;The implementation of TA5.14 could enable the achievement of TA4.7 by promoting the use of renewable fuels and reducing waste in the transport sector.
TA5	;TA5.17;Competitive Agriculture;Sectorial growth: Help farmers and fishers to strengthen their position in the supply chain and to capture a fair share of the added value of sustainable production;TA4.25;Energy Infrastructure;Member States shall ensure that, at the end of each year, the following power output targets are met cumulatively: (a) for each light-duty battery electric vehicle registered in their territory, a total power output of at least 1.3 kW is provided through publicly accessible recharging stations, and (b) for each light-duty plug-in hybrid vehicle registered in their territory, a total power output of at least 0.80 kW is provided through publicly accessible recharging stations. Regulation (EU) 2023/1804;+;1;The implementation of TA5.17 could support the achievement of TA4.25 by promoting the development of sustainable agriculture and reducing the environmental impact of farming practices.
TA5	;TA5.18;Competitive Agriculture;Market power and business structure: Improve agricultural rules that strengthen the position of farmers (e.g. producers of products with geographical indications), their cooperatives and producer organisations in the food supply chain.;TA4.30;Hydrogen Distribution;Member States shall ensure that, by 31 December 2030, at least one publicly accessible hydrogen refuelling station is deployed in each urban node. Regulation (EU) 2023/1804;-;1;The implementation of TA5.18 could constrain the achievement of TA4.30 by limiting the options for energy access and increasing the costs for farmers and food producers.
TA5	;TA5.20;Competitive Agriculture;Trade: Foster the competitiveness of the EU supply sector.;TA4.5;Biofuels;Aviation fuel suppliers shall also ensure that Sustainable Aviation Fuel (SAF) made available to aircraft operators at each Union airport will be at least 2% from 2025, 6% from 2030, 20% from 2035, 34% from 2040, 42% from 2045 and 70% from 2050. Regulation (EU) 2023/2405;+;2;The implementation of TA5.20 could reinforce the achievement of TA4.5 by promoting the competitiveness of the EU supply sector and increasing the demand for sustainable aviation fuels.
TA5	;TA5.35;Competitive Agriculture;Preparedness, shock resilience, adaptation and transformation: Strengthen the resilience of the EU food system. Build up resilience to climate change, possible future diseases and pandemics. Increasing the sustainability of food producers will ultimately increase their resilience.;TA4.9;GHG Reduction - Transports;Cut the emissions of transport sector by 90% by 2050 relative to 1990. Sustainable and Smart Mobility Strategy;+;3;The implementation of TA5.35 could enable the achievement of TA4.9 by promoting the development of resilient and sustainable food systems, reducing GHG emissions from agriculture and increasing the use of renewable energy in transport.
TA5	;TA5.21;Digitalisation;Digitalisation and knowledge transfer. Ensure access to fast broadband to all farmers and all rural areas to achieve the objective of 100% access by 2025 (enabler for jobs, businesses, investments, improvement in quality of life in rural areas and enabler to mainstream precision farming and use of artificial intelligence;TA4.15;GHG Reduction - Transports;The average CO2 emissions of the Union fleet of new heavy-duty motor vehicles [...], off-road vehicles and off-road special purpose vehicles shall be reduced by the following percentages compared to the average CO2 emissions of the reporting period of the year 2019: (a) 15% for vehicle sub-groups 4-UD, 4-RD, 4-LH, 5-RD, 5-LH, 9-RD, 9-LH, 10-RD and 10-LH for the reporting periods of the years 2025 to 2029, (b) 45% for all vehicle sub-groups other than vocational vehicles for the reporting periods of the years 2030 to 2034, (c) 65% for all vehicle sub-groups for the reporting periods of the years 2035 to 2039, (d) 90% for all vehicle sub-groups for the reporting periods of the year 2040 onwards Regulation (EU) 2024/1610;+;2;The implementation of TA5.21 could support the achievement of TA4.15 by promoting the use of digital technologies and data-driven solutions in agriculture, reducing GHG emissions and increasing energy efficiency.
TA5	;TA5.19;Food affordability;Price: Preserve the price affordability of food.;TA4.28;Energy Infrastructure;By 31 December 2030, in each safe and secure parking area at least four publicly accessible recharging stations dedicated to heavy-duty electric vehicles with an individual power output of at least 100 kW are deployed. Regulation (EU) 2023/1804;-;1;The implementation of TA5.19 could constrain the achievement of TA4.28 by increasing the costs for heavy-duty electric vehicles and reducing their competitiveness.
TA5	;TA5.29;Food affordability;Food availability: Improve availability of sustainable food. Ensure that the healthy option is always the easiest one. Ensure food supply.;TA4.29;Energy Infrastructure;By 31 December 2030, in each urban node publicly accessible recharging points dedicated to heavy-duty electric vehicles with an aggregated power output of at least 1 800 kW are deployed, provided by recharging stations with an individual power output of at least 150 kW. Regulation (EU) 2023/180;+;1;The implementation of TA5.29 could enable the achievement of TA4.29 by promoting the development of sustainable food systems and reducing food waste, increasing the availability of sustainable food and promoting the use of renewable energy in transport.
TA5	;TA5.30;Food affordability;Food affordability: Ensure affordability to sufficient, nutritious and sustainable food;TA4.13;Net-Zero Technology - Road Vehicles;For [...] ‚Äö√Ñ√∫urban buses‚Äö√Ñ√π manufacturers shall comply with the 90% (in the reporting period 2030-2034) and 100% (as from 2035) minimum shares in their fleet of new heavy-duty vehicles Regulation (EU) 2024/1610;-;1;The implementation of TA5.30 could constrain the achievement of TA4.13 by limiting the options for urban bus manufacturers and increasing the costs for sustainable vehicles.
TA5	;TA5.32;Food affordability;Food security: Ensuring food security and access to quality, safe, sustainable, nutritious food for all.;TA4.6;Other Low-Carbon Fuels;Of the SAF targets reported above, synthetic aviation fuels should represent a minimum share of 1.2% from 2030, 5% from 2035, 10% from 2034, 15% from 2045, and 35% from 2050. Regulation (EU) 2023/2405;+;2;The implementation of TA5.32 could reinforce the achievement of TA4.6 by promoting food security and sustainable food systems, reducing GHG emissions from agriculture and increasing the use of renewable energy in aviation.
TA5	;TA5.15;Food quality;Consumption footprint: Reduce the environmental and climate footprint of the EU food system, operating within planetary boundaries. Reduce the EU‚Äö√Ñ√¥s contribution to global deforestation and forest degradation.;TA4.8;Other Low-Carbon Fuels;Member States with maritime ports shall endeavour to ensure that as of 2030 the share of renewable fuels of non-biological origin (RFNBOs) in the total amount of energy supplied to the maritime transport sector is at least 1.2%. Directive (EU) 2023/2413;+;2;The implementation of TA5.15 could support the achievement of TA4.8 by promoting sustainable food systems and reducing the environmental impact of the EU food system, increasing the use of renewable energy in maritime transport.
TA5	;TA5.6;Food quality;Aquatic living resources: Increase sustainable fishing and aquaculture. Bring fish stocks to sustainable levels. Significant increase in organic aquaculture;TA4.33;Energy Efficiency;Member States shall ensure that at least one installation providing shore-side electricity supply to inland waterway vessels is deployed at all TEN-T core inland waterway ports by 1 January 2025, at least one installation providing shore-side electricity supply to inland waterway vessels is deployed at all TEN-T comprehensive inland waterway ports by 1 January 2030. Regulation (EU) 2023/1804;+;1;The implementation of TA5.6 could enable the achievement of TA4.33 by promoting sustainable fishing and aquaculture practices, reducing GHG emissions from transport and increasing the use of renewable energy in inland waterway transport.
TA5	;TA5.9;Food quality;Increase organic farming with the aim to achieve at least 25% of total farmland under organic farming by 2030 Target in Common with Biodiversity Strategy (see Thematic Area 6);TA4.34;Energy Efficiency;Member States shall ensure that a minimum shore-side electricity supply for seagoing container ships and seagoing passenger ships is provided in TEN-T maritime ports. To that end, by 31 December 2029 TEN-T core and comprehensive maritime ports [...] are equipped to provide each year shore-side electricity supply for at least 90 % of the total number of port calls of seagoing container ships above 5.000 gross tonnes that are moored at the quayside at the maritime port concerned and 90% of the total number of port calls of seagoing ro-ro passenger ships above 5.000 gross tonnes and seagoing high-speed passenger craft above 5.000 gross tonnes that are moored at the quayside at the maritime port concerned Regulation (EU) 2023/1804;+;2;The implementation of TA5.9 could support the achievement of TA4.34 by promoting sustainable agriculture and reducing GHG emissions from farming practices, increasing the use of renewable energy in maritime transport.
TA5	;TA5.2;Food quality - Animal Welfare;Reduce overall EU sales of antimicrobials for farmed animals and in aquaculture by 50% by 2030.;TA4.26;Energy Infrastructure;Member States shall ensure that along the TEN-T core and comprehensive network, publicly accessible recharging pools dedicated to light-duty vehicles deployed in each direction of travel with a maximum distance of 60 km in-between them offering a power output of at least 600kW and including at least one recharging point with an individual power output of at least 150 kW. Regulation (EU) 2023/1804;-;1;The implementation of TA5.2 could constrain the achievement of TA4.26 by limiting the options for light-duty vehicle manufacturers and increasing the costs for sustainable vehicles.
TA5	;TA5.25;Food quality - Animal Welfare;Animal welfare: Promote better animal welfare to improve animal health and food quality.;TA4.27;Energy Infrastructure;Member States shall ensure that, by 31 December 2030 (with intermediate 2025 and 2027 targets), along the TEN-T core road network, publicly accessible recharging pools dedicated to heavy-duty electric vehicles are deployed in each direction of travel with a maximum distance of 60 km between them [...]. Along the TEN-T comprehensive road network, recharging pools dedicated to heavy-duty electric vehicles are deployed in each direction of travel with a maximum distance of 100 km between them and each recharging pool offers a power output of at least 1.500 kW and includes at least one recharging point with an individual power output of at least 350 kW. Regulation (EU) 2023/1804;+;1;The implementation of TA5.25 could enable the achievement of TA4.27 by promoting animal welfare and reducing GHG emissions from transport, increasing the use of renewable energy in heavy-duty transport.
TA5	;TA5.27;Food quality - Healthy Food;Food messaging: Provide food information and labelling to empower consumers to make informed, healthy and sustainable food choices. Strengthen educational messages on the importance of healthy nutrition, sustainable food production and consumption, and reducing food waste;TA4.10;Energy Efficiency;EU fisheries are encouraged to continue the positive trend, as observed for the period 2009-2019, towards reducing fuel intensity by reducing the fossil-fuel consumption per kg of landed product for at least an additional 15% for the period 2019-2030. Energy Transition of the EU Fisheries and Aquaculture sector;+;2;The implementation of TA5.27 could support the achievement of TA4.10 by promoting sustainable food systems and reducing food waste, increasing the use of renewable energy in fisheries and aquaculture.
TA5	;TA5.31;Food quality - Healthy Food;Properties of food: Increase reformulation of food products in line with guidelines for healthy and sustainable diets;TA4.3;GHG Reduction - Transports;The yearly average GHG intensity of the energy used on board by a ship during a reporting period shall be reduced, compared to the reference value (91.16 gCO2e/MJ) by: 2% from 1 January 2025, 6% from 1 January 2030, 14.5% from 1 January 2035, 31% from 1 January 2040, 62% from 1 January 2045, 80% from 1 January 2050. Regulation (EU) 2023/1805;+;3;The implementation of TA5.31 could reinforce the achievement of TA4.3 by promoting sustainable food systems and reducing GHG emissions from food production, increasing the use of renewable energy in maritime transport.
TA5	;TA5.33;Food quality - Healthy Food;Nutrition and healthy, sustainable diets: Move to healthier and more sustainable diets.;TA4.30;Hydrogen Distribution;Member States shall ensure that, by 31 December 2030, at least one publicly accessible hydrogen refuelling station is deployed in each urban node. Regulation (EU) 2023/1804;+;2;The implementation of TA5.33 could support the achievement of TA4.30 by promoting sustainable food systems and reducing GHG emissions from food production, increasing the use of renewable energy in transport.
TA5	;TA5.34;Food quality - Healthy Food;Health impact of diets: Reversing of the rise in overweight and obesity rates across the EU by 2030;TA4.5;Biofuels;Aviation fuel suppliers shall also ensure that Sustainable Aviation Fuel (SAF) made available to aircraft operators at each Union airport will be at least 2% from 2025, 6% from 2030, 20% from 2035, 34% from 2040, 42% from 2045 and 70% from 2050. Regulation (EU) 2023/2405;-;1;The implementation of TA5.34 could constrain the achievement of TA4.5 by limiting the options for aviation fuel suppliers and increasing the costs for sustainable aviation fuels.
TA5	;TA5.7;GHG Reduction;Ensure that agriculture, fisheries and aquaculture, and the food value chain contribute to the target of reducing net greenhouse gas emissions to at least 55% below 1990 levels by 2030 and to the achievement of the objective for a climate-neutral Union in 2050.;TA4.9;GHG Reduction - Transports;Cut the emissions of transport sector by 90% by 2050 relative to 1990. Sustainable and Smart Mobility Strategy;+;3;The implementation of TA5.7 could enable the achievement of TA4.9 by promoting sustainable agriculture and reducing GHG emissions from farming practices, increasing the use of renewable energy in transport.
TA5	;TA5.3;Improve Soils Health;Reduce nutrient losses by at least 50%, while ensuring that there is no deterioration in soil fertility.;TA4.20;Renewable Energy - Hydrogen Production;In the first phase, from 2020 up to 2024, the strategic objective is to install at least 6 GW of renewable hydrogen electrolysers in the EU. In the second phase, from 2025 up to 2030, the strategic objective is to install at least 40 GW of renewable hydrogen electrolysers. A Hydrogen Strategy for a climate-neutral Europe;+;3;The implementation of TA5.3 could support the achievement of TA4.20 by promoting sustainable agriculture and reducing GHG emissions from farming practices, increasing the availability of renewable energy and promoting the use of hydrogen as a clean energy source.
TA5	;TA5.8;Improve Water Quality;Water: Preserving freshwater, boosting water reuse in agriculture.;TA4.15;GHG Reduction - Transports;The average CO2 emissions of the Union fleet of new heavy-duty motor vehicles [...], off-road vehicles and off-road special purpose vehicles shall be reduced by the following percentages compared to the average CO2 emissions of the reporting period of the year 2019: (a) 15% for vehicle sub-groups 4-UD, 4-RD, 4-LH, 5-RD, 5-LH, 9-RD, 9-LH, 10-RD and 10-LH for the reporting periods of the years 2025 to 2029, (b) 45% for all vehicle sub-groups other than vocational vehicles for the reporting periods of the years 2030 to 2034, (c) 65% for all vehicle sub-groups for the reporting periods of the years 2035 to 2039, (d) 90% for all vehicle sub-groups for the reporting periods of the year 2040 onwards Regulation (EU) 2024/1610;-;1;The implementation of TA5.8 could constrain the achievement of TA4.15 by limiting the options for vehicle manufacturers and increasing the costs for sustainable vehicles.
TA5	;TA5.4;Pesticides Reduction;Reduce by 50% the use of more hazardous pesticides Target in Common with Biodiversity Strategy (see Thematic Area 6) and Zero Pollution Action Plan (see Thematic Area 7);TA4.26;Energy Infrastructure;Member States shall ensure that along the TEN-T core and comprehensive network, publicly accessible recharging pools dedicated to light-duty vehicles deployed in each direction of travel with a maximum distance of 60 km in-between them offering a power output of at least 600kW and including at least one recharging point with an individual power output of at least 150 kW. Regulation (EU) 2023/1804;+;1;The implementation of TA5.4 could enable the achievement of TA4.26 by promoting sustainable agriculture and reducing the use of hazardous pesticides, increasing the use of renewable energy in transport.
TA5	;TA5.5;Pesticides Reduction;Reduce by 50% the use and risk of chemical pesticides Target in Common with Biodiversity Strategy (see Thematic Area 6) and Zero Pollution Action Plan (see Thematic Area 7);TA4.27;Energy Infrastructure;Member States shall ensure that, by 31 December 2030 (with intermediate 2025 and 2027 targets), along the TEN-T core road network, publicly accessible recharging pools dedicated to heavy-duty electric vehicles are deployed in each direction of travel with a maximum distance of 60 km between them [...]. Along the TEN-T comprehensive road network, recharging pools dedicated to heavy-duty electric vehicles are deployed in each direction of travel with a maximum distance of 100 km between them and each recharging pool offers a power output of at least 1.500 kW and includes at least one recharging point with an individual power output of at least 350 kW. Regulation (EU) 2023/1804;+;1;The implementation of TA5.5 could enable the achievement of TA4.27 by promoting sustainable agriculture and reducing the use of chemical pesticides, increasing the use of renewable energy in heavy-duty transport.
TA5	;TA5.10;Renewable Energy;Energy: Increase renewable energy in the agriculture and food sector. Adopt energy efficiency solutions in the agriculture and food sector, by reducing energy consumption.;TA4.28;Energy Infrastructure;By 31 December 2030, in each safe and secure parking area at least four publicly accessible recharging stations dedicated to heavy-duty electric vehicles with an individual power output of at least 100 kW are deployed. Regulation (EU) 2023/1804;-;1;The implementation of TA5.10 could constrain the achievement of TA4.28 by limiting the options for heavy-duty electric vehicle manufacturers and increasing the costs for sustainable vehicles.
TA5	;TA5.16;Social Security - Workers Protection;Income distribution: Ensure fair income and salaries. Improve income of primary producers to ensure their sustainable livelihood.;TA4.29;Energy Infrastructure;By 31 December 2030, in each urban node publicly accessible recharging points dedicated to heavy-duty electric vehicles with an aggregated power output of at least 1 800 kW are deployed, provided by recharging stations with an individual power output of at least 150 kW. Regulation (EU) 2023/180;+;1;The implementation of TA5.16 could enable the achievement of TA4.29 by promoting fair income distribution and sustainable livelihoods for primary producers, increasing the use of renewable energy in transport.
TA5	;TA5.23;Social Security - Workers Protection;Employment and working conditions: Create new job opportunities. Improve working conditions, ensure occupation health and safety.;TA4.13;Net-Zero Technology - Road Vehicles;For [...] ‚Äö√Ñ√∫urban buses‚Äö√Ñ√π manufacturers shall comply with the 90% (in the reporting period 2030-2034) and 100% (as from 2035) minimum shares in their fleet of new heavy-duty vehicles Regulation (EU) 2024/1610;+;2;The implementation of TA5.23 could support the achievement of TA4.13 by promoting sustainable employment and working conditions, increasing the use of renewable energy in transport.
TA5	;TA5.24;Social Security - Workers Protection;Social protection and poverty: Ensure fair, inclusive and ethical value chains. Ensure workers‚Äö√Ñ√¥ social protection and housing conditions, promote socially responsible production methods, Mitigate the socio- economic consequences impacting the food chain and ensure that the key principles enshrined in the European Pillar of Social Rights are respected, especially when it comes to precarious, seasonal and undeclared workers.;TA4.6;Other Low-Carbon Fuels;Of the SAF targets reported above, synthetic aviation fuels should represent a minimum share of 1.2% from 2030, 5% from 2035, 10% from 2034, 15% from 2045, and 35% from 2050. Regulation (EU) 2023/2405;+;2;The implementation of TA5.24 could reinforce the achievement of TA4.6 by promoting fair and inclusive value chains, reducing social and economic impacts on workers and increasing the use of renewable energy in aviation.
TA5	;TA5.22;Transport Logistics;Transport, accessibility and infrastructure: Create shorter supply chains will support reducing dependence on long-haul transportation.;TA4.33;Energy Efficiency;Member States shall ensure that at least one installation providing shore-side electricity supply to inland waterway vessels is deployed at all TEN-T core inland waterway ports by 1 January 2025, at least one installation providing shore-side electricity supply to inland waterway vessels is deployed at all TEN-T comprehensive inland waterway ports by 1 January 2030. Regulation (EU) 2023/1804;+;1;The implementation of TA5.22 could enable the achievement of TA4.33 by promoting sustainable transport and reducing GHG emissions from transport, increasing the use of renewable energy in inland waterway transport.
TA5	;TA5.13;Waste Reduction - Food Waste;Reduce food waste. Prevent food loss and waste. Halve per capita food waste at retail and consumer levels* *See also Directive (EU) 2018/851 on waste with a target on food waste reduction of 30% by 2025;TA4.25;Energy Infrastructure;Member States shall ensure that, at the end of each year, the following power output targets are met cumulatively: (a) for each light-duty battery electric vehicle registered in their territory, a total power output of at least 1.3 kW is provided through publicly accessible recharging stations, and (b) for each light-duty plug-in hybrid vehicle registered in their territory, a total power output of at least 0.80 kW is provided through publicly accessible recharging stations. Regulation (EU) 2023/1804;-;1;The implementation of TA5.13 could constrain the achievement of TA4.25 by limiting the options for vehicle manufacturers and increasing the costs for sustainable vehicles.
TA5	;TA5.11;Biodiversity Protection & Conservation;Biodiversity conservation and restoration of natural resources: Protect the environment and restore natural resources. Preserve biodiversity and reduce biodiversity loss.;TA3.3;Circularity/Recycling;Double EU  circular material use rate in the coming decade;+;2;The implementation of TA5.11 will likely reinforce TA3.3, as biodiversity conservation and restoration can lead to increased circular material use, such as through the reuse of organic waste as fertilizers.
TA5	;TA5.14;Circularity/Recycling;Circular economy: Scale-up and promote sustainable and socially responsible production methods and circular business models in food processing and retail.;TA3.13;Circularity/Recycling - Critical Raw Materials - Batteries Recycling;By 2030, Union recycling capacity, including for all intermediate recycling steps, should be able of producing at least 25% of the Union  annual consumption of strategic raw materials;+;2;The implementation of TA5.14 will likely reinforce TA3.13, as the promotion of circular economy in food processing and retail can lead to increased recycling capacity for strategic raw materials.
TA5	;TA5.17;Competitive Agriculture;Sectorial growth: Help farmers and fishers to strengthen their position in the supply chain and to capture a fair share of the added value of sustainable production;TA3.16;Circularity/Recycling - Critical Raw Materials - Batteries Recycling;Producers of portable batteries or, where appointed in accordance with Article 57(1), producer responsibility organisations, shall attain, and maintain durably, at least the following collection targets for waste portable batteries;+;1;The implementation of TA5.17 will likely enable TA3.16, as the strengthening of farmers' and fishers' position in the supply chain can lead to increased collection targets for waste portable batteries.
TA5	;TA5.18;Competitive Agriculture;Market power and business structure: Improve agricultural rules that strengthen the position of farmers (e.g. producers of products with geographical indications), their cooperatives and producer organisations in the food supply chain.;TA3.20;Circularity/Recycling - Critical Raw Materials - Batteries Recycling;Recycling shall achieve at least the following targets for recycling efficiency: No later than 31 December 2025- 75% by average weight of lead-acid batteries- 80% by average weight of nickel-cadmium batteries - 50% by average weight of other waste batteries;+;1;The implementation of TA5.18 will likely enable TA3.20, as improved agricultural rules can lead to increased recycling efficiency for various types of waste batteries.
TA5	;TA5.20;Competitive Agriculture;Trade: Foster the competitiveness of the EU supply sector.;TA3.30;Circularity/Recycling - Municipal Waste;Each Member State shall reduce the packaging waste generated per capita, as compared to the packaging waste generated per capita in 2018 as reported to the Commission in accordance with Decision 2005/270/EC by 5% by 2030, 10% by 2035, 15% by 2040;+;1;The implementation of TA5.20 will likely reinforce TA3.30, as the competitiveness of the EU supply sector can lead to reduced packaging waste generation.
TA5	;TA5.35;Competitive Agriculture;Preparedness, shock resilience, adaptation and transformation: Strengthen the resilience of the EU food system. Build up resilience to climate change, possible future diseases and pandemics. Increasing the sustainability of food producers will ultimately increase their resilience.;TA3.24;Waste Reduction - Food Waste;Reduce the generation of food waste in processing and manufacturing by 10% in comparison to the amount generated in 2020;+;2;The implementation of TA5.35 will likely reinforce TA3.24, as the strengthening of the EU food system's resilience can lead to reduced food waste generation in processing and manufacturing.
TA5	;TA5.21;Digitalisation;Digitalisation and knowledge transfer. Ensure access to fast broadband to all farmers and all rural areas to achieve the objective of 100% access by 2025;TA3.11;Critical Raw Materials - Extraction & Import;Diversify the Union  imports of strategic raw materials with a view to ensuring that, by 2030, the Union  annual consumption of each strategic raw material at any relevant stage of processing can rely on imports from several third countries;+;1;The implementation of TA5.21 will likely enable TA3.11, as digitalisation and knowledge transfer can facilitate the diversification of imports of strategic raw materials.
TA5	;TA5.19;Food affordability;Price: Preserve the price affordability of food.;TA3.29;Circularity/Recycling - Plastic & Packaging;Member States shall take measures to achieve a sustained reduction in the consumption of lightweight plastic carrier bags on their territory.;+;1;The implementation of TA5.19 will likely reinforce TA3.29, as preserving price affordability of food can lead to reduced consumption of lightweight plastic carrier bags.
TA5	;TA5.29;Food affordability;Food availability: Improve availability of sustainable food. Ensure that the healthy option is always the easiest one. Ensure food supply.;TA3.1;Waste Reduction - Municipal Waste;Halve the amount of residual (non-recycled) municipal waste by 2030;+;2;The implementation of TA5.29 will likely reinforce TA3.1, as improved food availability can lead to reduced municipal waste generation.
TA5	;TA5.30;Food affordability;Food affordability: Ensure affordability to sufficient, nutritious and sustainable food;TA3.32;Circularity/Recycling - Plastic & Packaging;Member States shall take the necessary measures to attain a recycling target of 50% of plastic by weight of plastic contained in packaging waste generated by 31 December 2025, and of 55% by weight of plastic in packaging waste generated by 31 December 2030.;+;1;The implementation of TA5.30 will likely enable TA3.32, as ensuring food affordability can lead to increased recycling targets for plastic in packaging waste.
TA5	;TA5.32;Food affordability;Food security: Ensuring food security and access to quality, safe, sustainable, nutritious food for all.;TA3.33;Circularity/Recycling - Municipal Waste;Member States shall take the necessary measures to attain a recycling target of 25% of wood by weight of wood contained in packaging waste generated by 31 December 2025 and of 30% by 31 December 2030;+;1;The implementation of TA5.32 will likely reinforce TA3.33, as food security can lead to increased recycling targets for wood in packaging waste.
TA5	;TA5.12;Food quality;Genetic biodiversity of food production systems: Secure and ensure access to a range of quality seeds for plant varieties in order to adapt to the pressures of climate change.;TA3.52;Circularity/Recycling - Plastic & Packaging;At least 20% of the carbon used in the chemical and plastic products should be from sustainable non-fossil sources by 2030;+;2;The implementation of TA5.12 will likely reinforce TA3.52, as genetic biodiversity conservation can lead to increased use of sustainable non-fossil sources in chemical and plastic products.
TA5	;TA5.15;Food quality;Consumption footprint: Reduce the environmental and climate footprint of the EU food system, operating within planetary boundaries. Reduce the EU  contribution to global deforestation and forest degradation.;TA3.38;Circularity/Recycling - Vehicle Circularity;Each vehicle belonging to a vehicle type that is type-approved as of [the first day of the month following 72 months after the date of entry into force of this Regulation] under Regulation (EU) 2018/858 shall be constructed so that it is: (a) reusable/recyclable to a minimum of 85% by mass, (b) reusable/recoverable to a minimum of 95 % by mass.;+;1;The implementation of TA5.15 will likely enable TA3.38, as reduced consumption footprint can lead to increased recyclability and reusability of vehicles.
TA5	;TA5.6;Food quality;Aquatic living resources: Increase sustainable fishing and aquaculture. Bring fish stocks to sustainable levels. Significant increase in organic aquaculture;TA3.48;Circularity/Recycling - Vehicle Circularity;The plastic contained in each vehicle type that is type-approved as of [the first day of the month following 72 months after the date of entry into force of the Regulation] under Regulation (EU) 2018/858 shall contain a minimum of 25 % of plastic recycled by weight from post-consumer plastic waste;+;1;The implementation of TA5.6 will likely reinforce TA3.48, as sustainable fishing and aquaculture can lead to increased use of recycled plastic in vehicles.
TA5	;TA5.9;Food quality;Increase organic farming with the aim to achieve at least 25% of total farmland under organic farming by 2030;TA3.50;Circularity/Recycling - Vehicle Circularity;Member States shall ensure that the following targets are met by the waste management operators: (a) the reuse and recovery, as calculated together, shall be a minimum of 95 %, by average weight per vehicle, excluding batteries, and year, (b) the reuse and recycling, as calculated together, shall be a minimum of 85 %, by average weight per vehicle, excluding batteries, and year.;+;2;The implementation of TA5.9 will likely reinforce TA3.50, as increased organic farming can lead to improved waste management practices, including reuse and recycling.
TA5	;TA5.2;Food quality - Animal Welfare;Reduce overall EU sales of antimicrobials for farmed animals and in aquaculture by 50% by 2030.;TA3.51;Circularity/Recycling - Vehicle Circularity;Member States shall ensure that waste management operators achieve a yearly target for the recycling of plastics of at least 30 % of the total weight of plastics contained in the vehicles delivered to the waste management operators.;+;1;The implementation of TA5.2 will likely enable TA3.51, as reduced antimicrobial use can lead to increased recycling targets for plastics.
TA5	;TA5.25;Food quality - Animal Welfare;Animal welfare: Promote better animal welfare to improve animal health and food quality.;TA3.11;Critical Raw Materials - Extraction & Import;Diversify the Union  imports of strategic raw materials with a view to ensuring that, by 2030, the Union  annual consumption of each strategic raw material at any relevant stage of processing can rely on imports from several third countries;+;1;The implementation of TA5.25 will likely reinforce TA3.11, as improved animal welfare can lead to increased diversification of imports of strategic raw materials.
TA5	;TA5.27;Food quality - Healthy Food;Food messaging: Provide food information and labelling to empower consumers to make informed, healthy and sustainable food choices. Strengthen educational messages on the importance of healthy nutrition, sustainable food production and consumption, and reducing food waste;TA3.29;Circularity/Recycling - Plastic & Packaging;Member States shall take measures to achieve a sustained reduction in the consumption of lightweight plastic carrier bags on their territory.;+;1;The implementation of TA5.27 will likely reinforce TA3.29, as food messaging can lead to reduced consumption of lightweight plastic carrier bags.
TA5	;TA5.31;Food quality - Healthy Food;Properties of food: Increase reformulation of food products in line with guidelines for healthy and sustainable diets;TA3.20;Circularity/Recycling - Critical Raw Materials - Batteries Recycling;Recycling shall achieve at least the following targets for recycling efficiency: No later than 31 December 2025- 75% by average weight of lead-acid batteries- 80% by average weight of nickel-cadmium batteries - 50% by average weight of other waste batteries;+;1;The implementation of TA5.31 will likely enable TA3.20, as food reformulation can lead to increased recycling efficiency for various types of waste batteries.
TA5	;TA5.33;Food quality - Healthy Food;Nutrition and healthy, sustainable diets: Move to healthier and more sustainable diets.;TA3.32;Circularity/Recycling - Plastic & Packaging;Member States shall take the necessary measures to attain a recycling target of 50% of plastic by weight of plastic contained in packaging waste generated by 31 December 2025, and of 55% by weight of plastic in packaging waste generated by 31 December 2030;+;1;The implementation of TA5.33 will likely reinforce TA3.32, as healthier and more sustainable diets can lead to increased recycling targets for plastic in packaging waste.
TA5	;TA5.34;Food quality - Healthy Food;Health impact of diets: Reversing of the rise in overweight and obesity rates across the EU by 2030;TA3.1;Waste Reduction - Municipal Waste;Halve the amount of residual (non-recycled) municipal waste by 2030;+;2;The implementation of TA5.34 will likely reinforce TA3.1, as reversing the rise in overweight and obesity rates can lead to reduced municipal waste generation.
TA5	;TA5.7;GHG Reduction;Ensure that agriculture, fisheries and aquaculture, and the food value chain contribute to the target of reducing net greenhouse gas emissions to at least 55% below 1990 levels by 2030 and to the achievement of the objective for a climate-neutral Union in 2050;TA3.30;Circularity/Recycling - Municipal Waste;Each Member State shall reduce the packaging waste generated per capita, as compared to the packaging waste generated per capita in 2018 as reported to the Commission in accordance with Decision 2005/270/EC by 5% by 2030, 10% by 2035, 15% by 2040;+;1;The implementation of TA5.7 will likely reinforce TA3.30, as the contribution of the food value chain to climate neutrality can lead to reduced packaging waste generation.
TA5	;TA5.3;Improve Soils Health;Reduce nutrient losses by at least 50%, while ensuring that there is no deterioration in soil fertility.;TA3.27;Waste Reduction - Plastic & Packaging;All packaging shall be recyclable;+;1;The implementation of TA5.3 will likely enable TA3.27, as reduced nutrient losses can lead to increased recyclability of packaging.
TA5	;TA5.8;Improve Water Quality;Water: Preserving freshwater, boosting water reuse in agriculture.;TA3.28;Waste Reduction - Plastic & Packaging;The plastic part in packaging shall contain the following minimum percentage of recycled content recovered from post-consumer plastic waste;+;1;The implementation of TA5.8 will likely reinforce TA3.28, as water preservation and reuse can lead to increased use of recycled content in packaging.
TA5	;TA5.4;Pesticides Reduction;Reduce by 50% the use of more hazardous pesticides;TA3.38;Circularity/Recycling - Vehicle Circularity;Each vehicle belonging to a vehicle type that is type-approved as of [the first day of the month following 72 months after the date of entry into force of this Regulation] under Regulation (EU) 2018/858 shall be constructed so that it is: (a) reusable/recyclable to a minimum of 85% by mass, (b) reusable/recoverable to a minimum of 95 % by mass.;+;1;The implementation of TA5.4 will likely enable TA3.38, as reduced use of hazardous pesticides can lead to increased recyclability and reusability of vehicles.
TA5	;TA5.5;Pesticides Reduction;Reduce by 50% the use and risk of chemical pesticides;TA3.50;Circularity/Recycling - Vehicle Circularity;Member States shall ensure that the following targets are met by the waste management operators: (a) the reuse and recovery, as calculated together, shall be a minimum of 95 %, by average weight per vehicle, excluding batteries, and year, (b) the reuse and recycling, as calculated together, shall be a minimum of 85 %, by average weight per vehicle, excluding batteries, and year.;+;1;The implementation of TA5.5 will likely reinforce TA3.50, as reduced use of chemical pesticides can lead to improved waste management practices, including reuse and recycling.
TA5	;TA5.10;Renewable Energy;Energy: Increase renewable energy in the agriculture and food sector. Adopt energy efficiency solutions in the agriculture and food sector, by reducing energy consumption.;TA3.24;Waste Reduction - Food Waste;Reduce the generation of food waste in processing and manufacturing by 10% in comparison to the amount generated in 2020;+;1;The implementation of TA5.10 will likely enable TA3.24, as increased renewable energy and energy efficiency can lead to reduced food waste generation.
TA5	;TA5.16;Social Security - Workers Protection;Income distribution: Ensure fair income and salaries. Improve income of primary producers to ensure their sustainable livelihood.;TA3.25;Waste Reduction - Food Waste;Reduce the generation of food waste per capita, jointly in retail and other distribution of food, in restaurants and food services and in households, by 30% in comparison to the amount generated in 2020;+;1;The implementation of TA5.16 will likely reinforce TA3.25, as fair income distribution can lead to reduced food waste generation.
TA5	;TA5.23;Social Security - Workers Protection;Employment and working conditions: Create new job opportunities. Improve working conditions, ensure occupation health and safety.;TA3.30;Circularity/Recycling - Municipal Waste;Each Member State shall reduce the packaging waste generated per capita, as compared to the packaging waste generated per capita in 2018 as reported to the Commission in accordance with Decision 2005/270/EC by 5% by 2030, 10% by 2035, 15% by 2040;+;1;The implementation of TA5.23 will likely reinforce TA3.30, as improved employment and working conditions can lead to reduced packaging waste generation.
TA5	;TA5.24;Social Security - Workers Protection;Social protection and poverty: Ensure fair, inclusive and ethical value chains. Ensure workers‚Äô social protection and housing conditions, promote socially responsible production methods, Mitigate the socio-economic consequences impacting the food chain and ensure that the key principles enshrined in the European Pillar of Social Rights are respected, especially when it comes to precarious, seasonal and undeclared workers.;TA3.29;Circularity/Recycling - Plastic & Packaging;Member States shall take measures to achieve a sustained reduction in the consumption of lightweight plastic carrier bags on their territory.;+;1;The implementation of TA5.24 will likely reinforce TA3.29, as fair and inclusive value chains can lead to reduced consumption of lightweight plastic carrier bags.
TA5	;TA5.22;Transport Logistics;Transport, accessibility and infrastructure: Create shorter supply chains will support reducing dependence on long-haul transportation.;TA3.11;Critical Raw Materials - Extraction & Import;Diversify the Union  imports of strategic raw materials with a view to ensuring that, by 2030, the Union  annual consumption of each strategic raw material at any relevant stage of processing can rely on imports from several third countries;+;1;The implementation of TA5.22 will likely enable TA3.11, as shorter supply chains can facilitate the diversification of imports of strategic raw materials.
TA5	;TA5.13;Waste Reduction - Food Waste;Reduce food waste. Prevent food loss and waste. Halve per capita food waste at retail and consumer levels*;TA3.32;Circularity/Recycling - Plastic & Packaging;Member States shall take the necessary measures to attain a recycling target of 50% of plastic by weight of plastic contained in packaging waste generated by 31 December 2025, and of 55% by weight of plastic in packaging waste generated by 31 December 2030;+;1;The implementation of TA5.13 will likely reinforce TA3.32, as reduced food waste can lead to increased recycling targets for plastic in packaging waste.
TA5	;TA5.11;Biodiversity Protection & Conservation;Biodiversity conservation and restoration of natural resources: Protect the environment and restore natural resources. Preserve biodiversity and reduce biodiversity loss.;TA1.3;GHG Reduction;Reduce by at least 55% net GHG emissions compared to 1990 levels, by 2030;+;2;The reduction of GHG emissions will have a positive impact on biodiversity conservation and restoration of natural resources, as it will reduce pollution and promote sustainable land use.
TA5	;TA5.14;Circularity/Recycling;Circular economy: Scale-up and promote sustainable and socially responsible production methods and circular business models in food processing and retail.;TA1.9;GHG Reduction;EU ETS. The contribution of the sectors covered by the existing EU Emission trading System (EU ETS) with respect to the EU Climate ambition should be of -62% compared to 2005;+;1;The implementation of a circular economy in the food sector will be facilitated by the EU ETS, which will promote sustainable production methods and reduce waste.
TA5	;TA5.17;Competitive Agriculture;Sectorial growth: Help farmers and fishers to strengthen their position in the supply chain and to capture a fair share of the added value of sustainable production;TA1.11;GHG Reduction;ESR. Increased national targets in line with an EU- wide reduction of 40% in the ESR sectors compared to 2005;+;1;The ESR will support the growth of the agricultural sector by promoting sustainable production methods and reducing emissions, which will in turn help farmers and fishers to strengthen their position in the supply chain.
TA5	;TA5.18;Competitive Agriculture;Market power and business structure: Improve agricultural rules that strengthen the position of farmers (e.g. producers of products with geographical indications), their cooperatives and producer organisations in the food supply chain.;TA1.13;GHG Reduction;No debit rule. For the period from 2021 to 2025, each Member State shall ensure that greenhouse gas emissions from the sector do not exceed greenhouse gas removals;+;1;The no debit rule will promote sustainable agricultural practices, which will in turn strengthen the position of farmers and their cooperatives in the food supply chain.
TA5	;TA5.20;Competitive Agriculture;Trade: Foster the competitiveness of the EU supply sector.;TA1.10;GHG Reduction - Buildings;ETS2. Contribution of the buildings and road transport sectors of 43% emission reductions by 2030 compared to 2005;+;1;The ETS2 will promote the competitiveness of the EU supply sector by reducing emissions and promoting sustainable production methods.
TA5	;TA5.35;Competitive Agriculture;Preparedness, shock resilience, adaptation and transformation: Strengthen the resilience of the EU food system. Build up resilience to climate change, possible future diseases and pandemics. Increasing the sustainability of food producers will ultimately increase their resilience.;TA1.7;GHG Reduction;Reduce methane emissions by 35 to 37% compared to 2005 levels, by 2030;+;1;Reducing methane emissions will have a positive impact on the resilience of the EU food system, as it will reduce the environmental impact of agriculture and promote sustainable production methods.
TA5	;TA5.21;Digitalisation;Digitalisation and knowledge transfer. Ensure access to fast broadband to all farmers and all rural areas to achieve the objective of 100% access by 2025 (enabler for jobs, businesses, investments, improvement in quality of life in rural areas and enabler to mainstream precision farming and use of artificial intelligence;TA1.3;GHG Reduction;Reduce by at least 55% net GHG emissions compared to 1990 levels, by 2030;+;2;The digitalisation of the agricultural sector will be facilitated by the reduction of GHG emissions, which will promote sustainable production methods and reduce the environmental impact of agriculture.
TA5	;TA5.19;Food affordability;Price: Preserve the price affordability of food.;TA1.9;GHG Reduction;EU ETS. The contribution of the sectors covered by the existing EU Emission trading System (EU ETS) with respect to the EU Climate ambition should be of -62% compared to 2005;-;1;The EU ETS may have a negative impact on food prices, as it may increase production costs, which could affect the affordability of food.
TA5	;TA5.29;Food affordability;Food availability: Improve availability of sustainable food. Ensure that the healthy option is always the easiest one. Ensure food supply.;TA1.11;GHG Reduction;ESR. Increased national targets in line with an EU- wide reduction of 40% in the ESR sectors compared to 2005;+;1;The ESR will promote sustainable food production methods, which will improve the availability of sustainable food and ensure that healthy options are easily accessible.
TA5	;TA5.30;Food affordability;Food affordability: Ensure affordability to sufficient, nutritious and sustainable food;TA1.10;GHG Reduction - Buildings;ETS2. Contribution of the buildings and road transport sectors of 43% emission reductions by 2030 compared to 2005;-;1;The ETS2 may have a negative impact on food affordability, as it may increase production costs, which could affect the price of food.
TA5	;TA5.32;Food affordability;Food security: Ensuring food security and access to quality, safe, sustainable, nutritious food for all.;TA1.3;GHG Reduction;Reduce by at least 55% net GHG emissions compared to 1990 levels, by 2030;+;2;The reduction of GHG emissions will have a positive impact on food security, as it will reduce pollution and promote sustainable land use, ensuring access to quality and nutritious food.
TA5	;TA5.12;Food quality;Genetic biodiversity of food production systems: Secure and ensure access to a range of quality seeds for plant varieties in order to adapt to the pressures of climate change.;TA1.7;GHG Reduction;Reduce methane emissions by 35 to 37% compared to 2005 levels, by 2030;+;1;Reducing methane emissions will promote the conservation of genetic biodiversity, as it will reduce the environmental impact of agriculture and promote sustainable production methods.
TA5	;TA5.15;Food quality;Consumption footprint: Reduce the environmental and climate footprint of the EU food system, operating within planetary boundaries. Reduce the EU‚Äö√Ñ√¥s contribution to global deforestation and forest degradation.;TA1.9;GHG Reduction;EU ETS. The contribution of the sectors covered by the existing EU Emission trading System (EU ETS) with respect to the EU Climate ambition should be of -62% compared to 2005;+;1;The EU ETS will promote sustainable production methods, which will reduce the consumption footprint of the EU food system and promote sustainable land use.
TA5	;TA5.6;Food quality;Aquatic living resources: Increase sustainable fishing and aquaculture. Bring fish stocks to sustainable levels. Significant increase in organic aquaculture;TA1.11;GHG Reduction;ESR. Increased national targets in line with an EU- wide reduction of 40% in the ESR sectors compared to 2005;+;1;The ESR will support the growth of sustainable fishing and aquaculture, promoting sustainable production methods and reducing emissions.
TA5	;TA5.9;Food quality;Increase organic farming with the aim to achieve at least 25% of total farmland under organic farming by 2030 Target in Common with Biodiversity Strategy (see Thematic Area 6);TA1.3;GHG Reduction;Reduce by at least 55% net GHG emissions compared to 1990 levels, by 2030;+;2;The reduction of GHG emissions will promote organic farming, as it will reduce pollution and promote sustainable land use, ensuring the conservation of biodiversity.
TA5	;TA5.2;Food quality - Animal Welfare;Reduce overall EU sales of antimicrobials for farmed animals and in aquaculture by 50% by 2030.;TA1.9;GHG Reduction;EU ETS. The contribution of the sectors covered by the existing EU Emission trading System (EU ETS) with respect to the EU Climate ambition should be of -62% compared to 2005;-;1;The EU ETS may have a negative impact on the reduction of antimicrobials, as it may increase production costs, which could affect the use of antimicrobials.
TA5	;TA5.25;Food quality - Animal Welfare;Animal welfare: Promote better animal welfare to improve animal health and food quality.;TA1.10;GHG Reduction - Buildings;ETS2. Contribution of the buildings and road transport sectors of 43% emission reductions by 2030 compared to 2005;+;1;The ETS2 will promote sustainable production methods, which will improve animal welfare, as it will reduce emissions and promote sustainable land use.
TA5	;TA5.27;Food quality - Healthy Food;Food messaging: Provide food information and labelling to empower consumers to make informed, healthy and sustainable food choices. Strengthen educational messages on the importance of healthy nutrition, sustainable food production and consumption, and reducing food waste;TA1.3;GHG Reduction;Reduce by at least 55% net GHG emissions compared to 1990 levels, by 2030;+;2;The reduction of GHG emissions will promote sustainable food production methods, which will improve food quality and promote sustainable consumption patterns.
TA5	;TA5.31;Food quality - Healthy Food;Properties of food: Increase reformulation of food products in line with guidelines for healthy and sustainable diets;TA1.9;GHG Reduction;EU ETS. The contribution of the sectors covered by the existing EU Emission trading System (EU ETS) with respect to the EU Climate ambition should be of -62% compared to 2005;+;1;The EU ETS will promote sustainable food production methods, which will improve the properties of food, as it will reduce emissions and promote sustainable land use.
TA5	;TA5.33;Food quality - Healthy Food;Nutrition and healthy, sustainable diets: Move to healthier and more sustainable diets.;TA1.11;GHG Reduction;ESR. Increased national targets in line with an EU- wide reduction of 40% in the ESR sectors compared to 2005;+;1;The ESR will promote sustainable food production methods, which will improve nutrition and promote sustainable consumption patterns.
TA5	;TA5.34;Food quality - Healthy Food;Health impact of diets: Reversing of the rise in overweight and obesity rates across the EU by 2030;TA1.3;GHG Reduction;Reduce by at least 55% net GHG emissions compared to 1990 levels, by 2030;+;2;The reduction of GHG emissions will promote healthy and sustainable diets, as it will reduce pollution and promote sustainable land use, ensuring access to nutritious food.
TA5	;TA5.7;GHG Reduction;Ensure that agriculture, fisheries and aquaculture, and the food value chain contribute to the target of reducing net greenhouse gas emissions to at least 55% below 1990 levels by 2030 and to the achievement of the objective for a climate-neutral Union in 2050.;TA1.9;GHG Reduction;EU ETS. The contribution of the sectors covered by the existing EU Emission trading System (EU ETS) with respect to the EU Climate ambition should be of -62% compared to 2005;+;1;The EU ETS will promote sustainable production methods, which will reduce emissions and promote sustainable land use, ensuring the contribution of the agricultural sector to climate neutrality.
TA5	;TA5.3;Improve Soils Health;Reduce nutrient losses by at least 50%, while ensuring that there is no deterioration in soil fertility.;TA1.11;GHG Reduction;ESR. Increased national targets in line with an EU- wide reduction of 40% in the ESR sectors compared to 2005;+;1;The ESR will support the reduction of nutrient losses, as it will promote sustainable production methods and reduce emissions, ensuring soil fertility.
TA5	;TA5.8;Improve Water Quality;Water: Preserving freshwater, boosting water reuse in agriculture.;TA1.10;GHG Reduction - Buildings;ETS2. Contribution of the buildings and road transport sectors of 43% emission reductions by 2030 compared to 2005;+;1;The ETS2 will promote water conservation, as it will reduce emissions and promote sustainable land use, ensuring the preservation of freshwater.
TA5	;TA5.4;Pesticides Reduction;Reduce by 50% the use of more hazardous pesticides Target in Common with Biodiversity Strategy (see Thematic Area 6) and Zero Pollution Action Plan (see Thematic Area 7);TA1.9;GHG Reduction;EU ETS. The contribution of the sectors covered by the existing EU Emission trading System (EU ETS) with respect to the EU Climate ambition should be of -62% compared to 2005;-;1;The EU ETS may have a negative impact on the reduction of hazardous pesticides, as it may increase production costs, which could affect the use of pesticides.
TA5	;TA5.5;Pesticides Reduction;Reduce by 50% the use and risk of chemical pesticides Target in Common with Biodiversity Strategy (see Thematic Area 6) and Zero Pollution Action Plan (see Thematic Area 7);TA1.10;GHG Reduction - Buildings;ETS2. Contribution of the buildings and road transport sectors of 43% emission reductions by 2030 compared to 2005;-;1;The ETS2 may have a negative impact on the reduction of chemical pesticides, as it may increase production costs, which could affect the use of pesticides.
TA5	;TA5.10;Renewable Energy;Energy: Increase renewable energy in the agriculture and food sector. Adopt energy efficiency solutions in the agriculture and food sector, by reducing energy consumption.;TA1.3;GHG Reduction;Reduce by at least 55% net GHG emissions compared to 1990 levels, by 2030;+;2;The reduction of GHG emissions will promote the use of renewable energy, as it will reduce pollution and promote sustainable land use, ensuring access to renewable energy.
TA5	;TA5.16;Social Security - Workers Protection;Income distribution: Ensure fair income and salaries. Improve income of primary producers to ensure their sustainable livelihood.;TA1.11;GHG Reduction;ESR. Increased national targets in line with an EU- wide reduction of 40% in the ESR sectors compared to 2005;+;1;The ESR will support the improvement of income distribution, as it will promote sustainable production methods and reduce emissions, ensuring fair income for primary producers.
TA5	;TA5.23;Social Security - Workers Protection;Employment and working conditions: Create new job opportunities. Improve working conditions, ensure occupation health and safety.;TA1.10;GHG Reduction - Buildings;ETS2. Contribution of the buildings and road transport sectors of 43% emission reductions by 2030 compared to 2005;+;1;The ETS2 will promote sustainable production methods, which will improve working conditions, as it will reduce emissions and promote sustainable land use.
TA5	;TA5.24;Social Security - Workers Protection;Social protection and poverty: Ensure fair, inclusive and ethical value chains. Ensure workers‚Äö social protection and housing conditions, promote socially responsible production methods, Mitigate the socio- economic consequences impacting the food chain and ensure that the key principles enshrined in the European Pillar of Social Rights are respected, especially when it comes to precarious, seasonal and undeclared workers.;TA1.3;GHG Reduction;Reduce by at least 55% net GHG emissions compared to 1990 levels, by 2030;+;2;The reduction of GHG emissions will promote fair and inclusive value chains, as it will reduce pollution and promote sustainable land use, ensuring access to quality and nutritious food.
TA5	;TA5.22;Transport Logistics;Transport, accessibility and infrastructure: Create shorter supply chains will support reducing dependence on long-haul transportation.;TA1.9;GHG Reduction;EU ETS. The contribution of the sectors covered by the existing EU Emission trading System (EU ETS) with respect to the EU Climate ambition should be of -62% compared to 2005;+;1;The EU ETS will promote sustainable transport methods, which will reduce emissions and promote sustainable land use, ensuring access to sustainable food.
TA5	;TA5.13;Waste Reduction - Food Waste;Reduce food waste. Prevent food loss and waste. Halve per capita food waste at retail and consumer levels* *See also Directive (EU) 2018/851 on waste with a target on food waste reduction of 30% by 2025;TA1.11;GHG Reduction;ESR. Increased national targets in line with an EU- wide reduction of 40% in the ESR sectors compared to 2005;+;1;The ESR will support the reduction of food waste, as it will promote sustainable production methods and reduce emissions, ensuring access to quality and nutritious food.
TA5	;TA5.11;Biodiversity Protection & Conservation;Biodiversity conservation and restoration of natural resources: Protect the environment and restore natural resources. Preserve biodiversity and reduce biodiversity loss.;TA7.9;Improve Air Quality;Improve air quality to reduce the number of premature deaths caused by air pollution by 55% by 2030;+;2;The implementation of TA5.11 will likely reinforce TA7.9, as biodiversity conservation and restoration can contribute to improved air quality by reducing pollution from industrial activities and promoting sustainable land use.
TA5	;TA5.14;Circularity/Recycling;Circular economy: Scale-up and promote sustainable and socially responsible production methods and circular business models in food processing and retail.;TA7.4;Improve Air Quality;The Industrial Emissions Directive (IED) aims at preventing or reducing emissions from large industrial installations and intensive farming into the environment.;+;1;The implementation of TA5.14 may enable TA7.4, as circular economy practices can reduce waste and emissions from industrial activities, supporting the IED's objectives.
TA5	;TA5.17;Competitive Agriculture;Sectorial growth: Help farmers and fishers to strengthen their position in the supply chain and to capture a fair share of the added value of sustainable production;TA7.13;Improve Air Quality;Reduce by 25% the EU ecosystems where air pollution threatens biodiversity, by 2030;+;1;The implementation of TA5.17 may aid TA7.13, as sectorial growth can lead to more sustainable production practices, reducing air pollution and protecting biodiversity.
TA5	;TA5.18;Competitive Agriculture;Market power and business structure: Improve agricultural rules that strengthen the position of farmers (e.g. producers of products with geographical indications), their cooperatives and producer organisations in the food supply chain.;TA7.6;Improve Soils Health;Improve soil quality by reducing chemical pesticides‚Äô use by 50%, by 2030;+;1;The implementation of TA5.18 may support TA7.6, as improved market power and business structures can facilitate the adoption of sustainable agricultural practices, reducing chemical pesticide use.
TA5	;TA5.20;Competitive Agriculture;Trade: Foster the competitiveness of the EU supply sector.;TA7.10;Improve Water Quality;Improve water quality by reducing waste, plastic litter at sea (by 50%);+;1;The implementation of TA5.20 may aid TA7.10, as a competitive EU supply sector can promote sustainable trade practices, reducing waste and plastic litter.
TA5	;TA5.35;Competitive Agriculture;Preparedness, shock resilience, adaptation and transformation: Strengthen the resilience of the EU food system. Build up resilience to climate change, possible future diseases and pandemics. Increasing the sustainability of food producers will ultimately increase their resilience.;TA7.5;Improve Water Quality;The revised Urban Wastewater Treatment Directive (UWWTD) extends the scope of the 1991 UWWTD;+;1;The implementation of TA5.35 may enable TA7.5, as a resilient food system can support the effective implementation of the UWWTD, reducing pollution and improving water quality.
TA5	;TA5.21;Digitalisation;Digitalisation and knowledge transfer. Ensure access to fast broadband to all farmers and all rural areas to achieve the objective of 100% access by 2025 (enabler for jobs, businesses, investments, improvement in quality of life in rural areas and enabler to mainstream precision farming and use of artificial intelligence;TA7.16;Improve Water Quality;By means of an updated and harmonised list of pollutants affecting surface and groundwater, updated existing quality standards, new monitoring requirements, improved and more accessible data, and a more flexible framework for addressing pollutants of emerging concerns;+;1;The implementation of TA5.21 may support TA7.16, as digitalisation and knowledge transfer can facilitate the development of innovative solutions for water pollution monitoring and reduction.
TA5	;TA5.19;Food affordability;Price: Preserve the price affordability of food.;TA7.11;Improve Water Quality;Improve water quality by reducing microplastics released into the environment (by 30%);+;1;The implementation of TA5.19 may aid TA7.11, as affordable food prices can support sustainable consumption patterns, reducing microplastic use and pollution.
TA5	;TA5.29;Food affordability;Food availability: Improve availability of sustainable food. Ensure that the healthy option is always the easiest one. Ensure food supply.;TA7.14;Noise Reduction;Reduce the share of people chronically disturbed by transport noise by 30%, by 2030;+;1;The implementation of TA5.29 may enable TA7.14, as improved food availability and sustainable food systems can reduce the need for transportation, lowering noise pollution.
TA5	;TA5.30;Food affordability;Food affordability: Ensure affordability to sufficient, nutritious and sustainable food;TA7.8;Improve Soils Health;Improve soil quality by reducing nutrient losses use by 50%, by 2030;+;1;The implementation of TA5.30 may support TA7.8, as affordable and sustainable food can promote sustainable agricultural practices, reducing nutrient losses and improving soil quality.
TA5	;TA5.32;Food affordability;Food security: Ensuring food security and access to quality, safe, sustainable, nutritious food for all.;TA7.15;Improve Soils Health;Having all soils in healthy condition by 2050;+;2;The implementation of TA5.32 may reinforce TA7.15, as food security and sustainable food systems can contribute to maintaining healthy soils, supporting the long-term objective of having all soils in healthy condition.
TA5	;TA5.12;Food quality;Genetic biodiversity of food production systems: Secure and ensure access to a range of quality seeds for plant varieties in order to adapt to the pressures of climate change.;TA7.4;Improve Air Quality;The Industrial Emissions Directive (IED) aims at preventing or reducing emissions from large industrial installations and intensive farming into the environment.;+;1;The implementation of TA5.12 may enable TA7.4, as genetic biodiversity can support the development of climate-resilient crop and animal varieties, reducing emissions from industrial activities.
TA5	;TA5.15;Food quality;Consumption footprint: Reduce the environmental and climate footprint of the EU food system, operating within planetary boundaries. Reduce the EU  contribution to global deforestation and forest degradation.;TA7.9;Improve Air Quality;Improve air quality to reduce the number of premature deaths caused by air pollution by 55% by 2030;+;2;The implementation of TA5.15 may reinforce TA7.9, as reducing the consumption footprint can lead to improved air quality, supporting the objective of reducing premature deaths caused by air pollution.
TA5	;TA5.6;Food quality;Aquatic living resources: Increase sustainable fishing and aquaculture. Bring fish stocks to sustainable levels. Significant increase in organic aquaculture;TA7.13;Improve Air Quality;Reduce by 25% the EU ecosystems where air pollution threatens biodiversity, by 2030;+;1;The implementation of TA5.6 may aid TA7.13, as sustainable fishing and aquaculture practices can reduce air pollution, protecting biodiversity.
TA5	;TA5.9;Food quality;Increase organic farming with the aim to achieve at least 25% of total farmland under organic farming by 2030 Target in Common with Biodiversity Strategy (see Thematic Area 6);TA7.6;Improve Soils Health;Improve soil quality by reducing chemical pesticides‚Äô use by 50%, by 2030;+;2;The implementation of TA5.9 may reinforce TA7.6, as organic farming can reduce chemical pesticide use, improving soil quality.
TA5	;TA5.2;Food quality - Animal Welfare;Reduce overall EU sales of antimicrobials for farmed animals and in aquaculture by 50% by 2030.;TA7.10;Improve Water Quality;Improve water quality by reducing waste, plastic litter at sea (by 50%);+;1;The implementation of TA5.2 may support TA7.10, as reducing antimicrobial use can lead to improved water quality, reducing waste and plastic litter.
TA5	;TA5.25;Food quality - Animal Welfare;Animal welfare: Promote better animal welfare to improve animal health and food quality.;TA7.5;Improve Water Quality;The revised Urban Wastewater Treatment Directive (UWWTD) extends the scope of the 1991 UWWTD;+;1;The implementation of TA5.25 may enable TA7.5, as improved animal welfare can support the effective implementation of the UWWTD, reducing pollution and improving water quality.
TA5	;TA5.27;Food quality - Healthy Food;Food messaging: Provide food information and labelling to empower consumers to make informed, healthy and sustainable food choices. Strengthen educational messages on the importance of healthy nutrition, sustainable food production and consumption, and reducing food waste;TA7.16;Improve Water Quality;By means of an updated and harmonised list of pollutants affecting surface and groundwater, updated existing quality standards, new monitoring requirements, improved and more accessible data, and a more flexible framework for addressing pollutants of emerging concerns;+;1;The implementation of TA5.27 may support TA7.16, as food messaging and labelling can facilitate the development of innovative solutions for water pollution monitoring and reduction.
TA5	;TA5.31;Food quality - Healthy Food;Properties of food: Increase reformulation of food products in line with guidelines for healthy and sustainable diets;TA7.11;Improve Water Quality;Improve water quality by reducing microplastics released into the environment (by 30%);+;1;The implementation of TA5.31 may aid TA7.11, as reformulated food products can reduce microplastic use and pollution.
TA5	;TA5.33;Food quality - Healthy Food;Nutrition and healthy, sustainable diets: Move to healthier and more sustainable diets.;TA7.14;Noise Reduction;Reduce the share of people chronically disturbed by transport noise by 30%, by 2030;+;1;The implementation of TA5.33 may enable TA7.14, as healthier and more sustainable diets can reduce the need for transportation, lowering noise pollution.
TA5	;TA5.34;Food quality - Healthy Food;Health impact of diets: Reversing of the rise in overweight and obesity rates across the EU by 2030;TA7.8;Improve Soils Health;Improve soil quality by reducing nutrient losses use by 50%, by 2030;+;1;The implementation of TA5.34 may support TA7.8, as healthier diets can promote sustainable agricultural practices, reducing nutrient losses and improving soil quality.
TA5	;TA5.7;GHG Reduction;Ensure that agriculture, fisheries and aquaculture, and the food value chain contribute to the target of reducing net greenhouse gas emissions to at least 55% below 1990 levels by 2030 and to the achievement of the objective for a climate-neutral Union in 2050;TA7.15;Improve Soils Health;Having all soils in healthy condition by 2050;+;2;The implementation of TA5.7 may reinforce TA7.15, as climate-neutral agriculture and food systems can contribute to maintaining healthy soils, supporting the long-term objective of having all soils in healthy condition.
TA5	;TA5.3;Improve Soils Health;Reduce nutrient losses by at least 50%, while ensuring that there is no deterioration in soil fertility.;TA7.4;Improve Air Quality;The Industrial Emissions Directive (IED) aims at preventing or reducing emissions from large industrial installations and intensive farming into the environment.;+;1;The implementation of TA5.3 may enable TA7.4, as reduced nutrient losses can support the IED's objectives, reducing emissions from industrial activities.
TA5	;TA5.8;Improve Water Quality;Water: Preserving freshwater, boosting water reuse in agriculture.;TA7.10;Improve Water Quality;Improve water quality by reducing waste, plastic litter at sea (by 50%);+;1;The implementation of TA5.8 may aid TA7.10, as water preservation and reuse can reduce waste and plastic litter, improving water quality.
TA5	;TA5.4;Pesticides Reduction;Reduce by 50% the use of more hazardous pesticides Target in Common with Biodiversity Strategy (see Thematic Area 6) and Zero Pollution Action Plan (see Thematic Area 7);TA7.6;Improve Soils Health;Improve soil quality by reducing chemical pesticides‚Äô use by 50%, by 2030;+;2;The implementation of TA5.4 may reinforce TA7.6, as reducing hazardous pesticide use can improve soil quality, supporting the objective of reducing chemical pesticide use.
TA5	;TA5.5;Pesticides Reduction;Reduce by 50% the use and risk of chemical pesticides Target in Common with Biodiversity Strategy (see Thematic Area 6) and Zero Pollution Action Plan (see Thematic Area 7);TA7.9;Improve Air Quality;Improve air quality to reduce the number of premature deaths caused by air pollution by 55% by 2030;+;2;The implementation of TA5.5 may reinforce TA7.9, as reducing chemical pesticide use can improve air quality, supporting the objective of reducing premature deaths caused by air pollution.
TA5	;TA5.10;Renewable Energy;Energy: Increase renewable energy in the agriculture and food sector. Adopt energy efficiency solutions in the agriculture and food sector, by reducing energy consumption.;TA7.5;Improve Water Quality;The revised Urban Wastewater Treatment Directive (UWWTD) extends the scope of the 1991 UWWTD;+;1;The implementation of TA5.10 may enable TA7.5, as renewable energy and energy efficiency can support the effective implementation of the UWWTD, reducing pollution and improving water quality.
TA5	;TA5.16;Social Security - Workers Protection;Income distribution: Ensure fair income and salaries. Improve income of primary producers to ensure their sustainable livelihood.;TA7.16;Improve Water Quality;By means of an updated and harmonised list of pollutants affecting surface and groundwater, updated existing quality standards, new monitoring requirements, improved and more accessible data, and a more flexible framework for addressing pollutants of emerging concerns;+;1;The implementation of TA5.16 may support TA7.16, as fair income distribution can facilitate the development of innovative solutions for water pollution monitoring and reduction.
TA5	;TA5.23;Social Security - Workers Protection;Employment and working conditions: Create new job opportunities. Improve working conditions, ensure occupation health and safety.;TA7.13;Improve Air Quality;Reduce by 25% the EU ecosystems where air pollution threatens biodiversity, by 2030;+;1;The implementation of TA5.23 may aid TA7.13, as improved employment and working conditions can support sustainable practices, reducing air pollution and protecting biodiversity.
TA5	;TA5.24;Social Security - Workers Protection;Social protection and poverty: Ensure fair, inclusive and ethical value chains. Ensure workers‚Äô social protection and housing conditions, promote socially responsible production methods, Mitigate the socio-economic consequences impacting the food chain and ensure that the key principles enshrined in the European Pillar of Social Rights are respected, especially when it comes to precarious, seasonal and undeclared workers.;TA7.14;Noise Reduction;Reduce the share of people chronically disturbed by transport noise by 30%, by 2030;+;1;The implementation of TA5.24 may enable TA7.14, as social protection and fair value chains can reduce the need for transportation, lowering noise pollution.
TA5	;TA5.22;Transport Logistics;Transport, accessibility and infrastructure: Create shorter supply chains will support reducing dependence on long-haul transportation.;TA7.8;Improve Soils Health;Improve soil quality by reducing nutrient losses use by 50%, by 2030;+;1;The implementation of TA5.22 may aid TA7.8, as shorter supply chains can reduce transportation-related emissions, supporting sustainable soil management practices.
TA5	;TA5.13;Waste Reduction - Food Waste;Reduce food waste. Prevent food loss and waste. Halve per capita food waste at retail and consumer levels* *See also Directive (EU) 2018/851 on waste with a target on food waste reduction of 30% by 2025;TA7.15;Improve Soils Health;Having all soils in healthy condition by 2050;+;2;The implementation of TA5.13 may reinforce TA7.15, as reducing food waste can support sustainable soil management practices, maintaining healthy soils.
TA5	;TA5.7;GHG Reduction;Ensure that agriculture, fisheries and aquaculture, and the food value chain contribute to the target of reducing net greenhouse gas emissions to at least 55% below 1990 levels by 2030 and to the achievement of the objective for a climate-neutral Union in 2050;TA7.4;Improve Air Quality;The Industrial Emissions Directive (IED) aims at preventing or reducing emissions from large industrial installations and intensive farming into the environment.;+;1;The implementation of TA5.7 may enable TA7.4, as climate-neutral agriculture and food systems can reduce emissions from industrial activities, supporting the IED's objectives.
TA5	;TA5.11;Biodiversity Protection & Conservation;Biodiversity conservation and restoration of natural resources: Protect the environment and restore natural resources. Preserve biodiversity and reduce biodiversity loss.;TA2.41;Energy Efficiency;Member States are required to achieve cumulative end-use energy savings from 2021 to 2030, equivalent to new annual savings of at least 0.8% of final energy consumption in 2021-2023, at least 1.3% in 2024-2025, 1.5% in 2026-2027 and 1.9% in 2028-2030. Directive (EU) 2023/1791);+;2;The implementation of TA5.11 will likely reinforce TA2.41 as the reduction of energy consumption and the promotion of renewable energy sources can contribute to the protection of biodiversity and the restoration of natural resources, which in turn can support the achievement of energy savings targets.
TA5	;TA5.14;Circularity/Recycling;Circular economy: Scale-up and promote sustainable and socially responsible production methods and circular business models in food processing and retail.;TA2.25;Energy Efficiency - Buildings;Reduce buildings‚Äô final energy consumption by 14%;+;1;The implementation of TA5.14 can enable TA2.25 as the adoption of circular economy practices in the food sector can lead to reduced energy consumption in buildings, thereby contributing to the reduction of final energy consumption.
TA5	;TA5.17;Competitive Agriculture;Sectorial growth: Help farmers and fishers to strengthen their position in the supply chain and to capture a fair share of the added value of sustainable production;TA2.9;Renewable Energy;Member States shall collectively ensure that the share of energy from renewable sources in the Union  gross final consumption of energy in 2030 is at least 42.5%;+;2;The implementation of TA5.17 can reinforce TA2.9 as the growth of the agricultural sector can be supported by the increased use of renewable energy sources, which can contribute to the achievement of the renewable energy target.
TA5	;TA5.18;Competitive Agriculture;Market power and business structure: Improve agricultural rules that strengthen the position of farmers (e.g. producers of products with geographical indications), their cooperatives and producer organisations in the food supply chain.;TA2.21;Energy Efficiency;Member States shall ensure that the total final energy consumption of all public bodies combined is reduced by at least 1.9% each year, when compared to 2021;+;1;The implementation of TA5.18 can enable TA2.21 as the improvement of agricultural rules can lead to increased energy efficiency in public bodies, thereby contributing to the reduction of their energy consumption.
TA5	;TA5.20;Competitive Agriculture;Trade: Foster the competitiveness of the EU supply sector.;TA2.4;Energy Efficiency - Buildings;Double the current deployment rate of individual heat pumps, resulting in a cumulative 10 million units by 2027 and 30 million units by 2030;+;2;The implementation of TA5.20 can reinforce TA2.4 as the increased competitiveness of the EU supply sector can support the growth of the heat pump market, leading to increased deployment rates.
TA5	;TA5.35;Competitive Agriculture;Preparedness, shock resilience, adaptation and transformation: Strengthen the resilience of the EU food system. Build up resilience to climate change, possible future diseases and pandemics. Increasing the sustainability of food producers will ultimately increase their resilience.;TA2.37;Renewable Energy;By 2030, the share of renewable energy in the electricity mix should double to 55-60%;+;3;The implementation of TA5.35 can reinforce TA2.37 as the increased resilience of the food system can support the integration of renewable energy sources, leading to a higher share of renewable energy in the electricity mix.
TA5	;TA5.21;Digitalisation;Digitalisation and knowledge transfer. Ensure access to fast broadband to all farmers and all rural areas to achieve the objective of 100% access by 2025 (enabler for jobs, businesses, investments, improvement in quality of life in rural areas and enabler to mainstream precision farming and use of artificial intelligence;TA2.1;Renewable Energy - Hydrogen Production;REPowerEU sets a target of 10 million tonnes of domestic renewable hydrogen production and 10 million tonnes of renewable hydrogen imports by 2030;+;2;The implementation of TA5.21 can enable TA2.1 as the increased access to digital technologies and knowledge transfer can support the development of renewable hydrogen production and imports.
TA5	;TA5.19;Food affordability;Price: Preserve the price affordability of food.;TA2.25;Energy Efficiency - Buildings;Reduce buildings‚Äô final energy consumption by 14%;+;1;The implementation of TA5.19 can enable TA2.25 as the preservation of food price affordability can lead to reduced energy consumption in buildings, thereby contributing to the reduction of final energy consumption.
TA5	;TA5.29;Food affordability;Food availability: Improve availability of sustainable food. Ensure that the healthy option is always the easiest one. Ensure food supply.;TA2.9;Renewable Energy;Member States shall collectively ensure that the share of energy from renewable sources in the Union  gross final consumption of energy in 2030 is at least 42.5%;+;2;The implementation of TA5.29 can reinforce TA2.9 as the improved availability of sustainable food can support the achievement of the renewable energy target by promoting sustainable food production and consumption practices.
TA5	;TA5.30;Food affordability;Food affordability: Ensure affordability to sufficient, nutritious and sustainable food;TA2.21;Energy Efficiency;Member States shall ensure that the total final energy consumption of all public bodies combined is reduced by at least 1.9% each year, when compared to 2021;+;1;The implementation of TA5.30 can enable TA2.21 as the increased affordability of sustainable food can lead to reduced energy consumption in public bodies, thereby contributing to the reduction of their energy consumption.
TA5	;TA5.32;Food affordability;Food security: Ensuring food security and access to quality, safe, sustainable, nutritious food for all.;TA2.4;Energy Efficiency - Buildings;Double the current deployment rate of individual heat pumps, resulting in a cumulative 10 million units by 2027 and 30 million units by 2030;+;2;The implementation of TA5.32 can reinforce TA2.4 as the improved food security can support the growth of the heat pump market, leading to increased deployment rates.
TA5	;TA5.12;Food quality;Genetic biodiversity of food production systems: Secure and ensure access to a range of quality seeds for plant varieties in order to adapt to the pressures of climate change.;TA2.37;Renewable Energy;By 2030, the share of renewable energy in the electricity mix should double to 55-60%;+;3;The implementation of TA5.12 can reinforce TA2.37 as the improved genetic biodiversity can support the integration of renewable energy sources, leading to a higher share of renewable energy in the electricity mix.
TA5	;TA5.15;Food quality;Consumption footprint: Reduce the environmental and climate footprint of the EU food system, operating within planetary boundaries. Reduce the EU  contribution to global deforestation and forest degradation.;TA2.9;Renewable Energy;Member States shall collectively ensure that the share of energy from renewable sources in the Union  gross final consumption of energy in 2030 is at least 42.5%;+;2;The implementation of TA5.15 can reinforce TA2.9 as the reduced consumption footprint can support the achievement of the renewable energy target by promoting sustainable food production and consumption practices.
TA5	;TA5.6;Food quality;Aquatic living resources: Increase sustainable fishing and aquaculture. Bring fish stocks to sustainable levels. Significant increase in organic aquaculture;TA2.25;Energy Efficiency - Buildings;Reduce buildings‚Äô final energy consumption by 14%;+;1;The implementation of TA5.6 can enable TA2.25 as the growth of sustainable fishing and aquaculture can lead to reduced energy consumption in buildings, thereby contributing to the reduction of final energy consumption.
TA5	;TA5.9;Food quality;Increase organic farming with the aim to achieve at least 25% of total farmland under organic farming by 2030 Target in Common with Biodiversity Strategy (see Thematic Area 6);TA2.1;Renewable Energy - Hydrogen Production;REPowerEU sets a target of 10 million tonnes of domestic renewable hydrogen production and 10 million tonnes of renewable hydrogen imports by 2030;+;2;The implementation of TA5.9 can enable TA2.1 as the increased organic farming can support the development of renewable hydrogen production and imports.
TA5	;TA5.2;Food quality - Animal Welfare;Reduce overall EU sales of antimicrobials for farmed animals and in aquaculture by 50% by 2030.;TA2.41;Energy Efficiency;Member States are required to achieve cumulative end-use energy savings from 2021 to 2030, equivalent to new annual savings of at least 0.8% of final energy consumption in 2021-2023, at least 1.3% in 2024-2025, 1.5% in 2026-2027 and 1.9% in 2028-2030. Directive (EU) 2023/1791);+;2;The implementation of TA5.2 can reinforce TA2.41 as the reduction of antimicrobial use can contribute to the protection of biodiversity and the restoration of natural resources, which in turn can support the achievement of energy savings targets.
TA5	;TA5.25;Food quality - Animal Welfare;Animal welfare: Promote better animal welfare to improve animal health and food quality.;TA2.21;Energy Efficiency;Member States shall ensure that the total final energy consumption of all public bodies combined is reduced by at least 1.9% each year, when compared to 2021;+;1;The implementation of TA5.25 can enable TA2.21 as the improved animal welfare can lead to reduced energy consumption in public bodies, thereby contributing to the reduction of their energy consumption.
TA5	;TA5.27;Food quality - Healthy Food;Food messaging: Provide food information and labelling to empower consumers to make informed, healthy and sustainable food choices. Strengthen educational messages on the importance of healthy nutrition, sustainable food production and consumption, and reducing food waste;TA2.25;Energy Efficiency - Buildings;Reduce buildings‚Äô final energy consumption by 14%;+;1;The implementation of TA5.27 can enable TA2.25 as the improved food messaging can lead to reduced energy consumption in buildings, thereby contributing to the reduction of final energy consumption.
TA5	;TA5.31;Food quality - Healthy Food;Properties of food: Increase reformulation of food products in line with guidelines for healthy and sustainable diets;TA2.9;Renewable Energy;Member States shall collectively ensure that the share of energy from renewable sources in the Union  gross final consumption of energy in 2030 is at least 42.5%;+;2;The implementation of TA5.31 can reinforce TA2.9 as the improved food properties can support the achievement of the renewable energy target by promoting sustainable food production and consumption practices.
TA5	;TA5.33;Food quality - Healthy Food;Nutrition and healthy, sustainable diets: Move to healthier and more sustainable diets.;TA2.4;Energy Efficiency - Buildings;Double the current deployment rate of individual heat pumps, resulting in a cumulative 10 million units by 2027 and 30 million units by 2030;+;2;The implementation of TA5.33 can reinforce TA2.4 as the improved nutrition and diets can support the growth of the heat pump market, leading to increased deployment rates.
TA5	;TA5.34;Food quality - Healthy Food;Health impact of diets: Reversing of the rise in overweight and obesity rates across the EU by 2030;TA2.37;Renewable Energy;By 2030, the share of renewable energy in the electricity mix should double to 55-60%;+;3;The implementation of TA5.34 can reinforce TA2.37 as the improved health impact of diets can support the integration of renewable energy sources, leading to a higher share of renewable energy in the electricity mix.
TA5	;TA5.7;GHG Reduction;Ensure that agriculture, fisheries and aquaculture, and the food value chain contribute to the target of reducing net greenhouse gas emissions to at least 55% below 1990 levels by 2030 and to the achievement of the objective for a climate-neutral Union in 2050;TA2.1;Renewable Energy - Hydrogen Production;REPowerEU sets a target of 10 million tonnes of domestic renewable hydrogen production and 10 million tonnes of renewable hydrogen imports by 2030;+;2;The implementation of TA5.7 can enable TA2.1 as the reduced greenhouse gas emissions can support the development of renewable hydrogen production and imports.
TA5	;TA5.3;Improve Soils Health;Reduce nutrient losses by at least 50%, while ensuring that there is no deterioration in soil fertility.;TA2.41;Energy Efficiency;Member States are required to achieve cumulative end-use energy savings from 2021 to 2030, equivalent to new annual savings of at least 0.8% of final energy consumption in 2021-2023, at least 1.3% in 2024-2025, 1.5% in 2026-2027 and 1.9% in 2028-2030. Directive (EU) 2023/1791);+;2;The implementation of TA5.3 can reinforce TA2.41 as the reduced nutrient losses can contribute to the protection of biodiversity and the restoration of natural resources, which in turn can support the achievement of energy savings targets.
TA5	;TA5.8;Improve Water Quality;Water: Preserving freshwater, boosting water reuse in agriculture.;TA2.25;Energy Efficiency - Buildings;Reduce buildings‚Äô final energy consumption by 14%;+;1;The implementation of TA5.8 can enable TA2.25 as the preservation of freshwater can lead to reduced energy consumption in buildings, thereby contributing to the reduction of final energy consumption.
TA5	;TA5.4;Pesticides Reduction;Reduce by 50% the use of more hazardous pesticides Target in Common with Biodiversity Strategy (see Thematic Area 6) and Zero Pollution Action Plan (see Thematic Area 7);TA2.21;Energy Efficiency;Member States shall ensure that the total final energy consumption of all public bodies combined is reduced by at least 1.9% each year, when compared to 2021;+;1;The implementation of TA5.4 can enable TA2.21 as the reduced use of hazardous pesticides can lead to reduced energy consumption in public bodies, thereby contributing to the reduction of their energy consumption.
TA5	;TA5.5;Pesticides Reduction;Reduce by 50% the use and risk of chemical pesticides Target in Common with Biodiversity Strategy (see Thematic Area 6) and Zero Pollution Action Plan (see Thematic Area 7);TA2.4;Energy Efficiency - Buildings;Double the current deployment rate of individual heat pumps, resulting in a cumulative 10 million units by 2027 and 30 million units by 2030;+;2;The implementation of TA5.5 can reinforce TA2.4 as the reduced use of chemical pesticides can support the growth of the heat pump market, leading to increased deployment rates.
TA5	;TA5.10;Renewable Energy;Energy: Increase renewable energy in the agriculture and food sector. Adopt energy efficiency solutions in the agriculture and food sector, by reducing energy consumption.;TA2.37;Renewable Energy;By 2030, the share of renewable energy in the electricity mix should double to 55-60%;+;3;The implementation of TA5.10 can reinforce TA2.37 as the increased renewable energy can support the integration of renewable energy sources, leading to a higher share of renewable energy in the electricity mix.
TA5	;TA5.16;Social Security - Workers Protection;Income distribution: Ensure fair income and salaries. Improve income of primary producers to ensure their sustainable livelihood.;TA2.9;Renewable Energy;Member States shall collectively ensure that the share of energy from renewable sources in the Union  gross final consumption of energy in 2030 is at least 42.5%;+;2;The implementation of TA5.16 can reinforce TA2.9 as the improved income distribution can support the achievement of the renewable energy target by promoting sustainable food production and consumption practices.
TA5	;TA5.23;Social Security - Workers Protection;Employment and working conditions: Create new job opportunities. Improve working conditions, ensure occupation health and safety.;TA2.21;Energy Efficiency;Member States shall ensure that the total final energy consumption of all public bodies combined is reduced by at least 1.9% each year, when compared to 2021;+;1;The implementation of TA5.23 can enable TA2.21 as the improved employment and working conditions can lead to reduced energy consumption in public bodies, thereby contributing to the reduction of their energy consumption.
TA5	;TA5.24;Social Security - Workers Protection;Social protection and poverty: Ensure fair, inclusive and ethical value chains. Ensure workers‚Äô social protection and housing conditions, promote socially responsible production methods, Mitigate the socio-economic consequences impacting the food chain and ensure that the key principles enshrined in the European Pillar of Social Rights are respected, especially when it comes to precarious, seasonal and undeclared workers.;TA2.4;Energy Efficiency - Buildings;Double the current deployment rate of individual heat pumps, resulting in a cumulative 10 million units by 2027 and 30 million units by 2030;+;2;The implementation of TA5.24 can reinforce TA2.4 as the improved social protection and poverty reduction can support the growth of the heat pump market, leading to increased deployment rates.
TA5	;TA5.22;Transport Logistics;Transport, accessibility and infrastructure: Create shorter supply chains will support reducing dependence on long-haul transportation.;TA2.25;Energy Efficiency - Buildings;Reduce buildings‚Äô final energy consumption by 14%;+;1;The implementation of TA5.22 can enable TA2.25 as the reduced transportation needs can lead to reduced energy consumption in buildings, thereby contributing to the reduction of final energy consumption.
TA5	;TA5.13;Waste Reduction - Food Waste;Reduce food waste. Prevent food loss and waste. Halve per capita food waste at retail and consumer levels* *See also Directive (EU) 2018/851 on waste with a target on food waste reduction of 30% by 2025;TA2.9;Renewable Energy;Member States shall collectively ensure that the share of energy from renewable sources in the Union  gross final consumption of energy in 2030 is at least 42.5%;+;2;The implementation of TA5.13 can reinforce TA2.9 as the reduced food waste can support the achievement of the renewable energy target by promoting sustainable food production and consumption practices.
TA6	;TA6.1;Biodiversity Protection & Conservation;1.a Legally protect a minimum of 30% of the EU  land area;TA2.41;Energy Efficiency;Member States are required to achieve cumulative end-use energy savings from 2021 to 2030, equivalent to new annual savings of at least 0.8% of final energy consumption in 2021-2023, at least 1.3% in 2024-2025, 1.5% in 2026-2027 and 1.9% in 2028-2030. Directive (EU) 2023/1791;-;2;The implementation of TA6.1, which aims to protect at least 30% of the EU's land area, may counteract TA2.41, which aims to achieve cumulative end-use energy savings, as the protection of land areas may limit the availability of land for renewable energy production, thus potentially increasing energy costs and reducing the feasibility of achieving energy savings.
TA6	;TA6.1;Biodiversity Protection & Conservation;1.a Legally protect a minimum of 30% of the EU  land area;TA2.1;Renewable Energy - Hydrogen Production;REPowerEU sets a target of 10 million tonnes of domestic renewable hydrogen production and 10 million tonnes of renewable hydrogen imports by 2030;-;1;The implementation of TA6.1, which aims to protect at least 30% of the EU's land area, may constrain TA2.1, which aims to achieve 10 million tonnes of domestic renewable hydrogen production and 10 million tonnes of renewable hydrogen imports by 2030, as the protection of land areas may limit the availability of land for renewable energy production, thus potentially increasing energy costs and reducing the feasibility of achieving energy savings.
TA6	;TA6.1;Biodiversity Protection & Conservation;1.a Legally protect a minimum of 30% of the EU  land area;TA2.10;Renewable Energy;Member States shall set an indicative target for innovative renewable energy technology of at least 5% of newly installed renewable energy capacity by 2030;-;1;The implementation of TA6.1, which aims to protect at least 30% of the EU's land area, may constrain TA2.10, which aims to set an indicative target for innovative renewable energy technology, as the protection of land areas may limit the availability of land for renewable energy production, thus potentially increasing energy costs and reducing the feasibility of achieving energy savings.
TA6	;TA6.1;Biodiversity Protection & Conservation;1.a Legally protect a minimum of 30% of the EU  land area;TA2.11;Renewable Energy;By 31 December 2025, each Member State shall agree to establish a framework for cooperation on joint projects with one or more other Member States for the production of renewable energy;-;1;The implementation of TA6.1, which aims to protect at least 30% of the EU's land area, may constrain TA2.11, which aims to establish a framework for cooperation on joint projects for renewable energy production, as the protection of land areas may limit the availability of land for renewable energy production, thus potentially increasing energy costs and reducing the feasibility of achieving energy savings.
TA6	;TA6.1;Biodiversity Protection & Conservation;1.a Legally protect a minimum of 30% of the EU  land area;TA2.13;Renewable Energy;The amount of renewable fuels and renewable electricity supplied to the transport sector leads to a: (i) share of renewable energy within the final consumption of energy in the transport sector of at least 29 % by 2030;-;1;The implementation of TA6.1, which aims to protect at least 30% of the EU's land area, may constrain TA2.13, which aims to increase the share of renewable energy in the transport sector, as the protection of land areas may limit the availability of land for renewable energy production and other low-carbon technologies, thus potentially increasing energy costs and reducing the feasibility of achieving energy savings.
TA6	;TA6.1;Biodiversity Protection & Conservation;1.a Legally protect a minimum of 30% of the EU  land area;TA2.14;Renewable Energy - Heating & Cooling;Each Member State shall increase the share of renewable energy in the heating and cooling sector by at least 0.8 percentage points as an annual average calculated for the period 2021 to 2025;-;1;The implementation of TA6.1, which aims to protect at least 30% of the EU's land area, may constrain TA2.14, which aims to increase the share of renewable energy in the heating and cooling sector, as the protection of land areas may limit the availability of land for renewable energy production, thus potentially increasing energy costs and reducing the feasibility of achieving energy savings.
TA6	;TA6.1;Biodiversity Protection & Conservation;1.a Legally protect a minimum of 30% of the EU  land area;TA2.15;Renewable Energy;By 2022, achieve 18% of the total increase in the share of energy from renewable sources between that Member Statebinding 2020 national target, and its contribution to the 2030 target;-;1;The implementation of TA6.1, which aims to protect at least 30% of the EU's land area, may constrain TA2.15, which aims to achieve 18% of the total increase in the share of energy from renewable sources, as the protection of land areas may limit the availability of land for renewable energy production, thus potentially increasing energy costs and reducing the feasibility of achieving energy savings.
TA6	;TA6.1;Biodiversity Protection & Conservation;1.a Legally protect a minimum of 30% of the EU  land area;TA2.16;Renewable Energy;Member States shall endeavour to increase the share of renewable sources in the amount of energy sources used for final energy and non-energy purposes in the industry sector by an indicative increase of at least 1.6 percentage points;-;1;The implementation of TA6.1, which aims to protect at least 30% of the EU's land area, may constrain TA2.16, which aims to increase the share of renewable energy in the industry sector, as the protection of land areas may limit the availability of land for renewable energy production and other low-carbon technologies, thus potentially increasing energy costs and reducing the feasibility of achieving energy savings.
TA6	;TA6.1;Biodiversity Protection & Conservation;1.a Legally protect a minimum of 30% of the EU  land area;TA2.17;Energy Infrastructure;A target of 15% electricity interconnection for 2030;-;1;The implementation of TA6.1, which aims to protect at least 30% of the EU's land area, may constrain TA2.17, which aims to achieve a target of 15% electricity interconnection by 2030, as the protection of land areas may limit the availability of land for renewable energy production and other low-carbon technologies, thus potentially increasing energy costs and reducing the feasibility of achieving energy savings.
TA6	;TA6.1;Biodiversity Protection & Conservation;1.a Legally protect a minimum of 30% of the EU  land area;TA2.18;Renewable Energy - Heating & Cooling;Indicative target of at least a 49% share of energy from renewable sources in the building sector in the Unionfinal energy consumption in buildings in 2030;-;1;The implementation of TA6.1, which aims to protect at least 30% of the EU's land area, may constrain TA2.18, which aims to achieve an indicative target of at least 49% of energy from renewable sources in the building sector, as the protection of land areas may limit the availability of land for renewable energy production, thus potentially increasing energy costs and reducing the feasibility of achieving energy savings.
TA6	;TA6.1;Biodiversity Protection & Conservation;1.a Legally protect a minimum of 30% of the EU  land area;TA2.2;Renewable Energy;Set up at least one renewables-based energy community in every municipality with a population higher than 10.000 by 2025;-;1;The implementation of TA6.1, which aims to protect at least 30% of the EU's land area, may constrain TA2.2, which aims to set up renewables-based energy communities, as the protection of land areas may limit the availability of land for renewable energy production, thus potentially increasing energy costs and reducing the feasibility of achieving energy savings.
TA6	;TA6.1;Biodiversity Protection & Conservation;1.a Legally protect a minimum of 30% of the EU  land area;TA2.21;Energy Efficiency;Member States shall ensure that the total final energy consumption of all public bodies combined is reduced by at least 1.9% each year, when compared to 2021;-;1;The implementation of TA6.1, which aims to protect at least 30% of the EU's land area, may constrain TA2.21, which aims to reduce the total final energy consumption of public bodies, as the protection of land areas may limit the availability of land for public buildings and infrastructure, thus potentially increasing energy costs and reducing the feasibility of achieving energy savings.
TA6	;TA6.1;Biodiversity Protection & Conservation;1.a Legally protect a minimum of 30% of the EU  land area;TA2.22;Energy Efficiency;Member States shall collectively ensure a reduction of energy consumption of at least 11.7% in 2030 compared to the projections of the 2020 EU Reference Scenario;-;1;The implementation of TA6.1, which aims to protect at least 30% of the EU's land area, may constrain TA2.22, which aims to reduce energy consumption by at least 11.7% compared to the 2020 EU Reference Scenario, as the protection of land areas may limit the availability of land for renewable energy production and other low-carbon technologies, thus potentially increasing energy costs and reducing the feasibility of achieving energy savings.
TA6	;TA6.1;Biodiversity Protection & Conservation;1.a Legally protect a minimum of 30% of the EU  land area;TA2.23;Energy Efficiency;Member States shall make efforts to collectively contribute to the indicative Union primary energy consumption target amounting to no more than 992.5 Mtoe in 2030;-;1;The implementation of TA6.1, which aims to protect at least 30% of the EU's land area, may constrain TA2.23, which aims to limit primary energy consumption to 992.5 Mtoe by 2030, as the protection of land areas may limit the availability of land for renewable energy production and other low-carbon technologies, thus potentially increasing energy costs and reducing the feasibility of achieving energy savings.
TA6	;TA6.1;Biodiversity Protection & Conservation;1.a Legally protect a minimum of 30% of the EU  land area;TA2.24;Energy Efficiency - Buildings;Each Member State shall ensure that at least 3% of the total floor area of heated and/or cooled buildings is renovated each year to be transformed into at least nearly zero-energy buildings;-;1;The implementation of TA6.1, which aims to protect at least 30% of the EU's land area, may constrain TA2.24, which aims to renovate at least 3% of the total floor area of heated and/or cooled buildings each year, as the protection of land areas may limit the availability of land for building renovations and other energy-efficient measures, thus potentially increasing energy costs and reducing the feasibility of achieving energy savings.
TA6	;TA6.1;Biodiversity Protection & Conservation;1.a Legally protect a minimum of 30% of the EU  land area;TA2.25;Energy Efficiency - Buildings;Reduce buildings final energy consumption by 14%;-;1;The implementation of TA6.1, which aims to protect at least 30% of the EU's land area, may constrain TA2.25, which aims to reduce buildings' final energy consumption by 14%, as the protection of land areas may limit the availability of land for building renovations and other energy-efficient measures, thus potentially increasing energy costs and reducing the feasibility of achieving energy savings.
TA6	;TA6.1;Biodiversity Protection & Conservation;1.a Legally protect a minimum of 30% of the EU  land area;TA2.26;Energy Efficiency - Buildings;At least double the annual energy renovation rate of residential and non-residential buildings by 2030;-;1;The implementation of TA6.1, which aims to protect at least 30% of the EU's land area, may constrain TA2.26, which aims to double the annual energy renovation rate of buildings, as the protection of land areas may limit the availability of land for building renovations and other energy-efficient measures, thus potentially increasing energy costs and reducing the feasibility of achieving energy savings.
TA6	;TA6.1;Biodiversity Protection & Conservation;1.a Legally protect a minimum of 30% of the EU  land area;TA2.28;Energy Efficiency - Buildings;Reduce buildings‚Äô energy consumption for heating and cooling by 18% compared to 2015 levels by 2030;-;1;The implementation of TA6.1, which aims to protect at least 30% of the EU's land area, may constrain TA2.28, which aims to reduce buildings' energy consumption for heating and cooling by 18% compared to 2015 levels, as the protection of land areas may limit the availability of land for renewable energy production and other low-carbon technologies, thus potentially increasing energy costs and reducing the feasibility of achieving energy savings.
TA6	;TA6.1;Biodiversity Protection & Conservation;1.a Legally protect a minimum of 30% of the EU  land area;TA2.29;Energy Efficiency - Buildings;Member states will have to renovate 16% of worst-performing non-residential buildings by 2030;-;1;The implementation of TA6.1, which aims to protect at least 30% of the EU's land area, may constrain TA2.29, which aims to renovate 16% of worst-performing non-residential buildings by 2030, as the protection of land areas may limit the availability of land for building renovations and other energy-efficient measures, thus potentially increasing energy costs and reducing the feasibility of achieving energy savings.
TA6	;TA6.1;Biodiversity Protection & Conservation;1.a Legally protect a minimum of 30% of the EU  land area;TA2.3;Renewable Energy - Hydrogen Production;Member States shall ensure that the contribution of renewable fuels of non-biological origin used for final energy and non-energy purposes shall be at least 42% of the hydrogen used for final energy and non-energy purposes in industry by 2030;-;1;The implementation of TA6.1, which aims to protect at least 30% of the EU's land area, may constrain TA2.3, which aims to ensure that at least 42% of hydrogen used in industry comes from renewable fuels of non-biological origin, as the protection of land areas may limit the availability of land for renewable energy production, thus potentially increasing energy costs and reducing the feasibility of achieving energy savings.
TA6	;TA6.1;Biodiversity Protection & Conservation;1.a Legally protect a minimum of 30% of the EU  land area;TA2.33;Energy Efficiency - Buildings;The national measures will have to ensure that at least 55% of the decrease of the average primary energy use is achieved through the renovation of the worst-performing buildings;-;1;The implementation of TA6.1, which aims to protect at least 30% of the EU's land area, may constrain TA2.33, which aims to ensure that at least 55% of the decrease in average primary energy use is achieved through the renovation of worst-performing buildings, as the protection of land areas may limit the availability of land for building renovations and other energy-efficient measures, thus potentially increasing energy costs and reducing the feasibility of achieving energy savings.
TA6	;TA6.1;Biodiversity Protection & Conservation;1.a Legally protect a minimum of 30% of the EU  land area;TA2.34;Energy Efficiency - Buildings;Member States shall ensure that the average primary energy use of the entire residential building stock decreases by at least 16% compared to 2020 by 2030;-;1;The implementation of TA6.1, which aims to protect at least 30% of the EU's land area, may constrain TA2.34, which aims to reduce the average primary energy use of the entire residential building stock by at least 16% compared to 2020, as the protection of land areas may limit the availability of land for building renovations and other energy-efficient measures, thus potentially increasing energy costs and reducing the feasibility of achieving energy savings.
TA6	;TA6.1;Biodiversity Protection & Conservation;1.a Legally protect a minimum of 30% of the EU  land area;TA2.37;Renewable Energy;By 2030, the share of renewable energy in the electricity mix should double to 55-60%;-;1;The implementation of TA6.1, which aims to protect at least 30% of the EU's land area, may constrain TA2.37, which aims to double the share of renewable energy in the electricity mix, as the protection of land areas may limit the availability of land for renewable energy production, thus potentially increasing energy costs and reducing the feasibility of achieving energy savings.
TA6	;TA6.1;Biodiversity Protection & Conservation;1.a Legally protect a minimum of 30% of the EU  land area;TA2.38;Renewable Energy - Ocean/Offshore;Cumulative EU offshore goals of installed capacity: 60 GW by 2030 and 300 GW by 2050;-;1;The implementation of TA6.1, which aims to protect at least 30% of the EU's land area, may constrain TA2.38, which aims to achieve cumulative EU offshore goals of 60 GW by 2030 and 300 GW by 2050, as the protection of land areas may limit the availability of land for offshore wind farms, thus potentially increasing energy costs and reducing the feasibility of achieving energy savings.
TA6	;TA6.1;Biodiversity Protection & Conservation;1.a Legally protect a minimum of 30% of the EU  land area;TA2.39;Renewable Energy - Ocean/Offshore;The strategy sets targets for an installed capacity of at least 1 GW of ocean energy by 2030 and 40 GW by 2050;-;1;The implementation of TA6.1, which aims to protect at least 30% of the EU's land area, may constrain TA2.39, which aims to achieve an installed capacity of at least 1 GW of ocean energy by 2030 and 40 GW by 2050, as the protection of land areas may limit the availability of land for ocean energy production, thus potentially increasing energy costs and reducing the feasibility of achieving energy savings.
TA6	;TA6.1;Biodiversity Protection & Conservation;1.a Legally protect a minimum of 30% of the EU  land area;TA2.4;Energy Efficiency - Buildings;Double the current deployment rate of individual heat pumps, resulting in a cumulative 10 million units by 2027 and 30 million units by 2030;-;1;The implementation of TA6.1, which aims to protect at least 30% of the EU's land area, may constrain TA2.4, which aims to double the current deployment rate of individual heat pumps, as the protection of land areas may limit the availability of land for heat pump installations, thus potentially increasing energy costs and reducing the feasibility of achieving energy savings.
TA6	;TA6.1;Biodiversity Protection & Conservation;1.a Legally protect a minimum of 30% of the EU  land area;TA2.40;Renewable Energy - Hydrogen Production;Around 30% of EU primary steel production is expected to be decarbonised on the basis of renewable hydrogen;-;1;The implementation of TA6.1, which aims to protect at least 30% of the EU's land area, may constrain TA2.40, which aims to decarbonize around 30% of EU primary steel production using renewable hydrogen, as the protection of land areas may limit the availability of land for renewable energy production, thus potentially increasing energy costs and reducing the feasibility of achieving energy savings.
TA6	;TA6.1;Biodiversity Protection & Conservation;1.a Legally protect a minimum of 30% of the EU  land area;TA2.5;Renewable Energy - Solar;Bring online over 320 GW of solar photovoltaic by 2025 and almost 600 GW by 2030;-;1;The implementation of TA6.1, which aims to protect at least 30% of the EU's land area, may constrain TA2.5, which aims to bring online over 320 GW of solar photovoltaic by 2025 and almost 600 GW by 2030, as the protection of land areas may limit the availability of land for solar photovoltaic installations, thus potentially increasing energy costs and reducing the feasibility of achieving energy savings.
TA6	;TA6.1;Biodiversity Protection & Conservation;1.a Legally protect a minimum of 30% of the EU  land area;TA2.6;Renewable Energy - Heating & Cooling;Energy demand to be covered by solar heat and geothermal should at least triple;-;1;The implementation of TA6.1, which aims to protect at least 30% of the EU's land area, may constrain TA2.6, which aims to triple energy demand covered by solar heat and geothermal, as the protection of land areas may limit the availability of land for renewable energy production, thus potentially increasing energy costs and reducing the feasibility of achieving energy savings.
TA6	;TA6.1;Biodiversity Protection & Conservation;1.a Legally protect a minimum of 30% of the EU  land area;TA2.7;Renewable Energy - Solar;Over this decade, the EU will need to install, on average, approximately 45 GW per year of PV to reach the share of 45% of energy coming from renewables;-;1;The implementation of TA6.1, which aims to protect at least 30% of the EU's land area, may constrain TA2.7, which aims to install an average of 45 GW of photovoltaic per year to reach a 45% share of energy from renewables, as the protection of land areas may limit the availability of land for renewable energy production, thus potentially increasing energy costs and reducing the feasibility of achieving energy savings.
TA6	;TA6.1;Biodiversity Protection & Conservation;1.a Legally protect a minimum of 30% of the EU  land area;TA2.9;Renewable Energy;Member States shall collectively ensure that the share of energy from renewable sources in the Union  gross final consumption of energy in 2030 is at least 42.5%;-;1;The implementation of TA6.1, which aims to protect at least 30% of the EU's land area, may constrain TA2.9, which aims to increase the share of renewable energy in the EU's gross final energy consumption, as the protection of land areas may limit the availability of land for renewable energy production, thus potentially increasing energy costs and reducing the feasibility of achieving energy savings.
TA6	;TA6.1;Biodiversity Protection & Conservation;1.a Legally protect a minimum of 30% of the EU  land area;TA1.10;GHG Reduction - Buildings;ETS2. Contribution of the buildings and road transport sectors of 43% emission reductions by 2030 compared to 2005;+;1;The protection of land areas can contribute to the reduction of GHG emissions from the ETS2 sectors by promoting sustainable land use practices and preserving ecosystem services, which are essential for reducing energy consumption and GHG emissions.
TA6	;TA6.3;Biodiversity Protection & Conservation;2.a Strictly protect at least a third of the EU'S protected areas;TA1.10;GHG Reduction - Buildings;ETS2. Contribution of the buildings and road transport sectors of 43% emission reductions by 2030 compared to 2005;+;1;The protection of protected areas can aid in the reduction of GHG emissions from the ETS2 sectors by promoting sustainable land use practices and preserving ecosystem services, which are essential for reducing energy consumption and GHG emissions.
TA6	;TA6.33;Biodiversity Protection & Conservation;Terrestrial, coastal and freshwater ecosystems. Member States shall put in place the restoration measures for the terrestrial, coastal and freshwater habitats of the species listed in Annexes II, IV and V;TA1.10;GHG Reduction - Buildings;ETS2. Contribution of the buildings and road transport sectors of 43% emission reductions by 2030 compared to 2005;+;2;The restoration of ecosystems can aid in the reduction of GHG emissions from the ETS2 sectors by promoting sustainable land use practices and preserving natural carbon sinks, which are essential for reducing energy consumption and GHG emissions.
TA6	;TA6.40;Biodiversity Protection & Conservation;(pollinator) Member States shall, by putting in place in a timely manner appropriate and effective measures, improve pollinator diversity and reverse the decline of pollinator populations;TA1.10;GHG Reduction - Buildings;ETS2. Contribution of the buildings and road transport sectors of 43% emission reductions by 2030 compared to 2005;+;1;The improvement of pollinator diversity and the reversal of pollinator decline can contribute to the reduction of GHG emissions from the ETS2 sectors by promoting sustainable agriculture and land use practices, which are essential for reducing energy consumption and GHG emissions.
TA6	;TA6.8;Biodiversity Protection & Conservation;5. The decline of pollinators is reversed;TA1.10;GHG Reduction - Buildings;ETS2. Contribution of the buildings and road transport sectors of 43% emission reductions by 2030 compared to 2005;+;1;The reversal of pollinator decline can contribute to the reduction of GHG emissions from the ETS2 sectors by promoting sustainable agriculture and land use practices, which are essential for reducing energy consumption and GHG emissions.
TA6	;TA6.1;Biodiversity Protection & Conservation;1.a Legally protect a minimum of 30% of the EU  land area;TA1.11;GHG Reduction;ESR. Increased national targets in line with an EU- wide reduction of 40% in the ESR sectors compared to 2005;+;2;The protection of land areas can aid in the reduction of GHG emissions from the ESR sectors by promoting sustainable land use practices and preserving ecosystem services, which are essential for achieving the EU's climate objectives.
TA6	;TA6.3;Biodiversity Protection & Conservation;2.a Strictly protect at least a third of the EU'S protected areas;TA1.11;GHG Reduction;ESR. Increased national targets in line with an EU- wide reduction of 40% in the ESR sectors compared to 2005;+;2;The protection of protected areas can aid in the reduction of GHG emissions from the ESR sectors by promoting sustainable land use practices and preserving ecosystem services, which are essential for achieving the EU's climate objectives.
TA6	;TA6.33;Biodiversity Protection & Conservation;Terrestrial, coastal and freshwater ecosystems. Member States shall put in place the restoration measures for the terrestrial, coastal and freshwater habitats of the species listed in Annexes II, IV and V;TA1.11;GHG Reduction;ESR. Increased national targets in line with an EU- wide reduction of 40% in the ESR sectors compared to 2005;+;2;The restoration of ecosystems can aid in the reduction of GHG emissions from the ESR sectors by promoting sustainable land use practices and preserving natural carbon sinks, which are essential for achieving the EU's climate objectives.
TA6	;TA6.40;Biodiversity Protection & Conservation;(pollinator) Member States shall, by putting in place in a timely manner appropriate and effective measures, improve pollinator diversity and reverse the decline of pollinator populations;TA1.11;GHG Reduction;ESR. Increased national targets in line with an EU- wide reduction of 40% in the ESR sectors compared to 2005;+;1;The improvement of pollinator diversity and the reversal of pollinator decline can contribute to the reduction of GHG emissions from the ESR sectors by promoting sustainable agriculture and land use practices, which are essential for achieving the EU's climate objectives.
TA6	;TA6.8;Biodiversity Protection & Conservation;5. The decline of pollinators is reversed;TA1.11;GHG Reduction;ESR. Increased national targets in line with an EU- wide reduction of 40% in the ESR sectors compared to 2005;+;1;The reversal of pollinator decline can contribute to the reduction of GHG emissions from the ESR sectors by promoting sustainable agriculture and land use practices, which are essential for achieving the EU's climate objectives.
TA6	;TA6.1;Biodiversity Protection & Conservation;1.a Legally protect a minimum of 30% of the EU  land area;TA1.12;GHG Removal;Achieve an EU net greenhouse gas removal of 310 million tonnes CO2 equivalent per year for the land use, land use change and forestry (LULUCF) sector, by 2030;+;2;The protection of land areas can aid in the achievement of net greenhouse gas removal by promoting sustainable land use practices and preserving ecosystem services, which are essential for reducing GHG emissions and maintaining ecosystem services.
TA6	;TA6.3;Biodiversity Protection & Conservation;2.a Strictly protect at least a third of the EU'S protected areas;TA1.12;GHG Removal;Achieve an EU net greenhouse gas removal of 310 million tonnes CO2 equivalent per year for the land use, land use change and forestry (LULUCF) sector, by 2030;+;2;The protection of protected areas can aid in the achievement of net greenhouse gas removal by promoting sustainable land use practices and preserving ecosystem services, which are essential for reducing GHG emissions and maintaining ecosystem services.
TA6	;TA6.33;Biodiversity Protection & Conservation;Terrestrial, coastal and freshwater ecosystems. Member States shall put in place the restoration measures for the terrestrial, coastal and freshwater habitats of the species listed in Annexes II, IV and V;TA1.12;GHG Removal;Achieve an EU net greenhouse gas removal of 310 million tonnes CO2 equivalent per year for the land use, land use change and forestry (LULUCF) sector, by 2030;+;2;The restoration of ecosystems can aid in the achievement of net greenhouse gas removal by promoting sustainable land use practices and preserving natural carbon sinks, which are essential for reducing GHG emissions and maintaining ecosystem services.
TA6	;TA6.40;Biodiversity Protection & Conservation;(pollinator) Member States shall, by putting in place in a timely manner appropriate and effective measures, improve pollinator diversity and reverse the decline of pollinator populations;TA1.12;GHG Removal;Achieve an EU net greenhouse gas removal of 310 million tonnes CO2 equivalent per year for the land use, land use change and forestry (LULUCF) sector, by 2030;+;1;The improvement of pollinator diversity and the reversal of pollinator decline can contribute to the achievement of net greenhouse gas removal by promoting sustainable agriculture and land use practices, which are essential for reducing GHG emissions and maintaining ecosystem services.
TA6	;TA6.8;Biodiversity Protection & Conservation;5. The decline of pollinators is reversed;TA1.12;GHG Removal;Achieve an EU net greenhouse gas removal of 310 million tonnes CO2 equivalent per year for the land use, land use change and forestry (LULUCF) sector, by 2030;+;1;The reversal of pollinator decline can contribute to the achievement of net greenhouse gas removal by promoting sustainable agriculture and land use practices, which are essential for reducing GHG emissions and maintaining ecosystem services.
TA6	;TA6.1;Biodiversity Protection & Conservation;1.a Legally protect a minimum of 30% of the EU  land area;TA1.13;GHG Reduction;No debit rule. For the period from 2021 to 2025, each Member State shall ensure that greenhouse gas emissions from the sector do not exceed greenhouse gas removals;+;2;The protection of land areas can aid in the implementation of the no-debit rule by promoting sustainable land use practices and preserving ecosystem services, which are essential for reducing GHG emissions and maintaining ecosystem services.
TA6	;TA6.3;Biodiversity Protection & Conservation;2.a Strictly protect at least a third of the EU'S protected areas;TA1.13;GHG Reduction;No debit rule. For the period from 2021 to 2025, each Member State shall ensure that greenhouse gas emissions from the sector do not exceed greenhouse gas removals;+;2;The protection of protected areas can aid in the implementation of the no-debit rule by promoting sustainable land use practices and preserving ecosystem services, which are essential for reducing GHG emissions and maintaining ecosystem services.
TA6	;TA6.33;Biodiversity Protection & Conservation;Terrestrial, coastal and freshwater ecosystems. Member States shall put in place the restoration measures for the terrestrial, coastal and freshwater habitats of the species listed in Annexes II, IV and V;TA1.13;GHG Reduction;No debit rule. For the period from 2021 to 2025, each Member State shall ensure that greenhouse gas emissions from the sector do not exceed greenhouse gas removals;+;2;The restoration of ecosystems can aid in the implementation of the no-debit rule by promoting sustainable land use practices and preserving natural carbon sinks, which are essential for reducing GHG emissions and maintaining ecosystem services.
TA6	;TA6.40;Biodiversity Protection & Conservation;(pollinator) Member States shall, by putting in place in a timely manner appropriate and effective measures, improve pollinator diversity and reverse the decline of pollinator populations;TA1.13;GHG Reduction;No debit rule. For the period from 2021 to 2025, each Member State shall ensure that greenhouse gas emissions from the sector do not exceed greenhouse gas removals;+;1;The improvement of pollinator diversity and the reversal of pollinator decline can contribute to the implementation of the no-debit rule by promoting sustainable agriculture and land use practices, which are essential for reducing GHG emissions and maintaining ecosystem services.
TA6	;TA6.8;Biodiversity Protection & Conservation;5. The decline of pollinators is reversed;TA1.13;GHG Reduction;No debit rule. For the period from 2021 to 2025, each Member State shall ensure that greenhouse gas emissions from the sector do not exceed greenhouse gas removals;+;1;The reversal of pollinator decline can contribute to the implementation of the no-debit rule by promoting sustainable agriculture and land use practices, which are essential for reducing GHG emissions and maintaining ecosystem services.
TA6	;TA6.1;Biodiversity Protection & Conservation;1.a Legally protect a minimum of 30% of the EU  land area;TA1.15;GHG Reduction - Buildings;Reduce buildings greenhouse gas emissions by 60%, by 2030;+;1;The protection of land areas can contribute to the reduction of GHG emissions from buildings by promoting sustainable land use practices and preserving ecosystem services, which are essential for reducing energy consumption and GHG emissions.
TA6	;TA6.3;Biodiversity Protection & Conservation;2.a Strictly protect at least a third of the EU'S protected areas;TA1.15;GHG Reduction - Buildings;Reduce buildings greenhouse gas emissions by 60%, by 2030;+;1;The protection of protected areas can aid in the reduction of GHG emissions from buildings by promoting sustainable land use practices and preserving ecosystem services, which are essential for reducing energy consumption and GHG emissions.
TA6	;TA6.33;Biodiversity Protection & Conservation;Terrestrial, coastal and freshwater ecosystems. Member States shall put in place the restoration measures for the terrestrial, coastal and freshwater habitats of the species listed in Annexes II, IV and V;TA1.15;GHG Reduction - Buildings;Reduce buildings greenhouse gas emissions by 60%, by 2030;+;2;The restoration of ecosystems can aid in the reduction of GHG emissions from buildings by promoting sustainable land use practices and preserving natural carbon sinks, which are essential for reducing energy consumption and GHG emissions.
TA6	;TA6.40;Biodiversity Protection & Conservation;(pollinator) Member States shall, by putting in place in a timely manner appropriate and effective measures, improve pollinator diversity and reverse the decline of pollinator populations;TA1.15;GHG Reduction - Buildings;Reduce buildings greenhouse gas emissions by 60%, by 2030;+;1;The improvement of pollinator diversity and the reversal of pollinator decline can contribute to the reduction of GHG emissions from buildings by promoting sustainable agriculture and land use practices, which are essential for reducing energy consumption and GHG emissions.
TA6	;TA6.8;Biodiversity Protection & Conservation;5. The decline of pollinators is reversed;TA1.15;GHG Reduction - Buildings;Reduce buildings greenhouse gas emissions by 60%, by 2030;+;1;The reversal of pollinator decline can contribute to the reduction of GHG emissions from buildings by promoting sustainable agriculture and land use practices, which are essential for reducing energy consumption and GHG emissions.
TA6	;TA6.1;Biodiversity Protection & Conservation;1.a Legally protect a minimum of 30% of the EU  land area;TA1.3;GHG Reduction;Reduce by at least 55% net GHG emissions compared to 1990 levels, by 2030;+;2;The protection of land areas can reinforce the reduction of GHG emissions by preserving natural carbon sinks and promoting sustainable land use practices.
TA6	;TA6.2;Biodiversity Protection & Conservation - Fisheries;1.b Legally protect a minimum of 30% of the EU's sea area;TA1.3;GHG Reduction;Reduce by at least 55% net GHG emissions compared to 1990 levels, by 2030;+;2;The protection of sea areas can aid in the reduction of GHG emissions by preserving natural carbon sinks and promoting sustainable land use practices, which are essential for achieving the EU's climate objectives.
TA6	;TA6.3;Biodiversity Protection & Conservation;2.a Strictly protect at least a third of the EU'S protected areas;TA1.3;GHG Reduction;Reduce by at least 55% net GHG emissions compared to 1990 levels, by 2030;+;2;The protection of protected areas can aid in the reduction of GHG emissions by preserving natural carbon sinks and promoting sustainable land use practices, which are essential for achieving the EU's climate objectives.
TA6	;TA6.33;Biodiversity Protection & Conservation;Terrestrial, coastal and freshwater ecosystems. Member States shall put in place the restoration measures for the terrestrial, coastal and freshwater habitats of the species listed in Annexes II, IV and V;TA1.3;GHG Reduction;Reduce by at least 55% net GHG emissions compared to 1990 levels, by 2030;+;2;The restoration of ecosystems can aid in the reduction of GHG emissions by promoting sustainable land use practices and preserving natural carbon sinks, which are essential for achieving the EU's climate objectives.
TA6	;TA6.40;Biodiversity Protection & Conservation;(pollinator) Member States shall, by putting in place in a timely manner appropriate and effective measures, improve pollinator diversity and reverse the decline of pollinator populations;TA1.3;GHG Reduction;Reduce by at least 55% net GHG emissions compared to 1990 levels, by 2030;+;1;The improvement of pollinator diversity and the reversal of pollinator decline can contribute to the reduction of GHG emissions by promoting sustainable agriculture and land use practices, which are essential for achieving the EU's climate objectives.
TA6	;TA6.8;Biodiversity Protection & Conservation;5. The decline of pollinators is reversed;TA1.3;GHG Reduction;Reduce by at least 55% net GHG emissions compared to 1990 levels, by 2030;+;1;The reversal of pollinator decline can contribute to the reduction of GHG emissions by promoting sustainable agriculture and land use practices, which are essential for achieving the EU's climate objectives.
TA6	;TA6.1;Biodiversity Protection & Conservation;1.a Legally protect a minimum of 30% of the EU  land area;TA1.7;GHG Reduction;Reduce methane emissions by 35 to 37% compared to 2005 levels, by 2030;+;1;The protection of land areas can contribute to the reduction of methane emissions by promoting sustainable land use practices and preserving ecosystem services, which are essential for reducing energy consumption and GHG emissions.
TA6	;TA6.3;Biodiversity Protection & Conservation;2.a Strictly protect at least a third of the EU'S protected areas;TA1.7;GHG Reduction;Reduce methane emissions by 35 to 37% compared to 2005 levels, by 2030;+;1;The protection of protected areas can aid in the reduction of methane emissions by promoting sustainable land use practices and preserving ecosystem services, which are essential for reducing energy consumption and GHG emissions.
TA6	;TA6.33;Biodiversity Protection & Conservation;Terrestrial, coastal and freshwater ecosystems. Member States shall put in place the restoration measures for the terrestrial, coastal and freshwater habitats of the species listed in Annexes II, IV and V;TA1.7;GHG Reduction;Reduce methane emissions by 35 to 37% compared to 2005 levels, by 2030;+;2;The restoration of ecosystems can aid in the reduction of methane emissions by promoting sustainable land use practices and preserving natural carbon sinks, which are essential for reducing energy consumption and GHG emissions.
TA6	;TA6.40;Biodiversity Protection & Conservation;(pollinator) Member States shall, by putting in place in a timely manner appropriate and effective measures, improve pollinator diversity and reverse the decline of pollinator populations;TA1.7;GHG Reduction;Reduce methane emissions by 35 to 37% compared to 2005 levels, by 2030;+;1;The improvement of pollinator diversity and the reversal of pollinator decline can contribute to the reduction of methane emissions by promoting sustainable agriculture and land use practices, which are essential for reducing energy consumption and GHG emissions.
TA6	;TA6.8;Biodiversity Protection & Conservation;5. The decline of pollinators is reversed;TA1.7;GHG Reduction;Reduce methane emissions by 35 to 37% compared to 2005 levels, by 2030;+;1;The reversal of pollinator decline can contribute to the reduction of methane emissions by promoting sustainable agriculture and land use practices, which are essential for reducing energy consumption and GHG emissions.
TA6	;TA6.1;Biodiversity Protection & Conservation;1.a Legally protect a minimum of 30% of the EU  land area;TA1.8;Energy Efficiency;Reach energy neutrality in the wastewater treatment sector by 2045.;+;1;The protection of land areas can contribute to the achievement of energy neutrality in the wastewater treatment sector by promoting sustainable land use practices and preserving ecosystem services, which are essential for reducing energy consumption and GHG emissions.
TA6	;TA6.3;Biodiversity Protection & Conservation;2.a Strictly protect at least a third of the EU'S protected areas;TA1.8;Energy Efficiency;Reach energy neutrality in the wastewater treatment sector by 2045.;+;1;The protection of protected areas can aid in the achievement of energy neutrality in the wastewater treatment sector by promoting sustainable land use practices and preserving ecosystem services, which are essential for reducing energy consumption and GHG emissions.
TA6	;TA6.33;Biodiversity Protection & Conservation;Terrestrial, coastal and freshwater ecosystems. Member States shall put in place the restoration measures for the terrestrial, coastal and freshwater habitats of the species listed in Annexes II, IV and V;TA1.9;GHG Reduction;EU ETS. The contribution of the sectors covered by the existing EU Emission trading System (EU ETS) with respect to the EU Climate ambition should be of -62% compared to 2005;+;2;The restoration of ecosystems can aid in the reduction of GHG emissions from the EU ETS sectors by promoting sustainable land use practices and preserving natural carbon sinks, which are essential for achieving the EU's climate objectives.
TA6	;TA6.40;Biodiversity Protection & Conservation;(pollinator) Member States shall, by putting in place in a timely manner appropriate and effective measures, improve pollinator diversity and reverse the decline of pollinator populations;TA1.9;GHG Reduction;EU ETS. The contribution of the sectors covered by the existing EU Emission trading System (EU ETS) with respect to the EU Climate ambition should be of -62% compared to 2005;+;1;The improvement of pollinator diversity and the reversal of pollinator decline can contribute to the reduction of GHG emissions from the EU ETS sectors by promoting sustainable agriculture and land use practices, which are essential for achieving the EU's climate objectives.
TA6	;TA6.8;Biodiversity Protection & Conservation;5. The decline of pollinators is reversed;TA1.9;GHG Reduction;EU ETS. The contribution of the sectors covered by the existing EU Emission trading System (EU ETS) with respect to the EU Climate ambition should be of -62% compared to 2005;+;1;The reversal of pollinator decline can contribute to the reduction of GHG emissions from the EU ETS sectors by promoting sustainable agriculture and land use practices, which are essential for achieving the EU's climate objectives.
TA6	;TA6.1;Biodiversity Protection & Conservation;1.a Legally protect a minimum of 30% of the EU  land area;TA1.3;GHG Reduction;Reduce by at least 55% net GHG emissions compared to 1990 levels, by 2030;+;2;The protection of 30% of the EU's land area will contribute to the reduction of GHG emissions by preserving natural carbon sinks and promoting sustainable land use practices, which are essential for achieving the EU's climate ambition of reducing GHG emissions by at least 55% by 2030.
TA6	;TA6.14;Biodiversity Protection & Conservation;12. There is a 50% reduction in the number of Red List species threatened by Invasive Alien Species (IAS);TA1.7;GHG Reduction;Reduce methane emissions by 35 to 37% compared to 2005 levels, by 2030;+;1;The reduction of IAS will contribute to the reduction of methane emissions, as IAS can lead to the degradation of ecosystems, which in turn can lead to increased methane emissions.
TA6	;TA6.3;Biodiversity Protection & Conservation;2.a Strictly protect at least a third of the EU'S protected areas;TA1.9;GHG Reduction;EU ETS. The contribution of the sectors covered by the existing EU Emission trading System (EU ETS) with respect to the EU Climate ambition should be of -62% compared to 2005;+;2;The strict protection of at least a third of the EU's protected areas will contribute to the reduction of GHG emissions by preserving natural carbon sinks and promoting sustainable land use practices, which are essential for achieving the EU's climate ambition, and the EU ETS will provide a financial incentive for the reduction of GHG emissions.
TA6	;TA6.8;Biodiversity Protection & Conservation;5. The decline of pollinators is reversed;TA1.15;GHG Reduction - Buildings;Reduce buildings‚Äô greenhouse gas emissions by 60%, by 2030;+;1;The reversal of the decline of pollinators will contribute to the reduction of GHG emissions from buildings, as pollinators play a crucial role in maintaining ecosystem services, which are essential for food production and security.
TA6	;TA6.33;Biodiversity Protection & Conservation;Terrestrial, coastal and freshwater ecosystems. Member States shall put in place the restoration measures for the terrestrial, coastal and freshwater habitats of the species listed in Annexes II, IV and V;TA1.3;GHG Reduction;Reduce by at least 55% net GHG emissions compared to 1990 levels, by 2030;+;2;The restoration of ecosystems will contribute to the reduction of GHG emissions by promoting sustainable land use practices, which are essential for achieving the EU's climate ambition.
TA6	;TA6.40;Biodiversity Protection & Conservation;(pollinator) Member States shall, by putting in place in a timely manner appropriate and effective measures, improve pollinator diversity and reverse the decline of pollinator populations;TA1.7;GHG Reduction;Reduce methane emissions by 35 to 37% compared to 2005 levels, by 2030;+;1;The improvement of pollinator diversity and the reversal of the decline of pollinator populations will contribute to the reduction of methane emissions, as pollinators play a crucial role in maintaining ecosystem services, which are essential for reducing methane emissions.
TA6	;TA6.2;Biodiversity Protection & Conservation - Fisheries;1.b Legally protect a minimum of 30% of the EU's sea area;TA1.10;GHG Reduction - Buildings;ETS2. Contribution of the buildings and road transport sectors of 43% emission reductions by 2030 compared to 2005;+;2;The protection of 30% of the EU's sea area will contribute to the reduction of GHG emissions from buildings and road transport, as it will promote sustainable practices and reduce the pressure on these sectors.
TA6	;TA6.28;Biodiversity Protection & Conservation - Fisheries;In accordance with the CFP, it is crucial to continue and accelerate the work of rebuilding and keeping fish stocks above MSY levels;TA1.3;GHG Reduction;Reduce by at least 55% net GHG emissions compared to 1990 levels, by 2030;+;2;The rebuilding and maintenance of fish stocks will contribute to the reduction of GHG emissions by promoting sustainable fishing practices, which are essential for achieving the EU's climate ambition.
TA6	;TA6.34;Biodiversity Protection & Conservation - Monitoring;Terrestrial, coastal and freshwater ecosystems. Member States shall ensure that condition is known for at least 90% of the area distributed overall habitat types listed in Annex I by 2030 and 100% by 2040;TA1.7;GHG Reduction;Reduce methane emissions by 35 to 37% compared to 2005 levels, by 2030;+;1;The knowledge of the condition of ecosystems will contribute to the reduction of methane emissions, as it will allow for the identification of areas that require restoration and the implementation of effective measures to reduce methane emissions.
TA6	;TA6.43;Biodiversity Protection & Conservation - Monitoring;Marine ecosystems. Member States shall ensure, by 2030 at the latest, that the condition is known for at least 50% of the area distributed over all habitat types listed in groups 1‚Äì6 of Annex II;TA1.9;GHG Reduction;EU ETS. The contribution of the sectors covered by the existing EU Emission trading System (EU ETS) with respect to the EU Climate ambition should be of -62% compared to 2005;+;2;The knowledge of the condition of marine ecosystems will contribute to the reduction of GHG emissions, as it will allow for the identification of areas that require restoration and the implementation of effective measures to reduce GHG emissions, and the EU ETS will provide a financial incentive for the reduction of GHG emissions.
TA6	;TA6.16;Biodiversity Protection & Conservation - Urban Nature;14. Cities with at least 20.000 inhabitants have an ambitious Urban Greening Plan;TA1.15;GHG Reduction - Buildings;Reduce buildings‚Äô greenhouse gas emissions by 60%, by 2030;+;1;The implementation of Urban Greening Plans will contribute to the reduction of GHG emissions from buildings, as it will promote sustainable urban planning and the integration of green spaces, which are essential for reducing energy consumption and GHG emissions.
TA6	;TA6.36;Biodiversity Protection & Conservation - Urban Nature;(urban ecosystems) By 2030, Member States shall ensure that there is no net loss in the total national area of urban green space, and of urban tree canopy cover in urban ecosystem areas;TA1.10;GHG Reduction - Buildings;ETS2. Contribution of the buildings and road transport sectors of 43% emission reductions by 2030 compared to 2005;+;2;The preservation of urban green spaces and tree canopy cover will contribute to the reduction of GHG emissions from buildings and road transport, as it will promote sustainable practices and reduce the pressure on these sectors.
TA6	;TA6.37;Biodiversity Protection & Conservation - Urban Nature;(urban ecosystems) Member States shall achieve thereafter an increasing trend in the total national area of urban green space, including through the integration of urban green space into buildings and infrastructure;TA1.7;GHG Reduction;Reduce methane emissions by 35 to 37% compared to 2005 levels, by 2030;+;1;The increase in urban green spaces will contribute to the reduction of methane emissions, as it will promote sustainable practices and reduce the pressure on ecosystems, which are essential for reducing methane emissions.
TA6	;TA6.38;Biodiversity Protection & Conservation - Urban Nature;(urban ecosystems) Member States shall achieve, in each urban ecosystem area, determined in accordance with Article 14(4), an increasing trend of urban tree canopy cover;TA1.9;GHG Reduction;EU ETS. The contribution of the sectors covered by the existing EU Emission trading System (EU ETS) with respect to the EU Climate ambition should be of -62% compared to 2005;+;2;The increase in urban tree canopy cover will contribute to the reduction of GHG emissions, as it will promote sustainable practices and reduce the pressure on ecosystems, and the EU ETS will provide a financial incentive for the reduction of GHG emissions.
TA6	;TA6.52;Improve Air Quality;The Ambient Air Quality Directives set EU air quality standards for 12 air pollutants;TA1.3;GHG Reduction;Reduce by at least 55% net GHG emissions compared to 1990 levels, by 2030;+;2;The implementation of the Ambient Air Quality Directives will contribute to the reduction of GHG emissions, as it will promote sustainable practices and reduce the pressure on ecosystems, which are essential for achieving the EU's climate ambition.
TA6	;TA6.15;Improve Soils Health;13. The losses of nutrients from fertilisers are reduced by 50%, resulting in the reduction of the use of fertilisers by at least 20%;TA1.7;GHG Reduction;Reduce methane emissions by 35 to 37% compared to 2005 levels, by 2030;+;1;The reduction of nutrient losses will contribute to the reduction of methane emissions, as it will promote sustainable agricultural practices, which are essential for reducing methane emissions.
TA6	;TA6.46;Improve Soils Health;(agricultural ecosystems) Member States shall put in place measures which shall aim to restore organic soils in agricultural use constituting drained peatlands;TA1.9;GHG Reduction;EU ETS. The contribution of the sectors covered by the existing EU Emission trading System (EU ETS) with respect to the EU Climate ambition should be of -62% compared to 2005;+;2;The restoration of organic soils will contribute to the reduction of GHG emissions, as it will promote sustainable agricultural practices, and the EU ETS will provide a financial incentive for the reduction of GHG emissions.
TA6	;TA6.50;Improve Soils Health;Reach no net land take;TA1.3;GHG Reduction;Reduce by at least 55% net GHG emissions compared to 1990 levels, by 2030;+;2;The implementation of no net land take will contribute to the reduction of GHG emissions, as it will promote sustainable land use practices, which are essential for achieving the EU's climate ambition.
TA6	;TA6.62;Improve Water Quality;The Water Reuse Regulation aim to encourage and facilitate water reuse in the EU;TA1.15;GHG Reduction - Buildings;Reduce buildings‚Äô greenhouse gas emissions by 60%, by 2030;+;1;The implementation of the Water Reuse Regulation will contribute to the reduction of GHG emissions from buildings, as it will promote sustainable water management practices, which are essential for reducing energy consumption and GHG emissions.
TA6	;TA6.51;Improve Water Quality;Member States shall take the measures necessary to ensure that water intended for human consumption is wholesome and clean;TA1.7;GHG Reduction;Reduce methane emissions by 35 to 37% compared to 2005 levels, by 2030;+;1;The implementation of measures to ensure clean water will contribute to the reduction of methane emissions, as it will promote sustainable water management practices, which are essential for reducing methane emissions.
TA6	;TA6.41;Marine Ecosystem Restoration;Marine ecosystems. Member States shall put in place the restoration measures [...] to improve [...] areas of habitat types listed in Annex II which are not in good condition;TA1.3;GHG Reduction;Reduce by at least 55% net GHG emissions compared to 1990 levels, by 2030;+;2;The restoration of marine ecosystems will contribute to the reduction of GHG emissions, as it will promote sustainable practices and reduce the pressure on ecosystems, which are essential for achieving the EU's climate ambition.
TA6	;TA6.42;Marine Ecosystem Restoration;ecosystems. Member States shall put in place the restoration measures that are necessary to re-establish the habitat types of groups 1-6 listed in Annex II;TA1.9;GHG Reduction;EU ETS. The contribution of the sectors covered by the existing EU Emission trading System (EU ETS) with respect to the EU Climate ambition should be of -62% compared to 2005;+;2;The restoration of ecosystems will contribute to the reduction of GHG emissions, as it will promote sustainable practices and reduce the pressure on ecosystems, and the EU ETS will provide a financial incentive for the reduction of GHG emissions.
TA6	;TA6.30;Marine Ecosystem Restoration;Marine ecosystems. Member States shall put in place [...] measures [...] to jointly cover, as a Union target, throughout the areas and ecosystems [...] defined in Art. 2, by 2030, at least 20% of sea areas in need of restoration and, by 2050, all ecosystems in need of restoration;TA1.7;GHG Reduction;Reduce methane emissions by 35 to 37% compared to 2005 levels, by 2030;+;1;The restoration of marine ecosystems will contribute to the reduction of methane emissions, as it will promote sustainable practices and reduce the pressure on ecosystems, which are essential for reducing methane emissions.
TA6	;TA6.9;Pesticides Reduction;6. The risk and use of chemical pesticides is reduced by 50%, and the use of more hazardous pesticides is reduced by 50%;TA1.3;GHG Reduction;Reduce by at least 55% net GHG emissions compared to 1990 levels, by 2030;+;2;The reduction of chemical pesticides will contribute to the reduction of GHG emissions, as it will promote sustainable agricultural practices, which are essential for achieving the EU's climate ambition.
TA6	;TA6.29;Terrestrial Ecosystems Restoration;Terrestrial ecosystems. Member States shall put in place [...] measures [...] to jointly cover, as a Union target, throughout the areas and ecosystems [...] defined in Art. 2, by 2030, at least 20% of land areas in need of restoration and, by 2050, all ecosystems in need of restoration;TA1.7;GHG Reduction;Reduce methane emissions by 35 to 37% compared to 2005 levels, by 2030;+;1;The restoration of terrestrial ecosystems will contribute to the reduction of methane emissions, as it will promote sustainable practices and reduce the pressure on ecosystems, which are essential for reducing methane emissions.
TA6	;TA6.7;Terrestrial Ecosystems Restoration;4. By 2030, significant areas of degraded and carbon-rich ecosystems are restored. Habitats and species show no deterioration in conservation trends and status, and at least 30% reach favourable conservation status or at least show a positive trend;TA1.9;GHG Reduction;EU ETS. The contribution of the sectors covered by the existing EU Emission trading System (EU ETS) with respect to the EU Climate ambition should be of -62% compared to 2005;+;2;The restoration of ecosystems will contribute to the reduction of GHG emissions, as it will promote sustainable practices and reduce the pressure on ecosystems, and the EU ETS will provide a financial incentive for the reduction of GHG emissions.
TA6	;TA6.32;Terrestrial Ecosystems Restoration;Terrestrial, coastal and freshwater ecosystems. Member States shall put in place the restoration measures [...] to re-establish the habitat types listed in Annex I in areas not covered by those habitat types;TA1.3;GHG Reduction;Reduce by at least 55% net GHG emissions compared to 1990 levels, by 2030;+;2;The restoration of ecosystems will contribute to the reduction of GHG emissions, as it will promote sustainable practices and reduce the pressure on ecosystems, which are essential for achieving the EU's climate ambition.
TA6	;TA6.35;Terrestrial Ecosystems Restoration;Terrestrial, coastal and freshwater ecosystems. Member States shall ensure that there is: (a) an increase of habitat area in good condition for habitat types listed in Annex I;TA1.7;GHG Reduction;Reduce methane emissions by 35 to 37% compared to 2005 levels, by 2030;+;1;The increase in habitat area will contribute to the reduction of methane emissions, as it will promote sustainable practices and reduce the pressure on ecosystems, which are essential for reducing methane emissions.
TA6	;TA6.31;Terrestrial Ecosystems Restoration;Terrestrial, coastal and freshwater ecosystems. Member States shall put in place the restoration measures [...] to improve to good condition areas of habitat types listed in Annex I which are not in good condition;TA1.9;GHG Reduction;EU ETS. The contribution of the sectors covered by the existing EU Emission trading System (EU ETS) with respect to the EU Climate ambition should be of -62% compared to 2005;+;2;The restoration of ecosystems will contribute to the reduction of GHG emissions, as it will promote sustainable practices and reduce the pressure on ecosystems, and the EU ETS will provide a financial incentive for the reduction of GHG emissions.
TA6	;TA6.10;Terrestrial Ecosystems Restoration - Agricultural Ecosystems;7. At least 10% of agricultural area is under high-diversity landscape features;TA1.15;GHG Reduction - Buildings;Reduce buildings‚Äô greenhouse gas emissions by 60%, by 2030;+;1;The implementation of high-diversity landscape features will contribute to the reduction of GHG emissions from buildings, as it will promote sustainable agricultural practices, which are essential for reducing energy consumption and GHG emissions.
TA6	;TA6.44;Terrestrial Ecosystems Restoration - Agricultural Ecosystems;(agricultural ecosystems) Member States shall put in place measures which shall aim to achieve an increasing trend at national level of at least two out of the three following indicators in agricultural ecosystems;TA1.7;GHG Reduction;Reduce methane emissions by 35 to 37% compared to 2005 levels, by 2030;+;1;The implementation of measures to achieve an increasing trend in agricultural ecosystems will contribute to the reduction of methane emissions, as it will promote sustainable agricultural practices, which are essential for reducing methane emissions.
TA6	;TA6.45;Terrestrial Ecosystems Restoration - Agricultural Ecosystems;(agricultural ecosystems) Member States shall put in place restoration measures which shall aim to ensure that the common farmland bird index at national level based on the species specified in Annex V reaches the following levels;TA1.9;GHG Reduction;EU ETS. The contribution of the sectors covered by the existing EU Emission trading System (EU ETS) with respect to the EU Climate ambition should be of -62% compared to 2005;+;2;The implementation of restoration measures will contribute to the reduction of GHG emissions, as it will promote sustainable agricultural practices, and the EU ETS will provide a financial incentive for the reduction of GHG emissions.
TA6	;TA6.11;Terrestrial Ecosystems Restoration - Forests;9. Three billion trees are planted in the EU, in full respect of ecological principles;TA1.3;GHG Reduction;Reduce by at least 55% net GHG emissions compared to 1990 levels, by 2030;+;2;The planting of trees will contribute to the reduction of GHG emissions, as it will promote sustainable land use practices, which are essential for achieving the EU's climate ambition.
TA6	;TA6.4;Terrestrial Ecosystems Restoration - Forests;2b. Strictly protect all remaining EU primary and old- growth forests;TA1.7;GHG Reduction;Reduce methane emissions by 35 to 37% compared to 2005 levels, by 2030;+;1;The protection of primary and old-growth forests will contribute to the reduction of methane emissions, as it will promote sustainable land use practices, which are essential for reducing methane emissions.
TA6	;TA6.47;Terrestrial Ecosystems Restoration - Forests;(trees) When identifying and implementing the restoration measures to meet the objectives and obligations set out in Articles 4, 6, 7, 8, 9 and 10, Member States shall aim to contribute to the commitment of planting at least three billion additional trees by 2030;TA1.9;GHG Reduction;EU ETS. The contribution of the sectors covered by the existing EU Emission trading System (EU ETS) with respect to the EU Climate ambition should be of -62% compared to 2005;+;2;The planting of trees will contribute to the reduction of GHG emissions, as it will promote sustainable land use practices, and the EU ETS will provide a financial incentive for the reduction of GHG emissions.
TA6	;TA6.48;Terrestrial Ecosystems Restoration - Forests;(forest ecosystems) Member States shall achieve an increasing trend at national level of at least six out of seven of the following indicators in forest ecosystems;TA1.15;GHG Reduction - Buildings;Reduce buildings‚Äô greenhouse gas emissions by 60%, by 2030;+;2;The implementation of measures to achieve an increasing trend in forest ecosystems will contribute to the reduction of GHG emissions from buildings, as it will promote sustainable forest management practices, which are essential for reducing energy consumption and GHG emissions.
TA6	;TA6.49;Terrestrial Ecosystems Restoration - Forests;(forest ecosystems) Member States shall achieve an increasing trend at national level of the common forest bird index;TA1.7;GHG Reduction;Reduce methane emissions by 35 to 37% compared to 2005 levels, by 2030;+;1;The implementation of measures to achieve an increasing trend in the common forest bird index will contribute to the reduction of methane emissions, as it will promote sustainable forest management practices, which are essential for reducing methane emissions.
TA6	;TA6.13;Terrestrial Ecosystems Restoration - Rivers;11. At least 25.000 km of free-flowing rivers are restored;TA1.3;GHG Reduction;Reduce by at least 55% net GHG emissions compared to 1990 levels, by 2030;+;2;The restoration of free-flowing rivers will contribute to the reduction of GHG emissions, as it will promote sustainable water management practices, which are essential for achieving the EU's climate ambition.
TA6	;TA6.39;Terrestrial Ecosystems Restoration - Rivers;Natural connectivity of rivers and natural functions of the related floodplains. Member States shall make an inventory of artificial barriers and remove them to connectivity of surface waters;TA1.9;GHG Reduction;EU ETS. The contribution of the sectors covered by the existing EU Emission trading System (EU ETS) with respect to the EU Climate ambition should be of -62% compared to 2005;+;2;The removal of artificial barriers will contribute to the reduction of GHG emissions, as it will promote sustainable water management practices, and the EU ETS will provide a financial incentive for the reduction of GHG emissions.
TA6	;TA6.1;Biodiversity Protection & Conservation;1.a Legally protect a minimum of 30% of the EU  land area;TA5.11;Biodiversity Protection & Conservation;Biodiversity conservation and restoration of natural resources: Protect the environment and restore natural resources. Preserve biodiversity and reduce biodiversity loss.;+;2;The implementation of TA6.1 will likely reinforce the achievement of TA5.11, as protecting a minimum of 30% of the EU's land area will contribute to preserving biodiversity and reducing biodiversity loss.
TA6	;TA6.14;Biodiversity Protection & Conservation;12. There is a 50% reduction in the number of Red List species threatened by Invasive Alien Species (IAS);TA5.9;Food quality;Increase organic farming with the aim to achieve at least 25% of total farmland under organic farming by 2030 Target in Common with Biodiversity Strategy (see Thematic Area 6);+;1;The reduction of Red List species threatened by IAS will be enabled by the increase in organic farming, which will reduce the use of pesticides and fertilizers, thus creating a more favorable environment for species recovery.
TA6	;TA6.3;Biodiversity Protection & Conservation;2.a Strictly protect at least a third of the EU'S protected areas;TA5.2;Food quality - Animal Welfare;Reduce overall EU sales of antimicrobials for farmed animals and in aquaculture by 50% by 2030.;+;2;Strictly protecting at least a third of the EU's protected areas will aid in reducing the use of antimicrobials, as it will promote more sustainable and resilient farming practices, reducing the need for these substances.
TA6	;TA6.8;Biodiversity Protection & Conservation;5. The decline of pollinators is reversed;TA5.27;Food quality - Healthy Food;Food messaging: Provide food information and labelling to empower consumers to make informed, healthy and sustainable food choices. Strengthen educational messages on the importance of healthy nutrition, sustainable food production and consumption, and reducing food waste;+;1;Reversing the decline of pollinators will be facilitated by food messaging and labelling, as consumers will be empowered to make informed choices, promoting sustainable food production and reducing the use of pesticides, thus creating a more favorable environment for pollinators.
TA6	;TA6.33;Biodiversity Protection & Conservation;Terrestrial, coastal and freshwater ecosystems. Member States shall put in place the restoration measures for the terrestrial, coastal and freshwater habitats of the species listed in Annexes II, IV and V;TA5.35;Competitive Agriculture;Preparedness, shock resilience, adaptation and transformation: Strengthen the resilience of the EU food system. Build up resilience to climate change, possible future diseases and pandemics. Increasing the sustainability of food producers will ultimately increase their resilience.;+;2;The restoration of ecosystems will contribute to the resilience of the EU food system, as it will promote biodiversity, improve soil health, and enhance ecosystem services, thus supporting the adaptation and transformation of the food system.
TA6	;TA6.40;Biodiversity Protection & Conservation;(pollinator) Member States shall, by putting in place in a timely manner appropriate and effective measures, improve pollinator diversity and reverse the decline of pollinator populations;TA5.29;Food affordability;Food availability: Improve availability of sustainable food. Ensure that the healthy option is always the easiest one. Ensure food supply.;+;1;Improving pollinator diversity and reversing the decline of pollinator populations will contribute to improving food availability, as pollinators play a crucial role in food production, and their decline can impact food security.
TA6	;TA6.2;Biodiversity Protection & Conservation - Fisheries;1.b Legally protect a minimum of 30% of the EU's sea area;TA5.6;Food quality;Aquatic living resources: Increase sustainable fishing and aquaculture. Bring fish stocks to sustainable levels. Significant increase in organic aquaculture;+;2;Protecting a minimum of 30% of the EU's sea area will support the increase in sustainable fishing and aquaculture, as it will promote the conservation of marine ecosystems and the recovery of fish stocks.
TA6	;TA6.28;Biodiversity Protection & Conservation - Fisheries;In accordance with the CFP, it is crucial to continue and accelerate the work of rebuilding and keeping fish stocks above MSY levels;TA5.4;Pesticides Reduction;Reduce by 50% the use of more hazardous pesticides Target in Common with Biodiversity Strategy (see Thematic Area 6) and Zero Pollution Action Plan (see Thematic Area 7);+;1;The rebuilding and maintenance of fish stocks will be facilitated by the reduction of hazardous pesticides, which will reduce the impact of pollution on aquatic ecosystems, thus promoting the recovery of fish stocks.
TA6	;TA6.34;Biodiversity Protection & Conservation - Monitoring;Terrestrial, coastal and freshwater ecosystems. Member States shall ensure that condition is known for at least 90% of the area distributed overall habitat types listed in Annex I by 2030 and 100% by 2040.;TA5.16;Social Security - Workers Protection;Income distribution: Ensure fair income and salaries. Improve income of primary producers to ensure their sustainable livelihood.;+;2;Ensuring that the condition of ecosystems is known will support fair income distribution, as it will promote sustainable and resilient farming practices, thus improving the livelihoods of primary producers.
TA6	;TA6.43;Biodiversity Protection & Conservation - Monitoring;Marine ecosystems. Member States shall ensure, by 2030 at the latest, that the condition is known for at least 50% of the area distributed over all habitat types listed in groups 1‚Äì6 of Annex II.;TA5.21;Digitalisation;Digitalisation and knowledge transfer. Ensure access to fast broadband to all farmers and all rural areas to achieve the objective of 100% access by 2025 (enabler for jobs, businesses, investments, improvement in quality of life in rural areas and enabler to mainstream precision farming and use of artificial intelligence);+;1;The knowledge of ecosystem condition will be facilitated by digitalization and knowledge transfer, as it will provide farmers and primary producers with the necessary tools and information to promote sustainable and resilient farming practices.
TA6	;TA6.16;Biodiversity Protection & Conservation - Urban Nature;14. Cities with at least 20.000 inhabitants have an ambitious Urban Greening Plan;TA5.13;Waste Reduction - Food Waste;Reduce food waste. Prevent food loss and waste. Halve per capita food waste at retail and consumer levels* *See also Directive (EU) 2018/851 on waste with a target on food waste reduction of 30% by 2025;+;1;The implementation of Urban Greening Plans will contribute to reducing food waste, as it will promote sustainable urban planning, thus reducing the environmental impact of urban food systems.
TA6	;TA6.36;Biodiversity Protection & Conservation - Urban Nature;(urban ecosystems) By 2030, Member States shall ensure that there is no net loss in the total national area of urban green space, and of urban tree canopy cover in urban ecosystem areas.;TA5.30;Food affordability;Food affordability: Ensure affordability to sufficient, nutritious and sustainable food;+;1;The conservation of urban green spaces will support food affordability, as it will promote sustainable and resilient food systems, thus ensuring access to nutritious and sustainable food for all.
TA6	;TA6.37;Biodiversity Protection & Conservation - Urban Nature;(urban ecosystems) Member States shall achieve thereafter an increasing trend in the total national area of urban green space, including through the integration of urban green space into buildings and infrastructure;TA5.32;Food affordability;Food security: Ensuring food security and access to quality, safe, sustainable, nutritious food for all.;+;2;The increase in urban green spaces will contribute to food security, as it will promote sustainable and resilient food systems, thus ensuring access to quality, safe, sustainable, and nutritious food for all.
TA6	;TA6.52;Improve Air Quality;The Ambient Air Quality Directives set EU air quality standards for 12 air pollutants;TA5.15;Food quality;Consumption footprint: Reduce the environmental and climate footprint of the EU food system, operating within planetary boundaries. Reduce the EU  contribution to global deforestation and forest degradation.;+;2;The implementation of air quality standards will support the reduction of the consumption footprint, as it will promote sustainable and resilient food systems, thus reducing the environmental impact of food production and consumption.
TA6	;TA6.15;Improve Soils Health;13. The losses of nutrients from fertilisers are reduced by 50%, resulting in the reduction of the use of fertilisers by at least 20%;TA5.3;Improve Soils Health;Reduce nutrient losses by at least 50%, while ensuring that there is no deterioration in soil fertility.;+;3;The reduction of nutrient losses will be facilitated by the reduction of fertiliser use, thus promoting soil fertility and reducing the environmental impact of agriculture.
TA6	;TA6.46;Improve Soils Health;(agricultural ecosystems) Member States shall put in place measures which shall aim to restore organic soils in agricultural use constituting drained peatlands.;TA5.20;Competitive Agriculture;Trade: Foster the competitiveness of the EU supply sector.;+;1;The restoration of organic soils will support the competitiveness of the EU supply sector, as it will promote sustainable and resilient farming practices, thus improving the quality and quantity of agricultural products.
TA6	;TA6.50;Improve Soils Health;Reach no net land take;TA5.12;Food quality;Genetic biodiversity of food production systems: Secure and ensure access to a range of quality seeds for plant varieties in order to adapt to the pressures of climate change.;+;2;The implementation of no net land take will support the conservation of genetic biodiversity, as it will promote sustainable and resilient farming practices, thus reducing the pressure on natural resources and promoting the use of high-quality seeds.
TA6	;TA6.62;Improve Water Quality;The Water Reuse Regulation aim to encourage and facilitate water reuse in the EU;TA5.8;Improve Water Quality;Water: Preserving freshwater, boosting water reuse in agriculture.;+;3;The implementation of the Water Reuse Regulation will support the preservation of freshwater and the promotion of water reuse, thus reducing the pressure on water resources and promoting sustainable and resilient food systems.
TA6	;TA6.51;Improve Water Quality;Member States shall take the measures necessary to ensure that water intended for human consumption is wholesome and clean;TA5.19;Food affordability;Price: Preserve the price affordability of food.;+;1;The implementation of measures to ensure clean water will support price affordability, as it will promote sustainable and resilient food systems, thus reducing the environmental impact of food production and consumption.
TA6	;TA6.41;Marine Ecosystem Restoration;Marine ecosystems. Member States shall put in place the restoration measures [...] to improve [...] areas of habitat types listed in Annex II which are not in good condition.;TA5.25;Food quality - Animal Welfare;Animal welfare: Promote better animal welfare to improve animal health and food quality.;+;1;The restoration of marine ecosystems will support animal welfare, as it will promote sustainable and resilient food systems, thus reducing the impact of pollution and climate change on animal health.
TA6	;TA6.42;Marine Ecosystem Restoration;ecosystems. Member States shall put in place the restoration measures that are necessary to re-establish the habitat types of groups 1-6 listed in Annex II;TA5.24;Social Security - Workers Protection;Social protection and poverty: Ensure fair, inclusive and ethical value chains. Ensure workers‚Äô social protection and housing conditions, promote socially responsible production methods, Mitigate the socio-economic consequences impacting the food chain and ensure that the key principles enshrined in the European Pillar of Social Rights are respected, especially when it comes to precarious, seasonal and undeclared workers.;+;2;The restoration of ecosystems will support social protection and poverty reduction, as it will promote sustainable and resilient food systems, thus improving the livelihoods of primary producers and reducing the socio-economic consequences of climate change.
TA6	;TA6.30;Marine Ecosystem Restoration;Marine ecosystems. Member States shall put in place [...] measures [...] to jointly cover, as a Union target, throughout the areas and ecosystems [...] defined in Art. 2, by 2030, at least 20% of sea areas in need of restoration and, by 2050, all ecosystems in need of restoration.;TA5.22;Transport Logistics;Transport, accessibility and infrastructure: Create shorter supply chains will support reducing dependence on long-haul transportation.;+;1;The restoration of marine ecosystems will support the creation of shorter supply chains, as it will promote sustainable and resilient food systems, thus reducing the environmental impact of food production and consumption.
TA6	;TA6.9;Pesticides Reduction;6. The risk and use of chemical pesticides is reduced by 50%, and the use of more hazardous pesticides is reduced by 50%;TA5.10;Renewable Energy;Energy: Increase renewable energy in the agriculture and food sector. Adopt energy efficiency solutions in the agriculture and food sector, by reducing energy consumption.;+;2;The reduction of chemical pesticide use will support the increase in renewable energy, as it will promote sustainable and resilient farming practices, thus reducing the energy consumption and environmental impact of food production.
TA6	;TA6.29;Terrestrial Ecosystems Restoration;Terrestrial ecosystems. Member States shall put in place [...] measures [...] to jointly cover, as a Union target, throughout the areas and ecosystems [...] defined in Art. 2, by 2030, at least 20% of land areas in need of restoration and, by 2050, all ecosystems in need of restoration.;TA5.23;Social Security - Workers Protection;Employment and working conditions: Create new job opportunities. Improve working conditions, ensure occupation health and safety.;+;1;The restoration of terrestrial ecosystems will support employment and working conditions, as it will promote sustainable and resilient food systems, thus creating new job opportunities and improving working conditions.
TA6	;TA6.7;Terrestrial Ecosystems Restoration;4. By 2030, significant areas of degraded and carbon-rich ecosystems are restored. Habitats and species show no deterioration in conservation trends and status, and at least 30% reach favourable conservation status or at least show a positive trend.;TA5.34;Food quality - Healthy Food;Health impact of diets: Reversing of the rise in overweight and obesity rates across the EU by 2030;+;2;The restoration of ecosystems will support the reversal of the rise in overweight and obesity rates, as it will promote sustainable and resilient food systems, thus reducing the environmental impact of food production and consumption.
TA6	;TA6.32;Terrestrial Ecosystems Restoration;Terrestrial, coastal and freshwater ecosystems. Member States shall put in place the restoration measures [...] to re-establish the habitat types listed in Annex I in areas not covered by those habitat types;TA5.31;Food quality - Healthy Food;Properties of food: Increase reformulation of food products in line with guidelines for healthy and sustainable diets;+;1;The restoration of ecosystems will support the reformulation of food products, as it will promote sustainable and resilient food systems, thus reducing the environmental impact of food production and consumption.
TA6	;TA6.35;Terrestrial Ecosystems Restoration;Terrestrial, coastal and freshwater ecosystems. Member States shall ensure that there is: (a) an increase of habitat area in good condition for habitat types listed in Annex I;TA5.33;Food quality - Healthy Food;Nutrition and healthy, sustainable diets: Move to healthier and more sustainable diets.;+;2;The increase in habitat area will support the transition to healthier and more sustainable diets, as it will promote sustainable and resilient food systems, thus reducing the environmental impact of food production and consumption.
TA6	;TA6.31;Terrestrial Ecosystems Restoration;Terrestrial, coastal and freshwater ecosystems. Member States shall put in place the restoration measures [...] to improve to good condition areas of habitat types listed in Annex I which are not in good condition.;TA5.7;GHG Reduction;Ensure that agriculture, fisheries and aquaculture, and the food value chain contribute to the target of reducing net greenhouse gas emissions to at least 55% below 1990 levels by 2030 and to the achievement of the objective for a climate-neutral Union in 2050.;+;3;The restoration of ecosystems will support the reduction of greenhouse gas emissions, as it will promote sustainable and resilient food systems, thus reducing the environmental impact of food production and consumption.
TA6	;TA6.10;Terrestrial Ecosystems Restoration - Agricultural Ecosystems;7. At least 10% of agricultural area is under high-diversity landscape features;TA5.17;Competitive Agriculture;Sectorial growth: Help farmers and fishers to strengthen their position in the supply chain and to capture a fair share of the added value of sustainable production;+;1;The implementation of high-diversity landscape features will support sectorial growth, as it will promote sustainable and resilient farming practices, thus improving the livelihoods of farmers and fishers.
TA6	;TA6.44;Terrestrial Ecosystems Restoration - Agricultural Ecosystems;(agricultural ecosystems) Member States shall put in place measures which shall aim to achieve an increasing trend at national level of at least two out of the three following indicators in agricultural ecosystems;TA5.18;Competitive Agriculture;Market power and business structure: Improve agricultural rules that strengthen the position of farmers (e.g. producers of products with geographical indications), their cooperatives and producer organisations in the food supply chain.;+;2;The implementation of measures to support agricultural ecosystems will support market power and business structure, as it will promote sustainable and resilient farming practices, thus improving the livelihoods of farmers and reducing the market power of large companies.
TA6	;TA6.45;Terrestrial Ecosystems Restoration - Agricultural Ecosystems;(agricultural ecosystems) Member States shall put in place restoration measures which shall aim to ensure that the common farmland bird index at national level based on the species specified in Annex V reaches the following levels;TA5.35;Competitive Agriculture;Preparedness, shock resilience, adaptation and transformation: Strengthen the resilience of the EU food system. Build up resilience to climate change, possible future diseases and pandemics. Increasing the sustainability of food producers will ultimately increase their resilience.;+;1;The restoration of ecosystems will support the resilience of the EU food system, as it will promote sustainable and resilient farming practices, thus reducing the impact of climate change and promoting food security.
TA6	;TA6.11;Terrestrial Ecosystems Restoration - Forests;9. Three billion trees are planted in the EU, in full respect of ecological principles;TA5.14;Circularity/Recycling;Circular economy: Scale-up and promote sustainable and socially responsible production methods and circular business models in food processing and retail.;+;2;The planting of trees will support the circular economy, as it will promote sustainable and resilient food systems, thus reducing waste and promoting the use of renewable resources.
TA6	;TA6.4;Terrestrial Ecosystems Restoration - Forests;2b. Strictly protect all remaining EU primary and old- growth forests;TA5.20;Competitive Agriculture;Trade: Foster the competitiveness of the EU supply sector.;+;1;The protection of primary and old-growth forests will support the competitiveness of the EU supply sector, as it will promote sustainable and resilient farming practices, thus improving the quality and quantity of agricultural products.
TA6	;TA6.47;Terrestrial Ecosystems Restoration - Forests;(trees) When identifying and implementing the restoration measures to meet the objectives and obligations set out in Articles 4, 6, 7, 8, 9 and 10, Member States shall aim to contribute to the commitment of planting at least three billion additional trees by 2030;TA5.21;Digitalisation;Digitalisation and knowledge transfer. Ensure access to fast broadband to all farmers and all rural areas to achieve the objective of 100% access by 2025 (enabler for jobs, businesses, investments, improvement in quality of life in rural areas and enabler to mainstream precision farming and use of artificial intelligence);+;1;The planting of trees will be facilitated by digitalization and knowledge transfer, as it will provide farmers with the necessary tools and information to promote sustainable and resilient farming practices.
TA6	;TA6.48;Terrestrial Ecosystems Restoration - Forests;(forest ecosystems) Member States shall achieve an increasing trend at national level of at least six out of seven of the following indicators in forest ecosystems;TA5.22;Transport Logistics;Transport, accessibility and infrastructure: Create shorter supply chains will support reducing dependence on long-haul transportation.;+;2;The increase in forest ecosystem indicators will support the creation of shorter supply chains, as it will promote sustainable and resilient food systems, thus reducing the environmental impact of food production and consumption.
TA6	;TA6.49;Terrestrial Ecosystems Restoration - Forests;(forest ecosystems) Member States shall achieve an increasing trend at national level of the common forest bird index;TA5.25;Food quality - Animal Welfare;Animal welfare: Promote better animal welfare to improve animal health and food quality.;+;1;The increase in the common forest bird index will support animal welfare, as it will promote sustainable and resilient food systems, thus reducing the impact of pollution and climate change on animal health.
TA6	;TA6.13;Terrestrial Ecosystems Restoration - Rivers;11. At least 25.000 km of free-flowing rivers are restored;TA5.13;Waste Reduction - Food Waste;Reduce food waste. Prevent food loss and waste. Halve per capita food waste at retail and consumer levels* *See also Directive (EU) 2018/851 on waste with a target on food waste reduction of 30% by 2025;+;1;The restoration of free-flowing rivers will support the reduction of food waste, as it will promote sustainable and resilient food systems, thus reducing the environmental impact of food production and consumption.
TA6	;TA6.39;Terrestrial Ecosystems Restoration - Rivers;Natural connectivity of rivers and natural functions of the related floodplains. Member States shall make an inventory of artificial barriers and remove them to connectivity of surface waters;TA5.23;Social Security - Workers Protection;Employment and working conditions: Create new job opportunities. Improve working conditions, ensure occupation health and safety.;+;1;The restoration of natural connectivity will support employment and working conditions, as it will promote sustainable and resilient food systems, thus creating new job opportunities and improving working conditions.
TA6	;TA6.1;Biodiversity Protection & Conservation;1.a Legally protect a minimum of 30% of the EU‚Äö√Ñ√¥s land area;TA3.3;Circularity/Recycling;Double EU‚Äö√Ñ√¥s circular material use rate in the coming decade;+;2;The implementation of TA6.1 could reinforce the achievement of TA3.3 by ensuring that a significant portion of the EU's land area is protected, which could lead to the preservation of natural resources and the promotion of sustainable land use practices, ultimately contributing to the increase of the circular material use rate.
TA6	;TA6.1;Biodiversity Protection & Conservation;1.a Legally protect a minimum of 30% of the EU‚Äö√Ñ√¥s land area;TA3.8;Critical Raw Materials - Extraction & Import;By 2030, Union extraction capacity should be able of extracting the ores, minerals or concentrates needed to produce at least 10% of the Union‚Äö√Ñ√¥s annual consumption of strategic raw materials;+;1;The implementation of TA6.1 could enable the extraction of strategic raw materials by protecting areas with potential mineral deposits, thus supporting the increase of the Union's extraction capacity.
TA6	;TA6.1;Biodiversity Protection & Conservation;1.a Legally protect a minimum of 30% of the EU‚Äö√Ñ√¥s land area;TA3.9;Critical Raw Materials - Extraction & Import;By 2030, Union processing capacity, including for all intermediate processing steps, should be able of producing at least 40% of the Union‚Äö√Ñ√¥s annual consumption of strategic raw materials;+;1;The implementation of TA6.1 could support the development of processing capacities for strategic raw materials by protecting areas with potential for processing and recycling, thus contributing to the increase of the Union's processing capacity.
TA6	;TA6.14;Biodiversity Protection & Conservation;12. There is a 50% reduction in the number of Red List species threatened by Invasive Alien Species (IAS);TA3.20;Circularity/Recycling - Critical Raw Materials - Batteries Recycling;Recycling shall achieve at least the following targets for recycling efficiency: No later than 31 December 2025- 75% by average weight of lead-acid batteries- 80% by average weight of nickel-cadmium batteries - 50% by average weight of other waste batteries;+;2;The implementation of TA6.14 could reinforce the achievement of TA3.20 by reducing the number of threatened species, which could lead to the preservation of biodiversity and the promotion of sustainable waste management practices, ultimately contributing to the increase of recycling efficiency.
TA6	;TA6.14;Biodiversity Protection & Conservation;12. There is a 50% reduction in the number of Red List species threatened by Invasive Alien Species (IAS);TA3.21;Circularity/Recycling - Critical Raw Materials - Batteries Recycling;Recycling shall achieve at least the following targets for recycling efficiency:- No later than 31 December 2025, 65% by average weight of lithium-based batteries- No later than 31 December 2030, 70% by average weight of lithium-based batteries.;+;2;The implementation of TA6.14 could reinforce the achievement of TA3.21 by reducing the number of threatened species, which could lead to the preservation of biodiversity and the promotion of sustainable waste management practices, ultimately contributing to the increase of recycling efficiency of lithium-based batteries.
TA6	;TA6.3;Biodiversity Protection & Conservation;2.a Strictly protect at least a third of the EU'S protected areas;TA3.30;Circularity/Recycling - Municipal Waste;Each Member State shall reduce the packaging waste generated per capita, as compared to the packaging waste generated per capita in 2018 as reported to the Commission in accordance with Decision 2005/270/EC by 5% by 2030, 10% by 2035, 15% by 2040 Proposal on packaging and packaging waste;+;1;The implementation of TA6.3 could support the reduction of packaging waste by protecting areas with potential for sustainable packaging practices, thus contributing to the decrease of packaging waste generation.
TA6	;TA6.8;Biodiversity Protection & Conservation;5. The decline of pollinators is reversed;TA3.33;Circularity/Recycling - Municipal Waste;Member States shall take the necessary measures to attain a recycling target of 25% of wood by weight of wood contained in packaging waste generated by 31 December 2025 and of 30% by 31 December 2030. Proposal on packaging and packaging waste;+;1;The implementation of TA6.8 could support the increase of wood recycling by promoting sustainable forestry practices, which could lead to an increase in wood availability for recycling, thus contributing to the attainment of the recycling target.
TA6	;TA6.33;Biodiversity Protection & Conservation;Terrestrial, coastal and freshwater ecosystems. Member States shall put in place the restoration measures for the terrestrial, coastal and freshwater habitats of the species listed in Annexes II, IV and V;TA3.1;Waste Reduction - Municipal Waste;Halve the amount of residual (non-recycled) municipal waste by 2030;+;2;The implementation of TA6.33 could reinforce the achievement of TA3.1 by restoring ecosystems and promoting sustainable waste management practices, ultimately contributing to the reduction of residual municipal waste.
TA6	;TA6.40;Biodiversity Protection & Conservation;(pollinator) Member States shall, by putting in place in a timely manner appropriate and effective measures, improve pollinator diversity and reverse the decline of pollinator populations;TA3.52;Circularity/Recycling - Plastic & Packaging;At least 20% of the carbon used in the chemical and plastic products should be from sustainable non-fossil sources by 2030, in full consideration of the EU's biodiversity and circular economy objectives and of the upcoming policy framework for bio-based, biodegradable and compostable plastics. Communication on Sustainable Carbon Cycles;+;1;The implementation of TA6.40 could support the increase of sustainable non-fossil carbon sources by promoting pollinator-friendly practices, which could lead to an increase in the production of bio-based products, thus contributing to the attainment of the target.
TA6	;TA6.2;Biodiversity Protection & Conservation - Fisheries;1.b Legally protect a minimum of 30% of the EU's sea area;TA3.8;Critical Raw Materials - Extraction & Import;By 2030, Union extraction capacity should be able of extracting the ores, minerals or concentrates needed to produce at least 10% of the Union‚Äö√Ñ√¥s annual consumption of strategic raw materials;+;1;The implementation of TA6.2 could enable the extraction of strategic raw materials by protecting marine areas with potential mineral deposits, thus supporting the increase of the Union's extraction capacity.
TA6	;TA6.2;Biodiversity Protection & Conservation - Fisheries;1.b Legally protect a minimum of 30% of the EU's sea area;TA3.9;Critical Raw Materials - Extraction & Import;By 2030, Union processing capacity, including for all intermediate processing steps, should be able of producing at least 40% of the Union‚Äö√Ñ√¥s annual consumption of strategic raw materials;+;1;The implementation of TA6.2 could support the development of processing capacities for strategic raw materials by protecting marine areas with potential for processing and recycling, thus contributing to the increase of the Union's processing capacity.
TA6	;TA6.28;Biodiversity Protection & Conservation - Fisheries;In accordance with the CFP, it is crucial to continue and accelerate the work of rebuilding and keeping fish stocks above MSY levels;TA3.20;Circularity/Recycling - Critical Raw Materials - Batteries Recycling;Recycling shall achieve at least the following targets for recycling efficiency: No later than 31 December 2025- 75% by average weight of lead-acid batteries- 80% by average weight of nickel-cadmium batteries - 50% by average weight of other waste batteries;+;2;The implementation of TA6.28 could reinforce the achievement of TA3.20 by promoting sustainable fishing practices, which could lead to the preservation of biodiversity and the promotion of sustainable waste management practices, ultimately contributing to the increase of recycling efficiency.
TA6	;TA6.28;Biodiversity Protection & Conservation - Fisheries;In accordance with the CFP, it is crucial to continue and accelerate the work of rebuilding and keeping fish stocks above MSY levels;TA3.21;Circularity/Recycling - Critical Raw Materials - Batteries Recycling;Recycling shall achieve at least the following targets for recycling efficiency:- No later than 31 December 2025, 65% by average weight of lithium-based batteries- No later than 31 December 2030, 70% by average weight of lithium-based batteries.;+;2;The implementation of TA6.28 could reinforce the achievement of TA3.21 by promoting sustainable fishing practices, which could lead to the preservation of biodiversity and the promotion of sustainable waste management practices, ultimately contributing to the increase of recycling efficiency of lithium-based batteries.
TA6	;TA6.34;Biodiversity Protection & Conservation - Monitoring;Terrestrial, coastal and freshwater ecosystems. Member States shall ensure that condition is known for at least 90% of the area distributed overall habitat types listed in Annex I by 2030 and 100% by 2040;TA3.30;Circularity/Recycling - Municipal Waste;Each Member State shall reduce the packaging waste generated per capita, as compared to the packaging waste generated per capita in 2018 as reported to the Commission in accordance with Decision 2005/270/EC by 5% by 2030, 10% by 2035, 15% by 2040 Proposal on packaging and packaging waste;+;1;The implementation of TA6.34 could support the reduction of packaging waste by promoting sustainable land use practices, which could lead to a decrease in packaging waste generation, thus contributing to the attainment of the target.
TA6	;TA6.43;Biodiversity Protection & Conservation - Monitoring;Marine ecosystems. Member States shall ensure, by 2030 at the latest, that the condition is known for at least 50% of the area distributed over all habitat types listed in groups 1‚Äö√Ñ√¨6 of Annex II;TA3.1;Waste Reduction - Municipal Waste;Halve the amount of residual (non-recycled) municipal waste by 2030;+;2;The implementation of TA6.43 could reinforce the achievement of TA3.1 by restoring marine ecosystems and promoting sustainable waste management practices, ultimately contributing to the reduction of residual municipal waste.
TA6	;TA6.16;Biodiversity Protection & Conservation - Urban Nature;14. Cities with at least 20.000 inhabitants have an ambitious Urban Greening Plan;TA3.33;Circularity/Recycling - Municipal Waste;Member States shall take the necessary measures to attain a recycling target of 25% of wood by weight of wood contained in packaging waste generated by 31 December 2025 and of 30% by 31 December 2030. Proposal on packaging and packaging waste;+;1;The implementation of TA6.16 could support the increase of wood recycling by promoting sustainable urban practices, which could lead to an increase in wood availability for recycling, thus contributing to the attainment of the recycling target.
TA6	;TA6.36;Biodiversity Protection & Conservation - Urban Nature;(urban ecosystems) By 2030, Member States shall ensure that there is no net loss in the total national area of urban green space, and of urban tree canopy cover in urban ecosystem areas;TA3.30;Circularity/Recycling - Municipal Waste;Each Member State shall reduce the packaging waste generated per capita, as compared to the packaging waste generated per capita in 2018 as reported to the Commission in accordance with Decision 2005/270/EC by 5% by 2030, 10% by 2035, 15% by 2040 Proposal on packaging and packaging waste;+;1;The implementation of TA6.36 could support the reduction of packaging waste by promoting sustainable urban practices, which could lead to a decrease in packaging waste generation, thus contributing to the attainment of the target.
TA6	;TA6.37;Biodiversity Protection & Conservation - Urban Nature;(urban ecosystems) Member States shall achieve thereafter an increasing trend in the total national area of urban green space, including through the integration of urban green space into buildings and infrastructure;TA3.52;Circularity/Recycling - Plastic & Packaging;At least 20% of the carbon used in the chemical and plastic products should be from sustainable non-fossil sources by 2030, in full consideration of the EU's biodiversity and circular economy objectives and of the upcoming policy framework for bio-based, biodegradable and compostable plastics. Communication on Sustainable Carbon Cycles;+;1;The implementation of TA6.37 could support the increase of sustainable non-fossil carbon sources by promoting sustainable urban practices, which could lead to an increase in the production of bio-based products, thus contributing to the attainment of the target.
TA6	;TA6.38;Biodiversity Protection & Conservation - Urban Nature;(urban ecosystems) Member States shall achieve, in each urban ecosystem area, determined in accordance with Article 14(4), an increasing trend of urban tree canopy cover;TA3.20;Circularity/Recycling - Critical Raw Materials - Batteries Recycling;Recycling shall achieve at least the following targets for recycling efficiency: No later than 31 December 2025- 75% by average weight of lead-acid batteries- 80% by average weight of nickel-cadmium batteries - 50% by average weight of other waste batteries;+;2;The implementation of TA6.38 could reinforce the achievement of TA3.20 by promoting sustainable urban practices, which could lead to the preservation of biodiversity and the promotion of sustainable waste management practices, ultimately contributing to the increase of recycling efficiency.
TA6	;TA6.52;Improve Air Quality;The Ambient Air Quality Directives set EU air quality standards for 12 air pollutants;TA3.29;Circularity/Recycling - Plastic & Packaging;Member States shall take measures to achieve a sustained reduction in the consumption of lightweight plastic carrier bags on their territory. A sustained reduction is achieved if the annual consumption does not exceed 40 lightweight plastic carrier bags per person, or the equivalent target in weight, by 31 December 2025, and subsequently by 31 December in each year thereafter. Proposal on packaging and packaging waste;+;1;The implementation of TA6.52 could support the reduction of packaging waste by promoting sustainable practices, which could lead to a decrease in packaging waste generation, thus contributing to the attainment of the target.
TA6	;TA6.15;Improve Soils Health;13. The losses of nutrients from fertilisers are reduced by 50%, resulting in the reduction of the use of fertilisers by at least 20%;TA3.30;Circularity/Recycling - Municipal Waste;Each Member State shall reduce the packaging waste generated per capita, as compared to the packaging waste generated per capita in 2018 as reported to the Commission in accordance with Decision 2005/270/EC by 5% by 2030, 10% by 2035, 15% by 2040 Proposal on packaging and packaging waste;+;1;The implementation of TA6.15 could support the reduction of packaging waste by promoting sustainable practices, which could lead to a decrease in packaging waste generation, thus contributing to the attainment of the target.
TA6	;TA6.46;Improve Soils Health;(agricultural ecosystems) Member States shall put in place measures which shall aim to restore organic soils in agricultural use constituting drained peatlands.;TA3.1;Waste Reduction - Municipal Waste;Halve the amount of residual (non-recycled) municipal waste by 2030;+;2;The implementation of TA6.46 could reinforce the achievement of TA3.1 by restoring organic soils and promoting sustainable waste management practices, ultimately contributing to the reduction of residual municipal waste.
TA6	;TA6.50;Improve Soils Health;Reach no net land take;TA3.8;Critical Raw Materials - Extraction & Import;By 2030, Union extraction capacity should be able of extracting the ores, minerals or concentrates needed to produce at least 10% of the Union‚Äö√Ñ√¥s annual consumption of strategic raw materials;+;1;The implementation of TA6.50 could enable the extraction of strategic raw materials by protecting areas from land take, thus supporting the increase of the Union's extraction capacity.
TA6	;TA6.50;Improve Soils Health;Reach no net land take;TA3.9;Critical Raw Materials - Extraction & Import;By 2030, Union processing capacity, including for all intermediate processing steps, should be able of producing at least 40% of the Union‚Äö√Ñ√¥s annual consumption of strategic raw materials;+;1;The implementation of TA6.50 could support the development of processing capacities for strategic raw materials by protecting areas from land take, thus contributing to the increase of the Union's processing capacity.
TA6	;TA6.62;Improve Water Quality;The Water Reuse Regulation aim to encourage and facilitate water reuse in the EU;TA3.30;Circularity/Recycling - Municipal Waste;Each Member State shall reduce the packaging waste generated per capita, as compared to the packaging waste generated per capita in 2018 as reported to the Commission in accordance with Decision 2005/270/EC by 5% by 2030, 10% by 2035, 15% by 2040 Proposal on packaging and packaging waste;+;1;The implementation of TA6.62 could support the reduction of packaging waste by promoting water reuse, which could lead to a decrease in packaging waste generation, thus contributing to the attainment of the target.
TA6	;TA6.51;Improve Water Quality;Member States shall take the measures necessary to ensure that water intended for human consumption is wholesome and clean;TA3.29;Circularity/Recycling - Plastic & Packaging;Member States shall take measures to achieve a sustained reduction in the consumption of lightweight plastic carrier bags on their territory. A sustained reduction is achieved if the annual consumption does not exceed 40 lightweight plastic carrier bags per person, or the equivalent target in weight, by 31 December 2025, and subsequently by 31 December in each year thereafter. Proposal on packaging and packaging waste;+;1;The implementation of TA6.51 could support the reduction of packaging waste by promoting sustainable practices, which could lead to a decrease in packaging waste generation, thus contributing to the attainment of the target.
TA6	;TA6.41;Marine Ecosystem Restoration;Marine ecosystems. Member States shall put in place the restoration measures [...] to improve [...] areas of habitat types listed in Annex II which are not in good condition.;TA3.20;Circularity/Recycling - Critical Raw Materials - Batteries Recycling;Recycling shall achieve at least the following targets for recycling efficiency: No later than 31 December 2025- 75% by average weight of lead-acid batteries- 80% by average weight of nickel-cadmium batteries - 50% by average weight of other waste batteries;+;2;The implementation of TA6.41 could reinforce the achievement of TA3.20 by restoring marine ecosystems and promoting sustainable waste management practices, ultimately contributing to the increase of recycling efficiency.
TA6	;TA6.42;Marine Ecosystem Restoration;ecosystems. Member States shall put in place the restoration measures that are necessary to re-establish the habitat types of groups 1-6 listed in Annex II;TA3.1;Waste Reduction - Municipal Waste;Halve the amount of residual (non-recycled) municipal waste by 2030;+;2;The implementation of TA6.42 could reinforce the achievement of TA3.1 by restoring ecosystems and promoting sustainable waste management practices, ultimately contributing to the reduction of residual municipal waste.
TA6	;TA6.30;Marine Ecosystem Restoration;Marine ecosystems. Member States shall put in place [...] measures [...] to jointly cover, as a Union target, throughout the areas and ecosystems [...] defined in Art. 2, by 2030, at least 20% of sea areas in need of restoration and, by 2050, all ecosystems in need of restoration.;TA3.30;Circularity/Recycling - Municipal Waste;Each Member State shall reduce the packaging waste generated per capita, as compared to the packaging waste generated per capita in 2018 as reported to the Commission in accordance with Decision 2005/270/EC by 5% by 2030, 10% by 2035, 15% by 2040 Proposal on packaging and packaging waste;+;1;The implementation of TA6.30 could support the reduction of packaging waste by promoting sustainable practices, which could lead to a decrease in packaging waste generation, thus contributing to the attainment of the target.
TA6	;TA6.9;Pesticides Reduction;6. The risk and use of chemical pesticides is reduced by 50%, and the use of more hazardous pesticides is reduced by 50%;TA3.20;Circularity/Recycling - Critical Raw Materials - Batteries Recycling;Recycling shall achieve at least the following targets for recycling efficiency: No later than 31 December 2025- 75% by average weight of lead-acid batteries- 80% by average weight of nickel-cadmium batteries - 50% by average weight of other waste batteries;+;2;The implementation of TA6.9 could reinforce the achievement of TA3.20 by reducing the use of chemical pesticides, which could lead to the preservation of biodiversity and the promotion of sustainable waste management practices, ultimately contributing to the increase of recycling efficiency.
TA6	;TA6.29;Terrestrial Ecosystems Restoration;Terrestrial ecosystems. Member States shall put in place [...] measures [...] to jointly cover, as a Union target, throughout the areas and ecosystems [...] defined in Art. 2, by 2030, at least 20% of land areas in need of restoration and, by 2050, all ecosystems in need of restoration.;TA3.1;Waste Reduction - Municipal Waste;Halve the amount of residual (non-recycled) municipal waste by 2030;+;2;The implementation of TA6.29 could reinforce the achievement of TA3.1 by restoring ecosystems and promoting sustainable waste management practices, ultimately contributing to the reduction of residual municipal waste.
TA6	;TA6.7;Terrestrial Ecosystems Restoration;4. By 2030, significant areas of degraded and carbon-rich ecosystems are restored. Habitats and species show no deterioration in conservation trends and status, and at least 30% reach favourable conservation status or at least show a positive trend.;TA3.30;Circularity/Recycling - Municipal Waste;Each Member State shall reduce the packaging waste generated per capita, as compared to the packaging waste generated per capita in 2018 as reported to the Commission in accordance with Decision 2005/270/EC by 5% by 2030, 10% by 2035, 15% by 2040 Proposal on packaging and packaging waste;+;1;The implementation of TA6.7 could support the reduction of packaging waste by promoting sustainable practices, which could lead to a decrease in packaging waste generation, thus contributing to the attainment of the target.
TA6	;TA6.32;Terrestrial Ecosystems Restoration;Terrestrial, coastal and freshwater ecosystems. Member States shall put in place the restoration measures [...] to re-establish the habitat types listed in Annex I in areas not covered by those habitat types;TA3.1;Waste Reduction - Municipal Waste;Halve the amount of residual (non-recycled) municipal waste by 2030;+;2;The implementation of TA6.32 could reinforce the achievement of TA3.1 by restoring ecosystems and promoting sustainable waste management practices, ultimately contributing to the reduction of residual municipal waste.
TA6	;TA6.35;Terrestrial Ecosystems Restoration;Terrestrial, coastal and freshwater ecosystems. Member States shall ensure that there is: (a) an increase of habitat area in good condition for habitat types listed in Annex I;TA3.30;Circularity/Recycling - Municipal Waste;Each Member State shall reduce the packaging waste generated per capita, as compared to the packaging waste generated per capita in 2018 as reported to the Commission in accordance with Decision 2005/270/EC by 5% by 2030, 10% by 2035, 15% by 2040 Proposal on packaging and packaging waste;+;1;The implementation of TA6.35 could support the reduction of packaging waste by promoting sustainable practices, which could lead to a decrease in packaging waste generation, thus contributing to the attainment of the target.
TA6	;TA6.31;Terrestrial Ecosystems Restoration;Terrestrial, coastal and freshwater ecosystems. Member States shall put in place the restoration measures [...] to improve to good condition areas of habitat types listed in Annex I which are not in good condition.;TA3.1;Waste Reduction - Municipal Waste;Halve the amount of residual (non-recycled) municipal waste by 2030;+;2;The implementation of TA6.31 could reinforce the achievement of TA3.1 by restoring ecosystems and promoting sustainable waste management practices, ultimately contributing to the reduction of residual municipal waste.
TA6	;TA6.10;Terrestrial Ecosystems Restoration - Agricultural Ecosystems;7. At least 10% of agricultural area is under high-diversity landscape features;TA3.30;Circularity/Recycling - Municipal Waste;Each Member State shall reduce the packaging waste generated per capita, as compared to the packaging waste generated per capita in 2018 as reported to the Commission in accordance with Decision 2005/270/EC by 5% by 2030, 10% by 2035, 15% by 2040 Proposal on packaging and packaging waste;+;1;The implementation of TA6.10 could support the reduction of packaging waste by promoting sustainable agricultural practices, which could lead to a decrease in packaging waste generation, thus contributing to the attainment of the target.
TA6	;TA6.44;Terrestrial Ecosystems Restoration - Agricultural Ecosystems;(agricultural ecosystems) Member States shall put in place measures which shall aim to achieve an increasing trend at national level of at least two out of the three following indicators in agricultural ecosystems;TA3.1;Waste Reduction - Municipal Waste;Halve the amount of residual (non-recycled) municipal waste by 2030;+;2;The implementation of TA6.44 could reinforce the achievement of TA3.1 by promoting sustainable agricultural practices and sustainable waste management practices, ultimately contributing to the reduction of residual municipal waste.
TA6	;TA6.45;Terrestrial Ecosystems Restoration - Agricultural Ecosystems;(agricultural ecosystems) Member States shall put in place restoration measures which shall aim to ensure that the common farmland bird index at national level based on the species specified in Annex V reaches the following levels;TA3.20;Circularity/Recycling - Critical Raw Materials - Batteries Recycling;Recycling shall achieve at least the following targets for recycling efficiency: No later than 31 December 2025- 75% by average weight of lead-acid batteries- 80% by average weight of nickel-cadmium batteries - 50% by average weight of other waste batteries;+;2;The implementation of TA6.45 could reinforce the achievement of TA3.20 by promoting sustainable agricultural practices, which could lead to the preservation of biodiversity and the promotion of sustainable waste management practices, ultimately contributing to the increase of recycling efficiency.
TA6	;TA6.11;Terrestrial Ecosystems Restoration - Forests;9. Three billion trees are planted in the EU, in full respect of ecological principles;TA3.30;Circularity/Recycling - Municipal Waste;Each Member State shall reduce the packaging waste generated per capita, as compared to the packaging waste generated per capita in 2018 as reported to the Commission in accordance with Decision 2005/270/EC by 5% by 2030, 10% by 2035, 15% by 2040 Proposal on packaging and packaging waste;+;1;The implementation of TA6.11 could support the reduction of packaging waste by promoting sustainable practices, which could lead to a decrease in packaging waste generation, thus contributing to the attainment of the target.
TA6	;TA6.4;Terrestrial Ecosystems Restoration - Forests;2b. Strictly protect all remaining EU primary and old-growth forests;TA3.20;Circularity/Recycling - Critical Raw Materials - Batteries Recycling;Recycling shall achieve at least the following targets for recycling efficiency: No later than 31 December 2025- 75% by average weight of lead-acid batteries- 80% by average weight of nickel-cadmium batteries - 50% by average weight of other waste batteries;+;2;The implementation of TA6.4 could reinforce the achievement of TA3.20 by promoting sustainable forestry practices, which could lead to the preservation of biodiversity and the promotion of sustainable waste management practices, ultimately contributing to the increase of recycling efficiency.
TA6	;TA6.47;Terrestrial Ecosystems Restoration - Forests;(trees) When identifying and implementing the restoration measures to meet the objectives and obligations set out in Articles 4, 6, 7, 8, 9 and 10, Member States shall aim to contribute to the commitment of planting at least three billion additional trees by 2030;TA3.30;Circularity/Recycling - Municipal Waste;Each Member State shall reduce the packaging waste generated per capita, as compared to the packaging waste generated per capita in 2018 as reported to the Commission in accordance with Decision 2005/270/EC by 5% by 2030, 10% by 2035, 15% by 2040 Proposal on packaging and packaging waste;+;1;The implementation of TA6.47 could support the reduction of packaging waste by promoting sustainable practices, which could lead to a decrease in packaging waste generation, thus contributing to the attainment of the target.
TA6	;TA6.48;Terrestrial Ecosystems Restoration - Forests;(forest ecosystems) Member States shall achieve an increasing trend at national level of at least six out of seven of the following indicators in forest ecosystems;TA3.20;Circularity/Recycling - Critical Raw Materials - Batteries Recycling;Recycling shall achieve at least the following targets for recycling efficiency: No later than 31 December 2025- 75% by average weight of lead-acid batteries- 80% by average weight of nickel-cadmium batteries - 50% by average weight of other waste batteries;+;2;The implementation of TA6.48 could reinforce the achievement of TA3.20 by promoting sustainable forestry practices, which could lead to the preservation of biodiversity and the promotion of sustainable waste management practices, ultimately contributing to the increase of recycling efficiency.
TA6	;TA6.49;Terrestrial Ecosystems Restoration - Forests;(forest ecosystems) Member States shall achieve an increasing trend at national level of the common forest bird index;TA3.20;Circularity/Recycling - Critical Raw Materials - Batteries Recycling;Recycling shall achieve at least the following targets for recycling efficiency: No later than 31 December 2025- 75% by average weight of lead-acid batteries- 80% by average weight of nickel-cadmium batteries - 50% by average weight of other waste batteries;+;2;The implementation of TA6.49 could reinforce the achievement of TA3.20 by promoting sustainable forestry practices, which could lead to the preservation of biodiversity and the promotion of sustainable waste management practices, ultimately contributing to the increase of recycling efficiency.
TA6	;TA6.13;Terrestrial Ecosystems Restoration - Rivers;11. At least 25.000 km of free-flowing rivers are restored;TA3.30;Circularity/Recycling - Municipal Waste;Each Member State shall reduce the packaging waste generated per capita, as compared to the packaging waste generated per capita in 2018 as reported to the Commission in accordance with Decision 2005/270/EC by 5% by 2030, 10% by 2035, 15% by 2040 Proposal on packaging and packaging waste;+;1;The implementation of TA6.13 could support the reduction of packaging waste by promoting sustainable practices, which could lead to a decrease in packaging waste generation, thus contributing to the attainment of the target.
TA6	;TA6.39;Terrestrial Ecosystems Restoration - Rivers;Natural connectivity of rivers and natural functions of the related floodplains. Member States shall make an inventory of artificial barriers and remove them to connectivity of surface waters;TA3.20;Circularity/Recycling - Critical Raw Materials - Batteries Recycling;Recycling shall achieve at least the following targets for recycling efficiency: No later than 31 December 2025- 75% by average weight of lead-acid batteries- 80% by average weight of nickel-cadmium batteries - 50% by average weight of other waste batteries;+;2;The implementation of TA6.39 could reinforce the achievement of TA3.20 by promoting sustainable water management practices, which could lead to the preservation of biodiversity and the promotion of sustainable waste management practices, ultimately contributing to the increase of recycling efficiency.
TA6	;TA6.1;Biodiversity Protection & Conservation;1.a Legally protect a minimum of 30% of the EU‚Äö√Ñ√¥s land area;TA2.9;Renewable Energy;Member States shall collectively ensure that the share of energy from renewable sources in the Union‚Äö√Ñ√¥s gross final consumption of energy in 2030 is at least 42.5%;+;2;The protection of land areas can lead to the creation of renewable energy sources, such as wind farms and solar panels, which can increase the share of renewable energy in the energy mix.
TA6	;TA6.3;Biodiversity Protection & Conservation;2.a Strictly protect at least a third of the EU'S protected areas;TA2.37;Renewable Energy;By 2030, the share of renewable energy in the electricity mix should double to 55-60%;+;1;The protection of protected areas can lead to the preservation of ecosystems and biodiversity, which can support the development of renewable energy sources, such as wind and solar power.
TA6	;TA6.33;Biodiversity Protection & Conservation;Terrestrial, coastal and freshwater ecosystems. Member States shall put in place the restoration measures for the terrestrial, coastal and freshwater habitats of the species listed in Annexes II, IV and V;TA2.23;Energy Efficiency;Member States shall make efforts to collectively contribute to the indicative Union primary energy consumption target amounting to no more than 992.5 Mtoe in 2030;+;3;The restoration of ecosystems can lead to the reduction of energy consumption, as restored ecosystems can provide ecosystem services, such as carbon sequestration, which can reduce the need for energy-intensive practices.
TA6	;TA6.40;Biodiversity Protection & Conservation;(pollinator) Member States shall, by putting in place in a timely manner appropriate and effective measures, improve pollinator diversity and reverse the decline of pollinator populations;TA2.25;Energy Efficiency - Buildings;Reduce buildings‚Äö√Ñ√¥ final energy consumption by 14%;+;2;The improvement of pollinator diversity can lead to the reduction of energy consumption in buildings, as pollinators can support the development of renewable energy sources, such as solar power, which can reduce energy consumption.
TA6	;TA6.2;Biodiversity Protection & Conservation - Fisheries;1.b Legally protect a minimum of 30% of the EU's sea area;TA2.38;Renewable Energy - Ocean/Offshore;Cumulative EU offshore goals of installed capacity: 60 GW by 2030 and 300 GW by 2050;+;1;The protection of sea areas can lead to the development of offshore renewable energy sources, such as wind farms, which can increase the share of renewable energy in the energy mix.
TA6	;TA6.34;Biodiversity Protection & Conservation - Monitoring;Terrestrial, coastal and freshwater ecosystems. Member States shall ensure that condition is known for at least 90% of the area distributed overall habitat types listed in Annex I by 2030 and 100% by 2040;TA2.14;Renewable Energy - Heating & Cooling;Each Member State shall increase the share of renewable energy in the heating and cooling sector by at least 0.8 percentage points as an annual average calculated for the period 2021 to 2025;+;2;The knowledge of ecosystem condition can lead to the development of renewable energy sources, such as heat pumps, which can increase the share of renewable energy in the heating and cooling sector.
TA6	;TA6.43;Biodiversity Protection & Conservation - Monitoring;Marine ecosystems. Member States shall ensure, by 2030 at the latest, that the condition is known for at least 50% of the area distributed over all habitat types listed in groups 1‚Äö√Ñ√¨6 of Annex II;TA2.18;Renewable Energy - Heating & Cooling;Indicative target of at least a 49% share of energy from renewable sources in the building sector in the Union‚Äö√Ñ√¥s final energy consumption in buildings in 2030;+;1;The knowledge of ecosystem condition can lead to the development of renewable energy sources, such as solar power, which can increase the share of renewable energy in the building sector.
TA6	;TA6.16;Biodiversity Protection & Conservation - Urban Nature;14. Cities with at least 20.000 inhabitants have an ambitious Urban Greening Plan;TA2.10;Renewable Energy;Member States shall set an indicative target for innovative renewable energy technology of at least 5% of newly installed renewable energy capacity by 2030;+;2;The implementation of Urban Greening Plans can lead to the development of innovative renewable energy technologies, such as urban solar power, which can increase the share of renewable energy in the energy mix.
TA6	;TA6.36;Biodiversity Protection & Conservation - Urban Nature;(urban ecosystems) By 2030, Member States shall ensure that there is no net loss in the total national area of urban green space, and of urban tree canopy cover in urban ecosystem areas;TA2.3;Renewable Energy - Hydrogen Production;Member States shall ensure that the contribution of renewable fuels of non-biological origin used for final energy and non-energy purposes shall be at least 42% of the hydrogen used for final energy and non-energy purposes in industry by 2030;+;1;The preservation of urban green spaces can lead to the development of renewable energy sources, such as urban wind power, which can increase the share of renewable energy in the energy mix.
TA6	;TA6.37;Biodiversity Protection & Conservation - Urban Nature;(urban ecosystems) Member States shall achieve thereafter an increasing trend in the total national area of urban green space, including through the integration of urban green space into buildings and infrastructure;TA2.40;Renewable Energy - Hydrogen Production;Around 30% of EU primary steel production is expected to be decarbonised on the basis of renewable hydrogen;+;2;The increase in urban green spaces can lead to the development of renewable energy sources, such as urban solar power, which can support the decarbonization of steel production.
TA6	;TA6.38;Biodiversity Protection & Conservation - Urban Nature;(urban ecosystems) Member States shall achieve, in each urban ecosystem area, determined in accordance with Article 14(4), an increasing trend of urban tree canopy cover;TA2.1;Renewable Energy - Hydrogen Production;REPowerEU sets a target of 10 million tonnes of domestic renewable hydrogen production and 10 million tonnes of renewable hydrogen imports by 2030;+;1;The increase in urban tree canopy cover can lead to the development of renewable energy sources, such as urban wind power, which can support the production of renewable hydrogen.
TA6	;TA6.52;Improve Air Quality;The Ambient Air Quality Directives set EU air quality standards for 12 air pollutants;TA2.15;Renewable Energy;By 2022, achieve 18% of the total increase in the share of energy from renewable sources between that Member State‚Äö√Ñ√¥s binding 2020 national target, and its contribution to the 2030 target;+;2;The improvement of air quality can lead to the development of renewable energy sources, such as solar power, which can increase the share of renewable energy in the energy mix.
TA6	;TA6.15;Improve Soils Health;13. The losses of nutrients from fertilisers are reduced by 50%, resulting in the reduction of the use of fertilisers by at least 20%;TA2.46;;(agricultural ecosystems) Member States shall put in place measures which shall aim to restore organic soils in agricultural use constituting drained peatlands;+;1;The reduction of nutrient losses can lead to the restoration of organic soils, which can support the development of renewable energy sources, such as biogas, which can reduce the need for land-intensive energy production methods, such as fossil fuels.
TA6	;TA6.50;Improve Soils Health;Reach no net land take;TA2.39;Renewable Energy - Ocean/Offshore;The strategy sets targets for an installed capacity of at least 1 GW of ocean energy by 2030 and 40 GW by 2050;+;2;The protection of land areas can lead to the development of ocean energy sources, which can increase the share of renewable energy in the energy mix.
TA6	;TA6.62;Improve Water Quality;The Water Reuse Regulation aim to encourage and facilitate water reuse in the EU;TA2.30;;Marine ecosystems. Member States shall put in place [...] measures [...] to jointly cover, as a Union target, throughout the areas and ecosystems [...] defined in Art. 2, by 2030, at least 20% of sea areas in need of restoration and, by 2050, all ecosystems in need of restoration;+;1;The promotion of water reuse can lead to the restoration of marine ecosystems, which can support the development of renewable energy sources, such as offshore wind power, which can increase the share of renewable energy in the energy mix.
TA6	;TA6.51;Improve Water Quality;Member States shall take the measures necessary to ensure that water intended for human consumption is wholesome and clean;TA2.6;Renewable Energy - Heating & Cooling;Energy demand to be covered by solar heat and geothermal should at least triple;+;2;The provision of clean water can lead to the development of renewable energy sources, such as solar power, which can increase the share of renewable energy in the energy mix.
TA6	;TA6.41;Marine Ecosystem Restoration;Marine ecosystems. Member States shall put in place the restoration measures [...] to improve [...] areas of habitat types listed in Annex II which are not in good condition;TA2.20;;The EU Blue Economy Observatory to act as a knowledge gateway facilitating access to information about the socio-economic performance of EU Blue Economy sectors and their progress in decarbonisation and energy transition;+;1;The restoration of marine ecosystems can lead to the development of blue economy sectors, which can support the development of renewable energy sources, such as offshore wind power, which can increase the share of renewable energy in the energy mix.
TA6	;TA6.42;Marine Ecosystem Restoration;ecosystems. Member States shall put in place the restoration measures that are necessary to re-establish the habitat types of groups 1-6 listed in Annex II;TA2.11;Renewable Energy;By 31 December 2025, each Member State shall agree to establish a framework for cooperation on joint projects with one or more other Member States for the production of renewable energy;+;2;The restoration of ecosystems can lead to the development of renewable energy sources, such as wind power, which can increase the share of renewable energy in the energy mix.
TA6	;TA6.30;Marine Ecosystem Restoration;Marine ecosystems. Member States shall put in place [...] measures [...] to jointly cover, as a Union target, throughout the areas and ecosystems [...] defined in Art. 2, by 2030, at least 20% of sea areas in need of restoration and, by 2050, all ecosystems in need of restoration;TA2.5;Renewable Energy - Solar;Bring online over 320 GW of solar photovoltaic by 2025 and almost 600 GW by 2030;+;1;The restoration of marine ecosystems can lead to the development of renewable energy sources, such as offshore wind power, which can increase the share of renewable energy in the energy mix.
TA6	;TA6.9;Pesticides Reduction;6. The risk and use of chemical pesticides is reduced by 50%, and the use of more hazardous pesticides is reduced by 50%;TA2.26;Energy Efficiency - Buildings;At least double the annual energy renovation rate of residential and non-residential buildings by 2030;+;2;The reduction of chemical pesticide use can lead to the development of renewable energy sources, such as solar power, which can increase the share of renewable energy in the energy mix.
TA6	;TA6.29;Terrestrial Ecosystems Restoration;Terrestrial ecosystems. Member States shall put in place [...] measures [...] to jointly cover, as a Union target, throughout the areas and ecosystems [...] defined in Art. 2, by 2030, at least 20% of land areas in need of restoration and, by 2050, all ecosystems in need of restoration;TA2.24;Energy Efficiency - Buildings;Each Member State shall ensure that at least 3% of the total floor area of heated and/or cooled buildings is renovated each year to be transformed into at least nearly zero-energy buildings;+;1;The restoration of terrestrial ecosystems can lead to the development of renewable energy sources, such as wind power, which can increase the share of renewable energy in the energy mix.
TA6	;TA6.7;Terrestrial Ecosystems Restoration;4. By 2030, significant areas of degraded and carbon-rich ecosystems are restored. Habitats and species show no deterioration in conservation trends and status, and at least 30% reach favourable conservation status or at least show a positive trend;TA2.28;Energy Efficiency - Buildings;Reduce buildings‚Äö√Ñ√¥ energy consumption for heating and cooling by 18% compared to 2015 levels by 2030;+;2;The restoration of ecosystems can lead to the development of renewable energy sources, such as solar power, which can increase the share of renewable energy in the energy mix.
TA6	;TA6.32;Terrestrial Ecosystems Restoration;Terrestrial, coastal and freshwater ecosystems. Member States shall put in place the restoration measures [...] to re-establish the habitat types listed in Annex I in areas not covered by those habitat types;TA2.33;Energy Efficiency - Buildings;The national measures will have to ensure that at least 55% of the decrease of the average primary energy use is achieved through the renovation of the worst-performing buildings;+;1;The restoration of ecosystems can lead to the development of renewable energy sources, such as wind power, which can increase the share of renewable energy in the energy mix.
TA6	;TA6.35;Terrestrial Ecosystems Restoration;Terrestrial, coastal and freshwater ecosystems. Member States shall ensure that there is: (a) an increase of habitat area in good condition for habitat types listed in Annex I;TA2.4;Energy Efficiency - Buildings;Double the current deployment rate of individual heat pumps, resulting in a cumulative 10 million units by 2027 and 30 million units by 2030;+;2;The increase in habitat area can lead to the development of renewable energy sources, such as heat pumps, which can increase the share of renewable energy in the energy mix.
TA6	;TA6.31;Terrestrial Ecosystems Restoration;Terrestrial, coastal and freshwater ecosystems. Member States shall put in place the restoration measures [...] to improve to good condition areas of habitat types listed in Annex I which are not in good condition;TA2.1;Renewable Energy - Hydrogen Production;REPowerEU sets a target of 10 million tonnes of domestic renewable hydrogen production and 10 million tonnes of renewable hydrogen imports by 2030;+;1;The restoration of ecosystems can lead to the development of renewable energy sources, such as renewable hydrogen, which can increase the share of renewable energy in the energy mix.
TA6	;TA6.10;Terrestrial Ecosystems Restoration - Agricultural Ecosystems;7. At least 10% of agricultural area is under high-diversity landscape features;TA2.44;;(agricultural ecosystems) Member States shall put in place measures which shall aim to achieve an increasing trend at national level of at least two out of the three following indicators in agricultural ecosystems;+;2;The implementation of high-diversity landscape features can lead to the development of renewable energy sources, such as biogas, which can increase the share of renewable energy in the energy mix.
TA6	;TA6.44;Terrestrial Ecosystems Restoration - Agricultural Ecosystems;(agricultural ecosystems) Member States shall put in place measures which shall aim to achieve an increasing trend at national level of at least two out of the three following indicators in agricultural ecosystems;TA2.45;;(agricultural ecosystems) Member States shall put in place restoration measures which shall aim to ensure that the common farmland bird index at national level based on the species specified in Annex V reaches the following levels;+;1;The implementation of measures to achieve an increasing trend in agricultural ecosystems can lead to the development of renewable energy sources, such as biogas, which can increase the share of renewable energy in the energy mix.
TA6	;TA6.11;Terrestrial Ecosystems Restoration - Forests;9. Three billion trees are planted in the EU, in full respect of ecological principles;TA2.47;;(trees) When identifying and implementing the restoration measures to meet the objectives and obligations set out in Articles 4, 6, 7, 8, 9 and 10, Member States shall aim to contribute to the commitment of planting at least three billion additional trees by 2030;+;2;The planting of trees can lead to the development of renewable energy sources, such as forest biomass, which can increase the share of renewable energy in the energy mix.
TA6	;TA6.4;Terrestrial Ecosystems Restoration - Forests;2b. Strictly protect all remaining EU primary and old- growth forests;TA2.48;;(forest ecosystems) Member States shall achieve an increasing trend at national level of at least six out of seven of the following indicators in forest ecosystems;+;1;The protection of primary and old-growth forests can lead to the development of renewable energy sources, such as forest biomass, which can increase the share of renewable energy in the energy mix.
TA6	;TA6.47;Terrestrial Ecosystems Restoration - Forests;(trees) When identifying and implementing the restoration measures to meet the objectives and obligations set out in Articles 4, 6, 7, 8, 9 and 10, Member States shall aim to contribute to the commitment of planting at least three billion additional trees by 2030;TA2.49;;(forest ecosystems) Member States shall achieve an increasing trend at national level of the common forest bird index;+;2;The planting of trees can lead to the development of renewable energy sources, such as forest biomass, which can increase the share of renewable energy in the energy mix.
TA6	;TA6.13;Terrestrial Ecosystems Restoration - Rivers;11. At least 25.000 km of free-flowing rivers are restored;TA2.50;;Reach no net land take;+;1;The restoration of free-flowing rivers can lead to the development of renewable energy sources, such as hydro power, which can increase the share of renewable energy in the energy mix.
TA6	;TA6.39;Terrestrial Ecosystems Restoration - Rivers;Natural connectivity of rivers and natural functions of the related floodplains. Member States shall make an inventory of artificial barriers and remove them to connectivity of surface waters;TA2.51;;Member States shall take the measures necessary to ensure that water intended for human consumption is wholesome and clean;+;2;The restoration of natural connectivity can lead to the development of renewable energy sources, such as hydro power, which can increase the share of renewable energy in the energy mix.
TA6	;TA6.1;Biodiversity Protection & Conservation;1.a Legally protect a minimum of 30% of the EU‚Äö√Ñ√¥s land area;TA4.1;Biofuels;Achieve an annual production of sustainable biomethane of 35 billion cubic meters by 2030;+;2;The implementation of TA6.1 could reinforce TA4.1 by providing a larger area for sustainable biomethane production, thus increasing the potential for achieving the target of 35 billion cubic meters by 2030.
TA6	;TA6.14;Biodiversity Protection & Conservation;12. There is a 50% reduction in the number of Red List species threatened by Invasive Alien Species (IAS);TA4.7;Biofuels;Each Member State shall set an obligation on fuel suppliers to ensure that: (B) the combined share of advanced biofuels and biogas produced from the feedstock listed in Part A of Annex IX and of renewable fuels of non-biological origin in the energy supplied to the transport sector is at least 1% in 2025 and 5.5% in 2030, of which a share of at least 1 percentage point is from renewable fuels of non-biological origin in 2030. Directive (EU) 2023/2413;+;1;The reduction of IAS could enable the growth of new biofuels, which would be in line with the EU's renewable energy targets, thus facilitating the achievement of the advanced biofuels target.
TA6	;TA6.3;Biodiversity Protection & Conservation;2.a Strictly protect at least a third of the EU'S protected areas;TA4.5;Biofuels;Aviation fuel suppliers shall also ensure that Sustainable Aviation Fuel (SAF) made available to aircraft operators at each Union airport will be at least 2% from 2025, 6% from 2030, 20% from 2035, 34% from 2040, 42% from 2045 and 70% from 2050. Regulation (EU) 2023/2405;-;2;The strict protection of EU protected areas might limit the areas available for SAF production, thus counteracting the aviation fuel target.
TA6	;TA6.8;Biodiversity Protection & Conservation;5. The decline of pollinators is reversed;TA4.9;GHG Reduction - Transports;Cut the emissions of transport sector by 90% by 2050 relative to 1990. Sustainable and Smart Mobility Strategy;+;3;The reversal of the decline of pollinators could lead to an increase in food production, thus reducing the need for synthetic fertilizers and lowering emissions from the transport sector.
TA6	;TA6.33;Biodiversity Protection & Conservation;Terrestrial, coastal and freshwater ecosystems. Member States shall put in place the restoration measures for the terrestrial, coastal and freshwater habitats of the species listed in Annexes II, IV and V;TA4.30;Hydrogen Distribution;Member States shall ensure that, by 31 December 2030, at least one publicly accessible hydrogen refuelling station is deployed in each urban node. Regulation (EU) 2023/1804;-;1;The restoration of ecosystems might compete with the deployment of hydrogen refuelling stations, as it could require large areas of land.
TA6	;TA6.40;Biodiversity Protection & Conservation;(pollinator) Member States shall, by putting in place in a timely manner appropriate and effective measures, improve pollinator diversity and reverse the decline of pollinator populations;TA4.6;Other Low-Carbon Fuels;Of the SAF targets reported above, synthetic aviation fuels should represent a minimum share of 1.2% from 2030, 5% from 2035, 10% from 2034, 15% from 2045, and 35% from 2050. Regulation (EU) 2023/2405;+;2;The improvement of pollinator diversity could lead to an increase in the production of SAF, thus facilitating the achievement of the SAF target.
TA6	;TA6.2;Biodiversity Protection & Conservation - Fisheries;1.b Legally protect a minimum of 30% of the EU's sea area;TA4.34;Energy Efficiency;Member States shall ensure that a minimum shore-side electricity supply for seagoing container ships and seagoing passenger ships is provided in TEN-T maritime ports. To that end, by 31 December 2029 TEN-T core and comprehensive maritime ports [...] are equipped to provide each year shore-side electricity supply for at least 90 % of the total number of port calls of seagoing container ships above 5.000 gross tonnes that are moored at the quayside at the maritime port concerned and 90% of the total number of port calls of seagoing ro-ro passenger ships above 5.000 gross tonnes and seagoing high-speed passenger craft above 5.000 gross tonnes that are moored at the quayside at the maritime port concerned Regulation (EU) 2023/1804;-;3;The protection of 30% of the EU's sea area might limit the areas available for shore-side electricity supply, thus counteracting the shore-side electricity target.
TA6	;TA6.28;Biodiversity Protection & Conservation - Fisheries;In accordance with the CFP, it is crucial to continue and accelerate the work of rebuilding and keeping fish stocks above MSY levels;TA4.10;Energy Efficiency;EU fisheries are encouraged to continue the positive trend, as observed for the period 2009-2019, towards reducing fuel intensity by reducing the fossil-fuel consumption per kg of landed product for at least an additional 15% for the period 2019-2030. Energy Transition of the EU Fisheries and Aquaculture sector;+;1;The rebuilding of fish stocks could lead to an increase in the production of sustainable biomethane, thus facilitating the achievement of the sustainable biomethane target.
TA6	;TA6.34;Biodiversity Protection & Conservation - Monitoring;Terrestrial, coastal and freshwater ecosystems. Member States shall ensure that condition is known for at least 90% of the area distributed overall habitat types listed in Annex I by 2030 and 100% by 2040.;TA4.25;Energy Infrastructure;Member States shall ensure that, at the end of each year, the following power output targets are met cumulatively: (a) for each light-duty battery electric vehicle registered in their territory, a total power output of at least 1.3 kW is provided through publicly accessible recharging stations, and (b) for each light-duty plug-in hybrid vehicle registered in their territory, a total power output of at least 0.80 kW is provided through publicly accessible recharging stations. Regulation (EU) 2023/1804;-;2;The monitoring of ecosystem conditions might compete with the deployment of recharging stations, as it could require significant resources.
TA6	;TA6.43;Biodiversity Protection & Conservation - Monitoring;Marine ecosystems. Member States shall ensure, by 2030 at the latest, that the condition is known for at least 50% of the area distributed over all habitat types listed in groups 1‚Äö√Ñ√¨6 of Annex II.;TA4.26;Energy Infrastructure;Member States shall ensure that along the TEN-T core and comprehensive network, publicly accessible recharging pools dedicated to light-duty vehicles deployed in each direction of travel with a maximum distance of 60 km in-between them offering a power output of at least 600kW and including at least one recharging point with an individual power output of at least 150 kW. Regulation (EU) 2023/1804;-;1;The monitoring of marine ecosystem conditions might compete with the deployment of recharging pools, as it could require large areas of land.
TA6	;TA6.16;Biodiversity Protection & Conservation - Urban Nature;14. Cities with at least 20.000 inhabitants have an ambitious Urban Greening Plan;TA4.32;Energy Efficiency;States shall ensure that, at all airports of the TEN-T core network and TEN-T comprehensive network, the provision of electricity supply to stationary aircraft is ensured by 31 December 2029, at all aircraft remote stands used for commercial air transport operations to embark or disembark passengers or to load or unload goods Regulation (EU) 2023/1804;+;2;The implementation of urban greening plans could lead to an increase in the production of sustainable biomethane, thus facilitating the achievement of the sustainable biomethane target.
TA6	;TA6.36;Biodiversity Protection & Conservation - Urban Nature;(urban ecosystems) By 2030, Member States shall ensure that there is no net loss in the total national area of urban green space, and of urban tree canopy cover in urban ecosystem areas.;TA4.33;Energy Efficiency;Member States shall ensure that at least one installation providing shore-side electricity supply to inland waterway vessels is deployed at all TEN-T core inland waterway ports by 1 January 2025, at least one installation providing shore-side electricity supply to inland waterway vessels is deployed at all TEN-T comprehensive inland waterway ports by 1 January 2030. Regulation (EU) 2023/1804;-;3;The protection of urban green spaces might limit the areas available for shore-side electricity supply, thus counteracting the shore-side electricity target.
TA6	;TA6.37;Biodiversity Protection & Conservation - Urban Nature;(urban ecosystems) Member States shall achieve thereafter an increasing trend in the total national area of urban green space, including through the integration of urban green space into buildings and infrastructure;TA4.6;Other Low-Carbon Fuels;Of the SAF targets reported above, synthetic aviation fuels should represent a minimum share of 1.2% from 2030, 5% from 2035, 10% from 2034, 15% from 2045, and 35% from 2050. Regulation (EU) 2023/2405;+;1;The increase in urban green spaces could lead to an increase in the production of SAF, thus facilitating the achievement of the SAF target.
TA6	;TA6.38;Biodiversity Protection & Conservation - Urban Nature;(urban ecosystems) Member States shall achieve, in each urban ecosystem area, determined in accordance with Article 14(4), an increasing trend of urban tree canopy cover;TA4.20;Renewable Energy - Hydrogen Production;In the first phase, from 2020 up to 2024, the strategic objective is to install at least 6 GW of renewable hydrogen electrolysers in the EU. In the second phase, from 2025 up to 2030, the strategic objective is to install at least 40 GW of renewable hydrogen electrolysers. A Hydrogen Strategy for a climate-neutral Europe;-;2;The increase in urban tree canopy cover might compete with the deployment of renewable hydrogen electrolysers, as it could require large areas of land.
TA6	;TA6.52;Improve Air Quality;The Ambient Air Quality Directives set EU air quality standards for 12 air pollutants;TA4.15;GHG Reduction - Transports;The average CO2 emissions of the Union fleet of new heavy-duty motor vehicles [...], off-road vehicles and off-road special purpose vehicles shall be reduced by the following percentages compared to the average CO2 emissions of the reporting period of the year 2019: (a) 15% for vehicle sub-groups 4-UD, 4-RD, 4-LH, 5-RD, 5-LH, 9-RD, 9-LH, 10-RD and 10-LH for the reporting periods of the years 2025 to 2029, (b) 45% for all vehicle sub-groups other than vocational vehicles for the reporting periods of the years 2030 to 2034, (c) 65% for all vehicle sub-groups for the reporting periods of the years 2035 to 2039, (d) 90% for all vehicle sub-groups for the reporting periods of the year 2040 onwards Regulation (EU) 2024/1610;+;3;The implementation of air quality standards could lead to a reduction in emissions from the transport sector, thus facilitating the achievement of the transport emissions target.
TA6	;TA6.15;Improve Soils Health;13. The losses of nutrients from fertilisers are reduced by 50%, resulting in the reduction of the use of fertilisers by at least 20%;TA4.3;GHG Reduction - Transports;The yearly average GHG intensity of the energy used on board by a ship during a reporting period shall be reduced, compared to the reference value (91.16 gCO2e/MJ) by: 2% from 1 January 2025, 6% from 1 January 2030, 14.5% from 1 January 2035, 31% from 1 January 2040, 62% from 1 January 2045 and 80% from 1 January 2050. Regulation (EU) 2023/1805;-;1;The reduction of fertiliser use might limit the areas available for low-carbon shipping, thus counteracting the low-carbon shipping target.
TA6	;TA6.46;Improve Soils Health;(agricultural ecosystems) Member States shall put in place measures which shall aim to restore organic soils in agricultural use constituting drained peatlands.;TA4.11;Transport Logistics;Reduce the average door-to-door cost of combined transport operations by at least 10% within 7 years Proposal for a Directive to support framework for intermodal transport of goods;+;2;The restoration of organic soils could lead to an increase in the production of sustainable biomethane, thus facilitating the achievement of the sustainable biomethane target.
TA6	;TA6.50;Improve Soils Health;Reach no net land take;TA4.55;Urban Mobility;Zero-emission in urban logistics The new EU Urban Mobility Framework.;-;3;The protection of natural areas might limit the areas available for zero-emission logistics, thus counteracting the zero-emission logistics target.
TA6	;TA6.62;Improve Water Quality;The Water Reuse Regulation aim to encourage and facilitate water reuse in the EU;TA4.30;Hydrogen Distribution;Member States shall ensure that, by 31 December 2030, at least one publicly accessible hydrogen refuelling station is deployed in each urban node. Regulation (EU) 2023/1804;+;1;The implementation of water reuse could lead to an increase in the production of sustainable biomethane, thus facilitating the achievement of the sustainable biomethane target.
TA6	;TA6.51;Improve Water Quality;Member States shall take the measures necessary to ensure that water intended for human consumption is wholesome and clean;TA4.6;Other Low-Carbon Fuels;Of the SAF targets reported above, synthetic aviation fuels should represent a minimum share of 1.2% from 2030, 5% from 2035, 10% from 2034, 15% from 2045, and 35% from 2050. Regulation (EU) 2023/2405;-;2;The protection of water quality might limit the areas available for SAF production, thus counteracting the SAF target.
TA6	;TA6.41;Marine Ecosystem Restoration;Marine ecosystems. Member States shall put in place the restoration measures [...] to improve [...] areas of habitat types listed in Annex II which are not in good condition.;TA4.20;Renewable Energy - Hydrogen Production;In the first phase, from 2020 up to 2024, the strategic objective is to install at least 6 GW of renewable hydrogen electrolysers in the EU. In the second phase, from 2025 up to 2030, the strategic objective is to install at least 40 GW of renewable hydrogen electrolysers. A Hydrogen Strategy for a climate-neutral Europe;+;3;The restoration of marine ecosystems could lead to an increase in the production of renewable hydrogen, thus facilitating the achievement of the renewable hydrogen target.
TA6	;TA6.42;Marine Ecosystem Restoration;ecosystems. Member States shall put in place the restoration measures that are necessary to re-establish the habitat types of groups 1-6 listed in Annex II;TA4.13;Net-Zero Technology - Road Vehicles;For [...] ‚Äö√Ñ√∫urban buses‚Äö√Ñ√π manufacturers shall comply with the 90% (in the reporting period 2030-2034) and 100% (as from 2035) minimum shares in their fleet of new heavy-duty vehicles Regulation (EU) 2024/1610;+;2;The restoration of ecosystems could lead to an increase in the production of sustainable biomethane, thus facilitating the achievement of the sustainable biomethane target.
TA6	;TA6.30;Marine Ecosystem Restoration;Marine ecosystems. Member States shall put in place [...] measures [...] to jointly cover, as a Union target, throughout the areas and ecosystems [...] defined in Art. 2, by 2030, at least 20% of sea areas in need of restoration and, by 2050, all ecosystems in need of restoration.;TA4.31;Hydrogen Distribution;Member States shall ensure that, by 31 December 2030, publicly accessible hydrogen refuelling stations with a total capacity of at least 1 tonne per day, and equipped with at least a 700 bar dispenser, are deployed at least every 200 km along the TEN-T (Trans-European Transport Network) core network Regulation (EU) 2023/1804;+;1;The restoration of marine ecosystems could lead to an increase in the production of renewable hydrogen, thus facilitating the achievement of the renewable hydrogen target.
TA6	;TA6.9;Pesticides Reduction;6. The risk and use of chemical pesticides is reduced by 50%, and the use of more hazardous pesticides is reduced by 50%;TA4.7;Biofuels;Each Member State shall set an obligation on fuel suppliers to ensure that: (B) the combined share of advanced biofuels and biogas produced from the feedstock listed in Part A of Annex IX and of renewable fuels of non-biological origin in the energy supplied to the transport sector is at least 1% in 2025 and 5.5% in 2030, of which a share of at least 1 percentage point is from renewable fuels of non-biological origin in 2030. Directive (EU) 2023/2413;+;2;The reduction of chemical pesticide use could lead to an increase in the production of advanced biofuels, thus facilitating the achievement of the advanced biofuels target.
TA6	;TA6.29;Terrestrial Ecosystems Restoration;Terrestrial ecosystems. Member States shall put in place [...] measures [...] to jointly cover, as a Union target, throughout the areas and ecosystems [...] defined in Art. 2, by 2030, at least 20% of land areas in need of restoration and, by 2050, all ecosystems in need of restoration.;TA4.25;Energy Infrastructure;Member States shall ensure that, at the end of each year, the following power output targets are met cumulatively: (a) for each light-duty battery electric vehicle registered in their territory, a total power output of at least 1.3 kW is provided through publicly accessible recharging stations, and (b) for each light-duty plug-in hybrid vehicle registered in their territory, a total power output of at least 0.80 kW is provided through publicly accessible recharging stations. Regulation (EU) 2023/1804;-;1;The restoration of terrestrial ecosystems might compete with the deployment of recharging stations, as it could require large areas of land.
TA6	;TA6.7;Terrestrial Ecosystems Restoration;4. By 2030, significant areas of degraded and carbon-rich ecosystems are restored. Habitats and species show no deterioration in conservation trends and status, and at least 30% reach favourable conservation status or at least show a positive trend.;TA4.26;Energy Infrastructure;Member States shall ensure that along the TEN-T core and comprehensive network, publicly accessible recharging pools dedicated to light-duty vehicles deployed in each direction of travel with a maximum distance of 60 km in-between them offering a power output of at least 600kW and including at least one recharging point with an individual power output of at least 150 kW. Regulation (EU) 2023/1804;+;3;The restoration of ecosystems could lead to an increase in the production of sustainable biomethane, thus facilitating the achievement of the sustainable biomethane target.
TA6	;TA6.32;Terrestrial Ecosystems Restoration;Terrestrial, coastal and freshwater ecosystems. Member States shall put in place the restoration measures [...] to re-establish the habitat types listed in Annex I in areas not covered by those habitat types;TA4.27;Energy Infrastructure;Member States shall ensure that, by 31 December 2030 (with intermediate 2025 and 2027 targets), along the TEN-T core road network, publicly accessible recharging pools dedicated to heavy-duty electric vehicles are deployed in each direction of travel with a maximum distance of 60 km between them [...]. Along the TEN-T comprehensive road network, recharging pools dedicated to heavy-duty electric vehicles are deployed in each direction of travel with a maximum distance of 100 km between them and each recharging pool offers a power output of at least 1.500 kW and includes at least one recharging point with an individual power output of at least 350 kW. Regulation (EU) 2023/1804;-;2;The restoration of ecosystems might compete with the deployment of recharging pools, as it could require large areas of land.
TA6	;TA6.35;Terrestrial Ecosystems Restoration;Terrestrial, coastal and freshwater ecosystems. Member States shall ensure that there is: (a) an increase of habitat area in good condition for habitat types listed in Annex I;TA4.28;Energy Infrastructure;By 31 December 2030, in each safe and secure parking area at least four publicly accessible recharging stations dedicated to heavy-duty electric vehicles with an individual power output of at least 100 kW are deployed. Regulation (EU) 2023/1804;+;1;The increase in habitat area could lead to an increase in the production of renewable hydrogen, thus facilitating the achievement of the renewable hydrogen target.
TA6	;TA6.31;Terrestrial Ecosystems Restoration;Terrestrial, coastal and freshwater ecosystems. Member States shall put in place the restoration measures [...] to improve to good condition areas of habitat types listed in Annex I which are not in good condition.;TA4.29;Energy Infrastructure;By 31 December 2030, in each urban node publicly accessible recharging points dedicated to heavy-duty electric vehicles with an aggregated power output of at least 1 800 kW are deployed, provided by recharging stations with an individual power output of at least 150 kW. Regulation (EU) 2023/180;+;2;The restoration of ecosystems could lead to an increase in the production of sustainable biomethane, thus facilitating the achievement of the sustainable biomethane target.
TA6	;TA6.10;Terrestrial Ecosystems Restoration - Agricultural Ecosystems;7. At least 10% of agricultural area is under high-diversity landscape features;TA4.55;Urban Mobility;Zero-emission in urban logistics The new EU Urban Mobility Framework.;-;2;The protection of agricultural areas might limit the areas available for zero-emission logistics, thus counteracting the zero-emission logistics target.
TA6	;TA6.44;Terrestrial Ecosystems Restoration - Agricultural Ecosystems;(agricultural ecosystems) Member States shall put in place measures which shall aim to achieve an increasing trend at national level of at least two out of the three following indicators in agricultural ecosystems;TA4.3;GHG Reduction - Transports;The yearly average GHG intensity of the energy used on board by a ship during a reporting period shall be reduced, compared to the reference value (91.16 gCO2e/MJ) by: 2% from 1 January 2025, 6% from 1 January 2030, 14.5% from 1 January 2035, 31% from 1 January 2040, 62% from 1 January 2045 and 80% from 1 January 2050. Regulation (EU) 2023/1805;+;3;The improvement of agricultural ecosystems could lead to a reduction in emissions from the transport sector, thus facilitating the achievement of the transport emissions target.
TA6	;TA6.45;Terrestrial Ecosystems Restoration - Agricultural Ecosystems;(agricultural ecosystems) Member States shall put in place restoration measures which shall aim to ensure that the common farmland bird index at national level based on the species specified in Annex V reaches the following levels;TA4.6;Other Low-Carbon Fuels;Of the SAF targets reported above, synthetic aviation fuels should represent a minimum share of 1.2% from 2030, 5% from 2035, 10% from 2034, 15% from 2045, and 35% from 2050. Regulation (EU) 2023/2405;+;2;The improvement of agricultural ecosystems could lead to an increase in the production of SAF, thus facilitating the achievement of the SAF target.
TA6	;TA6.11;Terrestrial Ecosystems Restoration - Forests;9. Three billion trees are planted in the EU, in full respect of ecological principles;TA4.30;Hydrogen Distribution;Member States shall ensure that, by 31 December 2030, at least one publicly accessible hydrogen refuelling station is deployed in each urban node. Regulation (EU) 2023/1804;-;1;The planting of trees might compete with the deployment of hydrogen refuelling stations, as it could require large areas of land.
TA6	;TA6.4;Terrestrial Ecosystems Restoration - Forests;2b. Strictly protect all remaining EU primary and old- growth forests;TA4.13;Net-Zero Technology - Road Vehicles;For [...] ‚Äö√Ñ√∫urban buses‚Äö√Ñ√π manufacturers shall comply with the 90% (in the reporting period 2030-2034) and 100% (as from 2035) minimum shares in their fleet of new heavy-duty vehicles Regulation (EU) 2024/1610;+;1;The protection of primary and old-growth forests could lead to an increase in the production of sustainable biomethane, thus facilitating the achievement of the sustainable biomethane target.
TA6	;TA6.47;Terrestrial Ecosystems Restoration - Forests;(trees) When identifying and implementing the restoration measures to meet the objectives and obligations set out in Articles 4, 6, 7, 8, 9 and 10, Member States shall aim to contribute to the commitment of planting at least three billion additional trees by 2030;TA4.20;Renewable Energy - Hydrogen Production;In the first phase, from 2020 up to 2024, the strategic objective is to install at least 6 GW of renewable hydrogen electrolysers in the EU. In the second phase, from 2025 up to 2030, the strategic objective is to install at least 40 GW of renewable hydrogen electrolysers. A Hydrogen Strategy for a climate-neutral Europe;+;3;The planting of trees could lead to an increase in the production of renewable hydrogen, thus facilitating the achievement of the renewable hydrogen target.
TA6	;TA6.48;Terrestrial Ecosystems Restoration - Forests;(forest ecosystems) Member States shall achieve an increasing trend at national level of at least six out of seven of the following indicators in forest ecosystems;TA4.26;Energy Infrastructure;Member States shall ensure that along the TEN-T core and comprehensive network, publicly accessible recharging pools dedicated to light-duty vehicles deployed in each direction of travel with a maximum distance of 60 km in-between them offering a power output of at least 600kW and including at least one recharging point with an individual power output of at least 150 kW. Regulation (EU) 2023/1804;+;2;The improvement of forest ecosystems could lead to an increase in the production of sustainable biomethane, thus facilitating the achievement of the sustainable biomethane target.
TA6	;TA6.49;Terrestrial Ecosystems Restoration - Forests;(forest ecosystems) Member States shall achieve an increasing trend at national level of the common forest bird index;TA4.6;Other Low-Carbon Fuels;Of the SAF targets reported above, synthetic aviation fuels should represent a minimum share of 1.2% from 2030, 5% from 2035, 10% from 2034, 15% from 2045, and 35% from 2050. Regulation (EU) 2023/2405;+;1;The improvement of forest ecosystems could lead to an increase in the production of SAF, thus facilitating the achievement of the SAF target.
TA6	;TA6.13;Terrestrial Ecosystems Restoration - Rivers;11. At least 25.000 km of free-flowing rivers are restored;TA4.8;Other Low-Carbon Fuels;Member States with maritime ports shall endeavour to ensure that as of 2030 the share of renewable fuels of non-biological origin (RFNBOs) in the total amount of energy supplied to the maritime transport sector is at least 1.2%. Directive (EU) 2023/2413;+;2;The restoration of rivers could lead to an increase in the production of advanced biofuels, thus facilitating the achievement of the advanced biofuels target.
TA6	;TA6.39;Terrestrial Ecosystems Restoration - Rivers;Natural connectivity of rivers and natural functions of the related floodplains. Member States shall make an inventory of artificial barriers and remove them to connectivity of surface waters;TA4.33;Energy Efficiency;Member States shall ensure that at least one installation providing shore-side electricity supply to inland waterway vessels is deployed at all TEN-T core inland waterway ports by 1 January 2025, at least one installation providing shore-side electricity supply to inland waterway vessels is deployed at all TEN-T comprehensive inland waterway ports by 1 January 2030. Regulation (EU) 2023/1804;-;1;The removal of artificial barriers might compete with the deployment of shore-side electricity supply, as it could require large areas of land.
TA6	;TA6.52;Improve Air Quality;The Ambient Air Quality Directives set EU air quality standards for 12 air pollutants;TA4.55;Urban Mobility;Zero-emission in urban logistics The new EU Urban Mobility Framework.;+;1;The implementation of air quality standards could lead to a reduction in emissions from the transport sector, thus facilitating the achievement of the transport emissions target.
TA6	;TA6.1;Biodiversity Protection & Conservation;1.a Legally protect a minimum of 30% of the EU  land area;TA7.9;Improve Air Quality;Improve air quality to reduce the number of premature deaths caused by air pollution by 55% by 2030;+;2;The protection of 30% of the EU's land area will likely lead to a reduction in air pollution, as natural habitats can act as air purifiers, thereby contributing to improved air quality and a decrease in premature deaths caused by air pollution.
TA6	;TA6.14;Biodiversity Protection & Conservation;12. There is a 50% reduction in the number of Red List species threatened by Invasive Alien Species (IAS);TA7.13;Improve Air Quality;Reduce by 25% the EU ecosystems where air pollution threatens biodiversity, by 2030;+;2;Reducing the number of Red List species threatened by IAS will likely contribute to a decrease in air pollution, as IAS can exacerbate air pollution, and thus, a reduction in IAS will lead to improved ecosystem health and biodiversity, which in turn will reduce the number of ecosystems threatened by air pollution.
TA6	;TA6.3;Biodiversity Protection & Conservation;2.a Strictly protect at least a third of the EU'S protected areas;TA7.5;Improve Water Quality;The revised Urban Wastewater Treatment Directive (UWWTD) extends the scope of the 1991 UWWTD;+;1;Strictly protecting at least a third of the EU's protected areas will likely lead to improved wastewater treatment, as protected areas can include wetlands that help to filter and purify wastewater, thereby contributing to improved water quality.
TA6	;TA6.8;Biodiversity Protection & Conservation;5. The decline of pollinators is reversed;TA7.10;Improve Water Quality;Improve water quality by reducing waste, plastic litter at sea (by 50%);+;1;Reversing the decline of pollinators will likely contribute to improved water quality, as pollinators play a crucial role in maintaining ecosystem health, and healthy ecosystems are essential for maintaining good water quality and reducing plastic litter.
TA6	;TA6.33;Biodiversity Protection & Conservation;Terrestrial, coastal and freshwater ecosystems. Member States shall put in place the restoration measures for the terrestrial, coastal and freshwater habitats of the species listed in Annexes II, IV and V;TA7.15;Improve Soils Health;Having all soils in healthy condition by 2050;+;2;Restoring terrestrial, coastal, and freshwater ecosystems will likely contribute to improved soil health, as these ecosystems play a crucial role in maintaining soil quality and fertility, and thus, will help to achieve the target of having all soils in healthy condition by 2050.
TA6	;TA6.40;Biodiversity Protection & Conservation;(pollinator) Member States shall, by putting in place in a timely manner appropriate and effective measures, improve pollinator diversity and reverse the decline of pollinator populations;TA7.6;Improve Soils Health;Improve soil quality by reducing chemical pesticides‚Äô use by 50%, by 2030;+;2;Improving pollinator diversity and reversing the decline of pollinator populations will likely contribute to improved soil quality, as pollinators play a crucial role in maintaining ecosystem health, and reducing chemical pesticide use will help to protect pollinators and improve soil quality.
TA6	;TA6.2;Biodiversity Protection & Conservation - Fisheries;1.b Legally protect a minimum of 30% of the EU's sea area;TA7.10;Improve Water Quality;Improve water quality by reducing waste, plastic litter at sea (by 50%);+;2;Protecting 30% of the EU's sea area will likely contribute to improved water quality, as marine protected areas can help to reduce plastic litter and improve the overall health of marine ecosystems, which in turn will contribute to improved water quality.
TA6	;TA6.28;Biodiversity Protection & Conservation - Fisheries;In accordance with the CFP, it is crucial to continue and accelerate the work of rebuilding and keeping fish stocks above MSY levels;TA7.14;Noise Reduction;Reduce the share of people chronically disturbed by transport noise by 30%, by 2030;-;1;Rebuilding and keeping fish stocks above MSY levels may lead to increased fishing activities, which could lead to increased transport noise, thereby counteracting efforts to reduce the share of people chronically disturbed by transport noise.
TA6	;TA6.34;Biodiversity Protection & Conservation - Monitoring;Terrestrial, coastal and freshwater ecosystems. Member States shall ensure that condition is known for at least 90% of the area distributed overall habitat types listed in Annex I by 2030 and 100% by 2040;TA7.16;Improve Water Quality;By means of an updated and harmonised list of pollutants affecting surface and groundwater, updated existing quality standards, new monitoring requirements, improved and more accessible data, and a more flexible framework for addressing pollutants of emerging concerns;+;1;Ensuring that the condition of ecosystems is known will likely contribute to improved water quality, as it will allow for more effective monitoring and management of pollutants, which in turn will contribute to improved ecosystem health and biodiversity.
TA6	;TA6.43;Biodiversity Protection & Conservation - Monitoring;Marine ecosystems. Member States shall ensure, by 2030 at the latest, that the condition is known for at least 50% of the area distributed over all habitat types listed in groups 1‚Äì6 of Annex II;TA7.10;Improve Water Quality;Improve water quality by reducing waste, plastic litter at sea (by 50%);+;1;Ensuring that the condition of marine ecosystems is known will likely contribute to improved water quality, as it will allow for more effective monitoring and management of pollutants, which in turn will contribute to improved ecosystem health and biodiversity, and reduced plastic litter.
TA6	;TA6.16;Biodiversity Protection & Conservation - Urban Nature;14. Cities with at least 20.000 inhabitants have an ambitious Urban Greening Plan;TA7.5;Improve Water Quality;The revised Urban Wastewater Treatment Directive (UWWTD) extends the scope of the 1991 UWWTD;+;1;Implementing Urban Greening Plans will likely contribute to improved wastewater treatment, as urban green spaces can help to filter and purify wastewater, thereby contributing to improved water quality.
TA6	;TA6.36;Biodiversity Protection & Conservation - Urban Nature;(urban ecosystems) By 2030, Member States shall ensure that there is no net loss in the total national area of urban green space, and of urban tree canopy cover in urban ecosystem areas;TA7.10;Improve Water Quality;Improve water quality by reducing waste, plastic litter at sea (by 50%);+;1;Ensuring no net loss in urban green space and urban tree canopy cover will likely contribute to improved water quality, as urban green spaces can help to filter and purify wastewater, thereby contributing to improved water quality and reduced plastic litter.
TA6	;TA6.37;Biodiversity Protection & Conservation - Urban Nature;(urban ecosystems) Member States shall achieve thereafter an increasing trend in the total national area of urban green space, including through the integration of urban green space into buildings and infrastructure;TA7.6;Improve Soils Health;Improve soil quality by reducing chemical pesticides‚Äô use by 50%, by 2030;+;1;Increasing urban green space will likely contribute to improved soil quality, as urban green spaces can help to filter and purify soil, thereby reducing the need for chemical pesticides.
TA6	;TA6.38;Biodiversity Protection & Conservation - Urban Nature;(urban ecosystems) Member States shall achieve, in each urban ecosystem area, determined in accordance with Article 14(4), an increasing trend of urban tree canopy cover;TA7.10;Improve Water Quality;Improve water quality by reducing waste, plastic litter at sea (by 50%);+;1;Increasing urban tree canopy cover will likely contribute to improved water quality, as urban trees can help to filter and purify wastewater, thereby contributing to improved water quality and reduced plastic litter.
TA6	;TA6.52;Improve Air Quality;The Ambient Air Quality Directives set EU air quality standards for 12 air pollutants;TA7.9;Improve Air Quality;Improve air quality to reduce the number of premature deaths caused by air pollution by 55% by 2030;+;2;Improving air quality will likely contribute to a reduction in premature deaths caused by air pollution, as the Ambient Air Quality Directives set standards for air pollutants that are harmful to human health.
TA6	;TA6.15;Improve Soils Health;13. The losses of nutrients from fertilisers are reduced by 50%, resulting in the reduction of the use of fertilisers by at least 20%;TA7.8;Improve Soils Health;Improve soil quality by reducing nutrient losses use by 50%, by 2030;+;2;Reducing nutrient losses from fertilisers will likely contribute to improved soil quality, as excessive nutrient use can lead to soil degradation and pollution, and reducing fertiliser use will help to protect soil health.
TA6	;TA6.46;Improve Soils Health;(agricultural ecosystems) Member States shall put in place measures which shall aim to restore organic soils in agricultural use constituting drained peatlands;TA7.15;Improve Soils Health;Having all soils in healthy condition by 2050;+;2;Restoring organic soils in agricultural use will likely contribute to improved soil health, as organic soils are essential for maintaining soil fertility and structure, and thus, will help to achieve the target of having all soils in healthy condition by 2050.
TA6	;TA6.50;Improve Soils Health;Reach no net land take;TA7.16;Improve Water Quality;By means of an updated and harmonised list of pollutants affecting surface and groundwater, updated existing quality standards, new monitoring requirements, improved and more accessible data, and a more flexible framework for addressing pollutants of emerging concerns;+;1;Reaching no net land take will likely contribute to improved water quality, as it will help to reduce pollution from agricultural activities, which in turn will contribute to improved ecosystem health and biodiversity, and reduced pollution.
TA6	;TA6.62;Improve Water Quality;The Water Reuse Regulation aim to encourage and facilitate water reuse in the EU;TA7.10;Improve Water Quality;Improve water quality by reducing waste, plastic litter at sea (by 50%);+;1;Encouraging water reuse will likely contribute to improved water quality, as it will help to reduce wastewater, thereby reducing plastic litter and improving ecosystem health.
TA6	;TA6.51;Improve Water Quality;Member States shall take the measures necessary to ensure that water intended for human consumption is wholesome and clean;TA7.5;Improve Water Quality;The revised Urban Wastewater Treatment Directive (UWWTD) extends the scope of the 1991 UWWTD;+;1;Ensuring wholesome and clean water will likely contribute to improved wastewater treatment, as the UWWTD aims to reduce pollution from urban wastewater, thereby contributing to improved water quality.
TA6	;TA6.41;Marine Ecosystem Restoration;Marine ecosystems. Member States shall put in place the restoration measures [...] to improve [...] areas of habitat types listed in Annex II which are not in good condition;TA7.10;Improve Water Quality;Improve water quality by reducing waste, plastic litter at sea (by 50%);+;1;Restoring marine ecosystems will likely contribute to improved water quality, as marine ecosystems play a crucial role in maintaining good water quality, and reducing plastic litter will help to protect these ecosystems.
TA6	;TA6.42;Marine Ecosystem Restoration;ecosystems. Member States shall put in place the restoration measures that are necessary to re-establish the habitat types of groups 1-6 listed in Annex II;TA7.16;Improve Water Quality;By means of an updated and harmonised list of pollutants affecting surface and groundwater, updated existing quality standards, new monitoring requirements, improved and more accessible data, and a more flexible framework for addressing pollutants of emerging concerns;+;1;Restoring ecosystems will likely contribute to improved water quality, as ecosystems play a crucial role in maintaining good water quality, and reducing pollution will help to protect these ecosystems.
TA6	;TA6.30;Marine Ecosystem Restoration;Marine ecosystems. Member States shall put in place [...] measures [...] to jointly cover, as a Union target, throughout the areas and ecosystems [...] defined in Art. 2, by 2030, at least 20% of sea areas in need of restoration and, by 2050, all ecosystems in need of restoration;TA7.10;Improve Water Quality;Improve water quality by reducing waste, plastic litter at sea (by 50%);+;2;Restoring marine ecosystems will likely contribute to improved water quality, as marine ecosystems play a crucial role in maintaining good water quality, and reducing plastic litter will help to protect these ecosystems.
TA6	;TA6.9;Pesticides Reduction;6. The risk and use of chemical pesticides is reduced by 50%, and the use of more hazardous pesticides is reduced by 50%;TA7.6;Improve Soils Health;Improve soil quality by reducing chemical pesticides‚Äô use by 50%, by 2030;+;3;Reducing the risk and use of chemical pesticides will likely contribute to improved soil quality, as chemical pesticides can pollute soil and harm ecosystems, and reducing their use will help to protect soil health and biodiversity.
TA6	;TA6.29;Terrestrial Ecosystems Restoration;Terrestrial ecosystems. Member States shall put in place [...] measures [...] to jointly cover, as a Union target, throughout the areas and ecosystems [...] defined in Art. 2, by 2030, at least 20% of land areas in need of restoration and, by 2050, all ecosystems in need of restoration;TA7.15;Improve Soils Health;Having all soils in healthy condition by 2050;+;2;Restoring terrestrial ecosystems will likely contribute to improved soil health, as terrestrial ecosystems play a crucial role in maintaining soil fertility and structure, and thus, will help to achieve the target of having all soils in healthy condition by 2050.
TA6	;TA6.7;Terrestrial Ecosystems Restoration;4. By 2030, significant areas of degraded and carbon-rich ecosystems are restored. Habitats and species show no deterioration in conservation trends and status, and at least 30% reach favourable conservation status or at least show a positive trend;TA7.9;Improve Air Quality;Improve air quality to reduce the number of premature deaths caused by air pollution by 55% by 2030;+;2;Restoring degraded and carbon-rich ecosystems will likely contribute to improved air quality, as these ecosystems can help to filter and purify the air, thereby reducing air pollution and improving human health.
TA6	;TA6.32;Terrestrial Ecosystems Restoration;Terrestrial, coastal and freshwater ecosystems. Member States shall put in place the restoration measures [...] to re-establish the habitat types listed in Annex I in areas not covered by those habitat types;TA7.5;Improve Water Quality;The revised Urban Wastewater Treatment Directive (UWWTD) extends the scope of the 1991 UWWTD;+;1;Restoring ecosystems will likely contribute to improved wastewater treatment, as ecosystems can help to filter and purify wastewater, thereby contributing to improved water quality.
TA6	;TA6.35;Terrestrial Ecosystems Restoration;Terrestrial, coastal and freshwater ecosystems. Member States shall ensure that there is: (a) an increase of habitat area in good condition for habitat types listed in Annex I;TA7.10;Improve Water Quality;Improve water quality by reducing waste, plastic litter at sea (by 50%);+;1;Increasing habitat area in good condition will likely contribute to improved water quality, as healthy ecosystems are essential for maintaining good water quality, and reducing plastic litter will help to protect these ecosystems.
TA6	;TA6.31;Terrestrial Ecosystems Restoration;Terrestrial, coastal and freshwater ecosystems. Member States shall put in place the restoration measures [...] to improve to good condition areas of habitat types listed in Annex I which are not in good condition;TA7.16;Improve Water Quality;By means of an updated and harmonised list of pollutants affecting surface and groundwater, updated existing quality standards, new monitoring requirements, improved and more accessible data, and a more flexible framework for addressing pollutants of emerging concerns;+;1;Restoring ecosystems will likely contribute to improved water quality, as ecosystems play a crucial role in maintaining good water quality, and reducing pollution will help to protect these ecosystems.
TA6	;TA6.10;Terrestrial Ecosystems Restoration - Agricultural Ecosystems;7. At least 10% of agricultural area is under high-diversity landscape features;TA7.6;Improve Soils Health;Improve soil quality by reducing chemical pesticides‚Äô use by 50%, by 2030;+;1;Increasing the area under high-diversity landscape features will likely contribute to improved soil quality, as these features can help to reduce soil erosion and improve soil fertility, and reducing chemical pesticide use will help to protect soil health and biodiversity.
TA6	;TA6.44;Terrestrial Ecosystems Restoration - Agricultural Ecosystems;(agricultural ecosystems) Member States shall put in place measures which shall aim to achieve an increasing trend at national level of at least two out of the three following indicators in agricultural ecosystems;TA7.14;Noise Reduction;Reduce the share of people chronically disturbed by transport noise by 30%, by 2030;-;1;Implementing measures to achieve an increasing trend in agricultural ecosystems may lead to increased transport noise, as it may require increased machinery and equipment use, thereby counteracting efforts to reduce transport noise.
TA6	;TA6.45;Terrestrial Ecosystems Restoration - Agricultural Ecosystems;(agricultural ecosystems) Member States shall put in place restoration measures which shall aim to ensure that the common farmland bird index at national level based on the species specified in Annex V reaches the following levels;TA7.6;Improve Soils Health;Improve soil quality by reducing chemical pesticides‚Äô use by 50%, by 2030;+;2;Restoring agricultural ecosystems will likely contribute to improved soil quality, as agricultural ecosystems play a crucial role in maintaining soil fertility and structure, and reducing chemical pesticide use will help to protect soil health and biodiversity.
TA6	;TA6.11;Terrestrial Ecosystems Restoration - Forests;9. Three billion trees are planted in the EU, in full respect of ecological principles;TA7.15;Improve Soils Health;Having all soils in healthy condition by 2050;+;2;Planting trees will likely contribute to improved soil health, as trees help to maintain soil fertility and structure, and thus, will help to achieve the target of having all soils in healthy condition by 2050.
TA6	;TA6.4;Terrestrial Ecosystems Restoration - Forests;2b. Strictly protect all remaining EU primary and old- growth forests;TA7.9;Improve Air Quality;Improve air quality to reduce the number of premature deaths caused by air pollution by 55% by 2030;+;2;Protecting primary and old-growth forests will likely contribute to improved air quality, as these forests can help to filter and purify the air, thereby reducing air pollution and improving human health.
TA6	;TA6.47;Terrestrial Ecosystems Restoration - Forests;(trees) When identifying and implementing the restoration measures to meet the objectives and obligations set out in Articles 4, 6, 7, 8, 9 and 10, Member States shall aim to contribute to the commitment of planting at least three billion additional trees by 2030;TA7.10;Improve Water Quality;Improve water quality by reducing waste, plastic litter at sea (by 50%);+;1;Planting trees will likely contribute to improved water quality, as trees can help to filter and purify wastewater, thereby contributing to improved water quality and reduced plastic litter.
TA6	;TA6.48;Terrestrial Ecosystems Restoration - Forests;(forest ecosystems) Member States shall achieve an increasing trend at national level of at least six out of seven of the following indicators in forest ecosystems;TA7.5;Improve Water Quality;The revised Urban Wastewater Treatment Directive (UWWTD) extends the scope of the 1991 UWWTD;+;1;Improving forest ecosystems will likely contribute to improved wastewater treatment, as forest ecosystems can help to filter and purify wastewater, thereby contributing to improved water quality.
TA6	;TA6.49;Terrestrial Ecosystems Restoration - Forests;(forest ecosystems) Member States shall achieve an increasing trend at national level of the common forest bird index;TA7.6;Improve Soils Health;Improve soil quality by reducing chemical pesticides‚Äô use by 50%, by 2030;+;2;Improving forest ecosystems will likely contribute to improved soil quality, as forest ecosystems play a crucial role in maintaining soil fertility and structure, and reducing chemical pesticide use will help to protect soil health and biodiversity.
TA6	;TA6.13;Terrestrial Ecosystems Restoration - Rivers;11. At least 25.000 km of free-flowing rivers are restored;TA7.10;Improve Water Quality;Improve water quality by reducing waste, plastic litter at sea (by 50%);+;1;Restoring free-flowing rivers will likely contribute to improved water quality, as free-flowing rivers can help to filter and purify wastewater, thereby contributing to improved water quality and reduced plastic litter.
TA6	;TA6.39;Terrestrial Ecosystems Restoration - Rivers;Natural connectivity of rivers and natural functions of the related floodplains. Member States shall make an inventory of artificial barriers and remove them to connectivity of surface waters;TA7.14;Noise Reduction;Reduce the share of people chronically disturbed by transport noise by 30%, by 2030;-;1;Removing artificial barriers may lead to increased transport noise, as it may require increased machinery and equipment use, thereby counteracting efforts to reduce transport noise.
TA7	;TA7.9;Improve Air Quality;Improve air quality to reduce the number of premature deaths caused by air pollution by 55% by 2030;TA6.52;Improve Air Quality;The Ambient Air Quality Directives set EU air quality standards for 12 air pollutants;+;2;The implementation of TA7.9 will reinforce the EU air quality standards set by TA6.52, as reducing air pollution will contribute to achieving the air quality standards.
TA7	;TA7.4;Improve Air Quality;The Industrial Emissions Directive (IED) aims at preventing or reducing emissions from large industrial installations and intensive farming into the environment.;TA6.9;Pesticides Reduction;The risk and use of chemical pesticides is reduced by 50%, and the use of more hazardous pesticides is reduced by 50%;-;2;The implementation of TA7.4 may counteract the reduction of chemical pesticides use set by TA6.9, as the IED may allow for some emissions from industrial installations.
TA7	;TA7.13;Improve Air Quality;Reduce by 25% the EU ecosystems where air pollution threatens biodiversity, by 2030;TA6.1;Biodiversity Protection & Conservation;1.a Legally protect a minimum of 30% of the EU  land area;+;1;The implementation of TA7.13 will enable the protection of at least 30% of the EU's land area set by TA6.1, as reducing air pollution will contribute to preserving biodiversity in protected areas.
TA7	;TA7.6;Improve Soils Health;Improve soil quality by reducing chemical pesticides‚Äô use by 50%, by 2030;TA6.50;Improve Soils Health;Reach no net land take;+;1;The implementation of TA7.6 will contribute to reaching the target of no net land take set by TA6.50, as reducing chemical pesticides use will help maintain soil health and prevent land degradation.
TA7	;TA7.8;Improve Soils Health;Improve soil quality by reducing nutrient losses use by 50%, by 2030;TA6.50;Improve Soils Health;Reach no net land take;-;1;The implementation of TA7.8 may constrain the achievement of the no net land take target set by TA6.50, as reducing nutrient losses may lead to changes in land use, potentially resulting in land take.
TA7	;TA7.15;Improve Soils Health;Having all soils in healthy condition by 2050;TA6.30;Marine Ecosystem Restoration;Marine ecosystems. Member States shall put in place [...] measures [...] to jointly cover, as a Union target, throughout the areas and ecosystems [...] defined in Art. 2, by 2030, at least 20% of sea areas in need of restoration and, by 2050, all ecosystems in need of restoration.;+;2;The implementation of TA7.15 will reinforce the restoration of marine ecosystems set by TA6.30, as having all soils in healthy condition will contribute to improving the overall health of marine ecosystems.
TA7	;TA7.5;Improve Water Quality;The revised Urban Wastewater Treatment Directive (UWWTD) extends the scope of the 1991 UWWTD;TA6.41;Marine Ecosystem Restoration;Marine ecosystems. Member States shall put in place the restoration measures [...] to improve [...] areas of habitat types listed in Annex II which are not in good condition.;+;1;The implementation of TA7.5 will enable the restoration of marine ecosystems set by TA6.41, as the revised UWWTD will contribute to reducing pollution in marine ecosystems.
TA7	;TA7.10;Improve Water Quality;Improve water quality by reducing waste, plastic litter at sea (by 50%);TA6.15;Improve Soils Health;13. The losses of nutrients from fertilisers are reduced by 50%, resulting in the reduction of the use of fertilisers by at least 20%;-;2;The implementation of TA7.10 may counteract the reduction of nutrient losses set by TA6.15, as reducing waste and plastic litter at sea may not directly address the issue of nutrient losses from fertilisers.
TA7	;TA7.11;Improve Water Quality;Improve water quality by reducing microplastics released into the environment (by 30%);TA6.14;Biodiversity Protection & Conservation;12. There is a 50% reduction in the number of Red List species threatened by Invasive Alien Species (IAS);+;1;The implementation of TA7.11 will contribute to reducing the number of Red List species threatened by IAS set by TA6.14, as reducing microplastics will help protect species from pollution.
TA7	;TA7.16;Improve Water Quality;By means of an updated and harmonised list of pollutants affecting surface and groundwater, updated existing quality standards, new monitoring requirements, improved and more accessible data, and a more flexible framework for addressing pollutants of emerging concerns;TA6.3;Biodiversity Protection & Conservation;2.a Strictly protect at least a third of the EU'S protected areas;+;2;The implementation of TA7.16 will reinforce the protection of at least a third of the EU's protected areas set by TA6.3, as the updated list of pollutants and quality standards will contribute to preserving biodiversity in protected areas.
TA7	;TA7.14;Noise Reduction;Reduce the share of people chronically disturbed by transport noise by 30%, by 2030;TA6.4;Terrestrial Ecosystems Restoration - Forests;2b. Strictly protect all remaining EU primary and old-growth forests;+;1;The implementation of TA7.14 will contribute to protecting primary and old-growth forests set by TA6.4, as reducing transport noise will help maintain the natural habitats of these forests.
TA7	;TA7.6;Improve Soils Health;Improve soil quality by reducing chemical pesticides‚Äô use by 50%, by 2030;TA6.47;Terrestrial Ecosystems Restoration - Forests;(trees) When identifying and implementing the restoration measures to meet the objectives and obligations set out in Articles 4, 6, 7, 8, 9 and 10, Member States shall aim to contribute to the commitment of planting at least three billion additional trees by 2030;-;2;The implementation of TA7.6 may counteract the planting of additional trees set by TA6.47, as reducing chemical pesticides use may lead to changes in land use, potentially resulting in deforestation for tree planting.
TA7	;TA7.9;Improve Air Quality;Improve air quality to reduce the number of premature deaths caused by air pollution by 55% by 2030;TA5.11;Biodiversity Protection & Conservation;Biodiversity conservation and restoration of natural resources: Protect the environment and restore natural resources. Preserve biodiversity and reduce biodiversity loss.;+;2;The implementation of TA7.9 will likely reinforce the achievement of TA5.11, as improving air quality can contribute to preserving biodiversity and reducing biodiversity loss.
TA7	;TA7.4;Improve Air Quality;The Industrial Emissions Directive (IED) aims at preventing or reducing emissions from large industrial installations and intensive farming into the environment.;TA5.14;Circularity/Recycling;Circular economy: Scale-up and promote sustainable and socially responsible production methods and circular business models in food processing and retail.;+;1;The IED can enable the achievement of TA5.14 by reducing emissions and promoting sustainable production methods.
TA7	;TA7.13;Improve Air Quality;Reduce by 25% the EU ecosystems where air pollution threatens biodiversity, by 2030;TA5.17;Competitive Agriculture;Sectorial growth: Help farmers and fishers to strengthen their position in the supply chain and to capture a fair share of the added value of sustainable production;+;1;Reducing air pollution can contribute to the growth of the agricultural sector and the strengthening of farmers' and fishers' positions in the supply chain.
TA7	;TA7.6;Improve Soils Health;Improve soil quality by reducing chemical pesticides‚Äô use by 50%, by 2030;TA5.20;Competitive Agriculture;Trade: Foster the competitiveness of the EU supply sector.;+;1;Improving soil quality can contribute to increasing the competitiveness of the EU supply sector by promoting sustainable agricultural practices.
TA7	;TA7.8;Improve Soils Health;Improve soil quality by reducing nutrient losses use by 50%, by 2030;TA5.35;Competitive Agriculture;Preparedness, shock resilience, adaptation and transformation: Strengthen the resilience of the EU food system. Build up resilience to climate change, possible future diseases and pandemics. Increasing the sustainability of food producers will ultimately increase their resilience.;+;2;Reducing nutrient losses can reinforce the resilience of the EU food system and contribute to the preparedness and adaptation to climate change.
TA7	;TA7.15;Improve Soils Health;Having all soils in healthy condition by 2050;TA5.21;Digitalisation;Digitalisation and knowledge transfer. Ensure access to fast broadband to all farmers and all rural areas to achieve the objective of 100% access by 2025 (enabler for jobs, businesses, investments, improvement in quality of life in rural areas and enabler to mainstream precision farming and use of artificial intelligence);+;1;Having healthy soils can enable the achievement of TA5.21 by promoting digitalisation and knowledge transfer in rural areas.
TA7	;TA7.5;Improve Water Quality;The revised Urban Wastewater Treatment Directive (UWWTD) extends the scope of the 1991 UWWTD;TA5.29;Food affordability;Food availability: Improve availability of sustainable food. Ensure that the healthy option is always the easiest one. Ensure food supply.;+;1;The UWWTD can contribute to improving food availability by promoting sustainable food production and reducing water pollution.
TA7	;TA7.10;Improve Water Quality;Improve water quality by reducing waste, plastic litter at sea (by 50%);TA5.30;Food affordability;Food affordability: Ensure affordability to sufficient, nutritious and sustainable food;+;1;Improving water quality can contribute to ensuring food affordability by promoting sustainable food production and reducing the environmental impact of food production.
TA7	;TA7.11;Improve Water Quality;Improve water quality by reducing microplastics released into the environment (by 30%);TA5.32;Food affordability;Food security: Ensuring food security and access to quality, safe, sustainable, nutritious food for all.;+;1;Reducing microplastics can contribute to ensuring food security by promoting sustainable food production and reducing the environmental impact of food production.
TA7	;TA7.16;Improve Water Quality;By means of an updated and harmonised list of pollutants affecting surface and groundwater, updated existing quality standards, new monitoring requirements, improved and more accessible data, and a more flexible framework for addressing pollutants of emerging concerns;TA5.6;Food quality;Aquatic living resources: Increase sustainable fishing and aquaculture. Bring fish stocks to sustainable levels. Significant increase in organic aquaculture;+;2;The updated list of pollutants and quality standards can reinforce the achievement of TA5.6 by promoting sustainable fishing and aquaculture practices.
TA7	;TA7.14;Noise Reduction;Reduce the share of people chronically disturbed by transport noise by 30%, by 2030;TA5.13;Waste Reduction - Food Waste;Reduce food waste. Prevent food loss and waste. Halve per capita food waste at retail and consumer levels* *See also Directive (EU) 2018/851 on waste with a target on food waste reduction of 30% by 2025;+;1;Reducing transport noise can contribute to reducing food waste by promoting sustainable food production and reducing the environmental impact of food production.
TA7	;TA7.4;Improve Air Quality;The Industrial Emissions Directive (IED) aims at preventing or reducing emissions from large industrial installations and intensive farming into the environment.;TA5.4;Pesticides Reduction;Reduce by 50% the use of more hazardous pesticides Target in Common with Biodiversity Strategy (see Thematic Area 6) and Zero Pollution Action Plan (see Thematic Area 7);+;2;The IED can reinforce the achievement of TA5.4 by reducing emissions and promoting sustainable production methods, which can contribute to reducing the use of hazardous pesticides.
TA7	;TA7.9;Improve Air Quality;Improve air quality to reduce the number of premature deaths caused by air pollution by 55% by 2030;TA5.7;GHG Reduction;Ensure that agriculture, fisheries and aquaculture, and the food value chain contribute to the target of reducing net greenhouse gas emissions to at least 55% below 1990 levels by 2030 and to the achievement of the objective for a climate-neutral Union in 2050.;+;2;Improving air quality can contribute to reducing greenhouse gas emissions from the agricultural sector, which can reinforce the achievement of TA5.7.
TA7	;TA7.9;Improve Air Quality;Improve air quality to reduce the number of premature deaths caused by air pollution by 55% by 2030;TA2.9;Renewable Energy;Member States shall collectively ensure that the share of energy from renewable sources in the Union  gross final consumption of energy in 2030 is at least 42.5%;+;2;The reduction of air pollution will lead to a decrease in the negative impacts of energy production on air quality, making it more feasible to increase the share of renewable energy sources in the energy mix.
TA7	;TA7.4;Improve Air Quality;The Industrial Emissions Directive (IED) aims at preventing or reducing emissions from large industrial installations and intensive farming into the environment.;TA2.1;Renewable Energy - Hydrogen Production;REPowerEU sets a target of 10 million tonnes of domestic renewable hydrogen production and 10 million tonnes of renewable hydrogen imports by 2030;+;1;The IED will help to minimize the environmental impacts of industrial activities, making it more feasible to achieve the renewable hydrogen targets.
TA7	;TA7.13;Improve Air Quality;Reduce by 25% the EU ecosystems where air pollution threatens biodiversity, by 2030;TA2.17;Energy Infrastructure;A target of 15% electricity interconnection for 2030;+;2;The reduction of air pollution will lead to a decrease in the negative impacts of energy production on ecosystems, making it more feasible to increase electricity interconnection and the share of renewable energy sources.
TA7	;TA7.6;Improve Soils Health;Improve soil quality by reducing chemical pesticides‚Äô use by 50%, by 2030;TA2.25;Energy Efficiency - Buildings;Reduce buildings‚Äô final energy consumption by 14%;+;1;The reduction of chemical pesticides‚Äô use will help to minimize the environmental impacts of agricultural activities, making it more feasible to achieve the energy efficiency targets in buildings.
TA7	;TA7.8;Improve Soils Health;Improve soil quality by reducing nutrient losses use by 50%, by 2030;TA2.28;Energy Efficiency - Buildings;Reduce buildings‚Äô energy consumption for heating and cooling by 18% compared to 2015 levels by 2030;+;1;The reduction of nutrient losses will help to minimize the environmental impacts of agricultural activities, making it more feasible to achieve the energy efficiency targets in buildings.
TA7	;TA7.15;Improve Soils Health;Having all soils in healthy condition by 2050;TA2.33;Energy Efficiency - Buildings;The national measures will have to ensure that at least 55% of the decrease of the average primary energy use is achieved through the renovation of the worst-performing buildings;+;2;The improvement of soil health will help to minimize the environmental impacts of agricultural activities, making it more feasible to achieve the energy efficiency targets in buildings.
TA7	;TA7.5;Improve Water Quality;The revised Urban Wastewater Treatment Directive (UWWTD) extends the scope of the 1991 UWWTD;TA2.4;Energy Efficiency - Buildings;Double the current deployment rate of individual heat pumps, resulting in a cumulative 10 million units by 2027 and 30 million units by 2030;+;1;The reduction of wastewater emissions will help to minimize the environmental impacts of urban activities, making it more feasible to achieve the heat pump deployment targets.
TA7	;TA7.10;Improve Water Quality;Improve water quality by reducing waste, plastic litter at sea (by 50%);TA2.13;Renewable Energy;The amount of renewable fuels and renewable electricity supplied to the transport sector leads to a: (i) share of renewable energy within the final consumption of energy in the transport sector of at least 29 % by 2030;+;2;The reduction of waste and plastic litter will help to minimize the environmental impacts of transport activities, making it more feasible to achieve the renewable energy targets in the transport sector.
TA7	;TA7.11;Improve Water Quality;Improve water quality by reducing microplastics released into the environment (by 30%);TA2.16;Renewable Energy;Member States shall endeavour to increase the share of renewable sources in the amount of energy sources used for final energy and non-energy purposes in the industry sector by an indicative increase of at least 1.6 percentage points;+;1;The reduction of microplastics will help to minimize the environmental impacts of industrial activities, making it more feasible to achieve the renewable energy targets in the industry sector.
TA7	;TA7.16;Improve Water Quality;By means of an updated and harmonised list of pollutants affecting surface and groundwater, updated existing quality standards, new monitoring requirements, improved and more accessible data, and a more flexible framework for addressing pollutants of emerging concerns;TA2.9;Renewable Energy;Member States shall collectively ensure that the share of energy from renewable sources in the Union  gross final consumption of energy in 2030 is at least 42.5%;+;2;The improvement of water quality will help to minimize the environmental impacts of energy production, making it more feasible to achieve the renewable energy targets.
TA7	;TA7.14;Noise Reduction;Reduce the share of people chronically disturbed by transport noise by 30%, by 2030;TA2.17;Energy Infrastructure;A target of 15% electricity interconnection for 2030;+;1;The reduction of transport noise will help to minimize the environmental impacts of transport activities, making it more feasible to achieve the electricity interconnection targets.
