;source_policydoc;impact_policydoc;impact_type;impact_weight;justification;European Climate Law;European Climate Law.1;+2;The European Climate Law sets a binding target of at least 55% greenhouse gas emissions reduction by 2030, which will likely reinforce the Energy from Renewable Sources target of at least 42.5% of the Union's energy consumption coming from renewable sources by 2030.;A Farm to Fork Strategy;Circular Economy Action Plan;+;2;The implementation of the Circular Economy Action Plan can reinforce the Farm to Fork Strategy by promoting sustainable food systems, reducing food waste, and increasing organic farming, which can aid in achieving the strategy's targets.;"source_policydoc;impact_policydoc;impact_type;impact_weight;justification
EU Biodiversity Strategy for 2030;Directive 2010/75/EU of the European Parliament and of the Council;+;2;The EU Biodiversity Strategy for 2030 aims to protect and restore ecosystems, which can reinforce the implementation of the Directive 2010/75/EU of the European Parliament and of the Council by ensuring that industrial activities do not harm biodiversity.
EU Biodiversity Strategy for 2030;On the quality of water intended for human consumption;+;1;The EU Biodiversity Strategy for 2030 can enable the achievement of the On the quality of water intended for human consumption by protecting aquatic ecosystems.
On Nature Restoration;Pathway to a Healthy Planet for All EU Action Plan;+;3;The On Nature Restoration policy document can significantly aid the Pathway to a Healthy Planet for All EU Action Plan by restoring ecosystems and enhancing biodiversity.
EU Biodiversity Strategy for 2030;European assessment framework for ‘safe and sustainable by design’ chemicals and materials;+;2;The EU Biodiversity Strategy for 2030 can reinforce the European assessment framework for ‘safe and sustainable by design’ chemicals and materials by promoting sustainable practices.
On Nature Restoration;On reporting of environmental data from industrial installations and establishing an Industrial Emissions Portal;+;1;The On Nature Restoration policy document can enable the On reporting of environmental data from industrial installations and establishing an Industrial Emissions Portal by providing data on ecosystem restoration.
EU Biodiversity Strategy for 2030;on ambient air quality and cleaner air for Europe;+;2;The EU Biodiversity Strategy for 2030 can aid the on ambient air quality and cleaner air for Europe by reducing air pollution from industrial activities.
On Nature Restoration;Pathway to a Healthy Planet for All EU Action Plan;+;3;The On Nature Restoration policy document is crucial for the Pathway to a Healthy Planet for All EU Action Plan as it restores ecosystems and promotes biodiversity conservation.
EU Soil Strategy for 2030;On Nature Restoration;+;2;The EU Soil Strategy for 2030 can reinforce the On Nature Restoration by protecting soil health and promoting sustainable land use.
Regulation on plant reproductive material;EU Biodiversity Strategy for 2030;+;1;The Regulation on plant reproductive material can enable the EU Biodiversity Strategy for 2030 by ensuring the use of sustainable plant reproductive materials in agriculture.
Ensuring resilient and sustainable use of EU's natural resources;EU Biodiversity Strategy for 2030;+;3;The Ensuring resilient and sustainable use of EU's natural resources policy document can significantly aid the EU Biodiversity Strategy for 2030 by promoting sustainable resource use and reducing the EU’s ecological footprint.
On Nature Restoration;Regulation on forest reproductive material;+;2;The On Nature Restoration policy document can reinforce the Regulation on forest reproductive material by restoring forests and promoting sustainable forestry practices.
EU Biodiversity Strategy for 2030;On Nature Restoration;+;3;The EU Biodiversity Strategy for 2030 is inextricably linked with the On Nature Restoration, as both aim to protect and restore ecosystems.
On Nature Restoration;On Nature Restoration;+;3;The On Nature Restoration policy document is self-reinforcing, as restoring ecosystems can further enable nature restoration.
On Nature Restoration;EU Biodiversity Strategy for 2030;+;3;The On Nature Restoration policy document can significantly aid the EU Biodiversity Strategy for 2030 by restoring ecosystems and promoting biodiversity conservation.";EU Biodiversity Strategy for 2030;The implementation of the Farm to Fork Strategy's targets on reducing the use of pesticides and fertilizers can reinforce the EU Biodiversity Strategy for 2030's target of protecting and restoring ecosystems and biodiversity, as reducing pollution from agricultural activities can aid in preserving and restoring natural habitats.;Energy from Renewable Sources;On ensuring a level playing field for sustainable air transport;The implementation of the Energy from Renewable Sources target of at least 49% of energy from renewable sources in the building sector in 2030 can reinforce the On ensuring a level playing field for sustainable air transport target of at least 2% of aviation fuels from green by 2030, as increased renewable energy production can lead to lower emissions and support the transition to sustainable air transport.;" ""impact_policydoc""";" ""impact_type""";" ""impact_weight""";" ""justification""";The implementation of the renewable energy targets in the Energy from Renewable Sources policy document can reinforce the EU Biodiversity Strategy for 2030 by promoting sustainable land-use and reducing pollution from fossil fuels, thus creating a favourable environment for biodiversity conservation and restoration.;Concerning batteries and waste batteries;The implementation of the Circular Economy Action Plan can reinforce the targets of Concerning batteries and waste batteries by promoting the recycling and reuse of batteries and waste batteries, thus reducing waste and the demand for primary materials.;On packaging and packaging waste;Reinforcing;The Circular Economy Action Plan aims to reduce packaging waste, which is a key aspect of the 'On packaging and packaging waste' policy document, thereby reinforcing its goals.;The implementation of the Circular Economy Action Plan can reinforce the EU Biodiversity Strategy for 2030 by promoting sustainable consumption patterns, reducing waste, and encouraging the sharing, leasing, and collaborative consumption of products, which can lead to a decrease in the demand for primary materials and help achieve biodiversity conservation targets.;The implementation of the Circular Economy Action Plan can reinforce the Energy from Renewable Sources policy document by promoting sustainable production and consumption patterns, which can lead to increased demand for renewable energy sources.
0;A Farm to Fork Strategy;Energy from Renewable Sources;+;2;The implementation of the Farm to Fork Strategy's targets, such as reducing the use of pesticides and fertilizers, can aid the achievement of the Energy from Renewable Sources' targets, like increasing the share of renewable energy in the energy mix, as sustainable agriculture practices can lead to increased energy production from biomass.;;;;;;;;;;;;;;;;;;;;;;;;;;;
1;A Farm to Fork Strategy;On energy efficiency and amending Regulation (EU) 2023/955 (recast);+;1;The Farm to Fork Strategy's focus on sustainable agriculture and reducing waste can create conditions that further the energy efficiency targets, such as reducing energy consumption in buildings, as energy-efficient buildings can be designed with sustainable materials and practices in mind.;;;;;;;;;;;;;;;;;;;;;;;;;;;
2;A Farm to Fork Strategy;On packaging and packaging waste;+;1;The Farm to Fork Strategy's emphasis on reducing food waste and promoting sustainable food systems can enable the achievement of the packaging and packaging waste reduction targets, as sustainable food packaging can be designed to minimize waste.;;;;;;;;;;;;;;;;;;;;;;;;;;;
3;A Farm to Fork Strategy;On the Energy Performance of Buildings (recast);+;1;The Farm to Fork Strategy's promotion of sustainable agriculture and food systems can aid the implementation of energy-efficient buildings, as buildings can be designed with energy production from biomass in mind, reinforcing the energy performance of buildings.;;;;;;;;;;;;;;;;;;;;;;;;;;;
4;A Farm to Fork Strategy;REPowerEU Plan;+;2;The Farm to Fork Strategy's targets, such as increasing the use of renewable energy in the energy mix, can reinforce the REPowerEU Plan's objectives, such as increasing renewable energy production, as sustainable agriculture practices can lead to increased renewable energy production from biomass.;;;;;;;;;;;;;;;;;;;;;;;;;;;
5;A Farm to Fork Strategy;EU Solar Energy Strategy;+;2;The Farm to Fork Strategy's focus on sustainable agriculture and reducing waste can aid the achievement of the EU Solar Energy Strategy's targets, such as increasing solar energy production, as sustainable agriculture practices can lead to increased energy production from biomass, which can be used to produce solar energy.;;;;;;;;;;;;;;;;;;;;;;;;;;;
6;A Farm to Fork Strategy;Powering a Climate neutrality economy;+;2;The implementation of the Farm to Fork Strategy's targets can aid the achievement of a climate-neutral economy, as sustainable agriculture practices can lead to increased renewable energy production, reducing greenhouse gas emissions and reliance on fossil fuels.;;;;;;;;;;;;;;;;;;;;;;;;;;;
7;A Farm to Fork Strategy;Delivering on the EU offshore renewable energy ambitions;+;1;The Farm to Fork Strategy's promotion of sustainable food systems and reducing waste can create conditions that further the offshore renewable energy targets, as offshore wind farms can be designed to minimize environmental impact and promote sustainable development.;;;;;;;;;;;;;;;;;;;;;;;;;;;
8;Energy from Renewable Sources;A Farm to Fork Strategy;+;2;The Energy from Renewable Sources' targets, such as increasing the share of renewable energy in the energy mix, can aid the achievement of the Farm to Fork Strategy's objectives, such as reducing greenhouse gas emissions from agriculture, as renewable energy can power agricultural processes and reduce emissions.;;;;;;;;;;;;;;;;;;;;;;;;;;;
9;On energy efficiency and amending Regulation (EU) 2023/955 (recast);A Farm to Fork Strategy;+;1;The On energy efficiency and amending Regulation (EU) 2023/955 (recast)'s targets, such as reducing energy consumption in buildings, can be facilitated by the Farm to Fork Strategy's focus on sustainable agriculture and reducing waste, as energy-efficient buildings can be designed with sustainable materials and practices in mind.;;;;;;;;;;;;;;;;;;;;;;;;;;;
10;On packaging and packaging waste;A Farm to Fork Strategy;+;1;The On packaging and packaging waste's targets, such as reducing packaging waste, can be enabled by the Farm to Fork Strategy's emphasis on reducing food waste and promoting sustainable food systems, as sustainable food packaging can be designed to minimize waste.;;;;;;;;;;;;;;;;;;;;;;;;;;;
11;On the Energy Performance of Buildings (recast);A Farm to Fork Strategy;+;1;The On the Energy Performance of Buildings (recast)'s targets, such as reducing energy consumption in buildings, can be reinforced by the Farm to Fork Strategy's promotion of sustainable agriculture and food systems, as buildings can be designed with energy production from biomass in mind.;;;;;;;;;;;;;;;;;;;;;;;;;;;
12;REPowerEU Plan;A Farm to Fork Strategy;+;2;The REPowerEU Plan's objectives, such as increasing renewable energy production, can be reinforced by the Farm to Fork Strategy's targets, such as increasing the use of renewable energy in the energy mix, as sustainable agriculture practices can lead to increased renewable energy production from biomass.;;;;;;;;;;;;;;;;;;;;;;;;;;;
13;EU Solar Energy Strategy;A Farm to Fork Strategy;+;2;The EU Solar Energy Strategy's targets, such as increasing solar energy production, can be aided by the Farm to Fork Strategy's focus on sustainable agriculture and reducing waste, as sustainable agriculture practices can lead to increased energy production from biomass, which can be used to produce solar energy.;;;;;;;;;;;;;;;;;;;;;;;;;;;
14;Powering a Climate neutrality economy;A Farm to Fork Strategy;+;2;The Powering a Climate neutrality economy's objectives can be facilitated by the Farm to Fork Strategy's implementation, as sustainable agriculture practices can lead to increased renewable energy production, reducing greenhouse gas emissions and reliance on fossil fuels.;;;;;;;;;;;;;;;;;;;;;;;;;;;
15;Delivering on the EU offshore renewable energy ambitions;A Farm to Fork Strategy;+;1;The Delivering on the EU offshore renewable energy ambitions' targets can be enabled by the Farm to Fork Strategy's promotion of sustainable food systems and reducing waste, as offshore wind farms can be designed to minimize environmental impact and promote sustainable development.;;;;;;;;;;;;;;;;;;;;;;;;;;;
16;A Farm to Fork Strategy;European Climate Law;+;2;The implementation of the Farm to Fork Strategy can reinforce the European Climate Law by promoting sustainable agriculture practices, reducing greenhouse gas emissions, and enhancing biodiversity, which are all crucial for achieving climate neutrality.;;;;;;;;;;;;;;;;;;;;;;;;;;;
17;A Farm to Fork Strategy;Concerning urban wastewater treatment (recast);+;1;The Farm to Fork Strategy can enable the implementation of the urban wastewater treatment recast by promoting the use of treated wastewater for irrigation, reducing the environmental impact of agriculture, and increasing water efficiency.;;;;;;;;;;;;;;;;;;;;;;;;;;;
18;A Farm to Fork Strategy;Amending Directive 2003/87/EC;-;1;The Farm to Fork Strategy may constrain the implementation of the Amending Directive 2003/87/EC by limiting the use of certain pesticides and fertilizers, which could impact agricultural productivity and the achievement of the directive's objectives.;;;;;;;;;;;;;;;;;;;;;;;;;;;
19;A Farm to Fork Strategy;Amending Regulation (EU) 2018/842;+;2;The Farm to Fork Strategy can reinforce the Amending Regulation (EU) 2018/842 by promoting sustainable land use, reducing deforestation, and enhancing ecosystem services, which are all essential for achieving the regulation's objectives.;;;;;;;;;;;;;;;;;;;;;;;;;;;
20;A Farm to Fork Strategy;Amending Regulations (EU) 2018/841;-;1;The Farm to Fork Strategy may counteract the Amending Regulations (EU) 2018/841 by promoting sustainable agriculture practices that could limit the use of certain land-use practices, which could impact the achievement of the regulation's objectives.;;;;;;;;;;;;;;;;;;;;;;;;;;;
21;A Farm to Fork Strategy;On an EU Strategy to reduce methane emissions;+;3;The implementation of the Farm to Fork Strategy can be indivisible from the EU Strategy to reduce methane emissions, as it promotes sustainable agriculture practices, reduces enteric fermentation, and enhances manure management, which are all crucial for reducing methane emissions.;;;;;;;;;;;;;;;;;;;;;;;;;;;
22;A Farm to Fork Strategy;A Renovation Wave for Europe;-;2;The Farm to Fork Strategy may limit the implementation of the A Renovation Wave for Europe by promoting energy-efficient buildings and reducing energy consumption, which could impact the achievement of the strategy's objectives.;;;;;;;;;;;;;;;;;;;;;;;;;;;
23;EU Biodiversity Strategy for 2030;European Climate Law;+;2;The EU Biodiversity Strategy for 2030 aims to protect and restore ecosystems, which can aid in achieving the European Climate Law's target of reducing greenhouse gas emissions by 55% by 2030.;;;;;;;;;;;;;;;;;;;;;;;;;;;
24;EU Biodiversity Strategy for 2030;On an EU Strategy to reduce methane emissions;+;1;The EU Biodiversity Strategy for 2030's goal of protecting and restoring ecosystems can enable the reduction of methane emissions, as outlined in the EU Strategy to reduce methane emissions.;;;;;;;;;;;;;;;;;;;;;;;;;;;
25;On Nature Restoration;A Renovation Wave for Europe;-;1;The On Nature Restoration policy document's focus on restoring natural ecosystems may constrain the Renovation Wave for Europe's efforts to renovate buildings, as it may limit the availability of materials and increase costs.;;;;;;;;;;;;;;;;;;;;;;;;;;;
26;On Nature Restoration;Amending Directive 2003/87/EC;+;2;The On Nature Restoration policy document can reinforce the Amending Directive 2003/87/EC's efforts to reduce pollution from urban wastewater, as restoring natural ecosystems can aid in improving water quality.;;;;;;;;;;;;;;;;;;;;;;;;;;;
27;EU Biodiversity Strategy for 2030;Amending Regulations (EU) 2018/841;-;3;The EU Biodiversity Strategy for 2030's targets may be cancelled by the Amending Regulations (EU) 2018/841, as the latter's focus on land use and forestry management may lead to increased deforestation and habitat destruction.;;;;;;;;;;;;;;;;;;;;;;;;;;;
28;On Nature Restoration;European Climate Law;+;3;The On Nature Restoration policy document can significantly aid in achieving the European Climate Law's targets, as restoring natural ecosystems can sequester carbon and reduce greenhouse gas emissions.;;;;;;;;;;;;;;;;;;;;;;;;;;;
29;EU Biodiversity Strategy for 2030;On an EU Strategy to reduce methane emissions;+;2;The EU Biodiversity Strategy for 2030's protection and restoration of ecosystems can enable the reduction of methane emissions, as outlined in the EU Strategy to reduce methane emissions.;;;;;;;;;;;;;;;;;;;;;;;;;;;
30;On Nature Restoration;A Renovation Wave for Europe;-;1;The On Nature Restoration policy document's focus on restoring natural ecosystems may constrain the Renovation Wave for Europe's efforts to renovate buildings, as it may limit the availability of materials and increase costs.;;;;;;;;;;;;;;;;;;;;;;;;;;;
31;On Nature Restoration;Amending Directive 2003/87/EC;+;2;The On Nature Restoration policy document can reinforce the Amending Directive 2003/87/EC's efforts to reduce pollution from urban wastewater, as restoring natural ecosystems can aid in improving water quality.;;;;;;;;;;;;;;;;;;;;;;;;;;;
32;EU Biodiversity Strategy for 2030;Amending Regulations (EU) 2018/841;-;3;The EU Biodiversity Strategy for 2030's targets may be cancelled by the Amending Regulations (EU) 2018/841, as the latter's focus on land use and forestry management may lead to increased deforestation and habitat destruction.;;;;;;;;;;;;;;;;;;;;;;;;;;;
33;On Nature Restoration;European Climate Law;+;3;The On Nature Restoration policy document can significantly aid in achieving the European Climate Law's targets, as restoring natural ecosystems can sequester carbon and reduce greenhouse gas emissions.;;;;;;;;;;;;;;;;;;;;;;;;;;;
34;EU Biodiversity Strategy for 2030;On an EU Strategy to reduce methane emissions;+;2;The EU Biodiversity Strategy for 2030's protection and restoration of ecosystems can enable the reduction of methane emissions, as outlined in the EU Strategy to reduce methane emissions.;;;;;;;;;;;;;;;;;;;;;;;;;;;
35;On Nature Restoration;A Renovation Wave for Europe;-;1;The On Nature Restoration policy document's focus on restoring natural ecosystems may constrain the Renovation Wave for Europe's efforts to renovate buildings, as it may limit the availability of materials and increase costs.;;;;;;;;;;;;;;;;;;;;;;;;;;;
36;On Nature Restoration;Amending Directive 2003/87/EC;+;2;The On Nature Restoration policy document can reinforce the Amending Directive 2003/87/EC's efforts to reduce pollution from urban wastewater, as restoring natural ecosystems can aid in improving water quality.;;;;;;;;;;;;;;;;;;;;;;;;;;;
37;EU Biodiversity Strategy for 2030;Amending Regulations (EU) 2018/841;-;3;The EU Biodiversity Strategy for 2030's targets may be cancelled by the Amending Regulations (EU) 2018/841, as the latter's focus on land use and forestry management may lead to increased deforestation and habitat destruction.;;;;;;;;;;;;;;;;;;;;;;;;;;;
38;On Nature Restoration;European Climate Law;+;3;The On Nature Restoration policy document can significantly aid in achieving the European Climate Law's targets, as restoring natural ecosystems can sequester carbon and reduce greenhouse gas emissions.;;;;;;;;;;;;;;;;;;;;;;;;;;;
39;;;;;;European Climate Law;Concerning urban wastewater treatment (recast);1.0;The European Climate Law's emission reduction target may enable the achievement of the urban wastewater treatment target by reducing pollution from wastewater.;;;;;;;;;;;;;;;;;;;;;;;
40;;;;;;European Climate Law;Amending Directive 2003/87/EC;1.0;The European Climate Law's emission reduction target may aid in the reduction of emissions from land transport, thus reinforcing the amended Directive 2003/87/EC's goal of reducing emissions from the transport sector.;;;;;;;;;;;;;;;;;;;;;;;
41;;;;;;European Climate Law;Amending Regulation (EU) 2018/842;1.0;The European Climate Law's target may facilitate the amended Regulation (EU) 2018/842's objective of reducing emissions from the buildings sector by promoting the use of renewable energy sources.;;;;;;;;;;;;;;;;;;;;;;;
42;;;;;;European Climate Law;Amending Regulations (EU) 2018/841;1.0;The European Climate Law's emission reduction target may support the amended Regulations (EU) 2018/841's goal of reducing emissions from the land use sector by promoting sustainable land use practices.;;;;;;;;;;;;;;;;;;;;;;;
43;;;;;;European Climate Law;On an EU Strategy to reduce methane emissions;1.0;The European Climate Law's target may enable the achievement of the methane emissions reduction strategy by promoting the use of renewable energy sources and reducing emissions from the energy and transport sectors.;;;;;;;;;;;;;;;;;;;;;;;
44;;;;;;European Climate Law;A Renovation Wave for Europe;1.0;The European Climate Law's emission reduction target may facilitate the Renovation Wave for Europe's objective of reducing energy consumption in buildings by promoting energy-efficient renovations.;;;;;;;;;;;;;;;;;;;;;;;
45;;;;;;Biofuels - Directive (EU) 2023/2413;Amending Directive 2003/87/EC;2.0;The Biofuels Directive's target of at least 1.7% of biofuels in the energy mix may reinforce the amended Directive 2003/87/EC's goal of reducing emissions from the transport sector by promoting the use of low-carbon fuels.;;;;;;;;;;;;;;;;;;;;;;;
46;;;;;;On ensuring a level playing field for sustainable air transport;Amending Directive 2003/87/EC;2.0;The sustainable air transport strategy may reinforce the amended Directive 2003/87/EC's objective of reducing emissions from the transport sector by promoting the use of low-carbon fuels in aviation.;;;;;;;;;;;;;;;;;;;;;;;
47;;;;;;Aviation Fuel - Regulation (EU) 2023/2405;Amending Directive 2003/87/EC;2.0;The Aviation Fuel Regulation's target of at least 2% sustainable aviation fuels may aid in the reduction of emissions from the transport sector, thus reinforcing the amended Directive 2003/87/EC's goal.;;;;;;;;;;;;;;;;;;;;;;;
48;;;;;;On the deployment of alternative fuels infrastructure;Sustainable and Smart Mobility Strategy;2.0;The alternative fuels infrastructure deployment may facilitate the Sustainable and Smart Mobility Strategy's objective of promoting low-carbon transport by providing the necessary infrastructure for alternative fuels.;;;;;;;;;;;;;;;;;;;;;;;
49;;;;;;On the Energy Transition of the EU Fisheries and Aquaculture sector;Sustainable and Smart Mobility Strategy;1.0;The energy transition in the fisheries and aquaculture sector may support the Sustainable and Smart Mobility Strategy's goal of reducing emissions from the transport sector by promoting the use of low-carbon fuels in the sector.;;;;;;;;;;;;;;;;;;;;;;;
50;;;;;;Amending Regulation (EU) 2019/1242;Sustainable and Smart Mobility Strategy;1.0;The amended Regulation (EU) 2019/1242's target of reducing emissions from the transport sector may facilitate the Sustainable and Smart Mobility Strategy's objective of promoting low-carbon transport.;;;;;;;;;;;;;;;;;;;;;;;
51;;;;;;On the use of renewable and low-carbon fuels in maritime transport and amending Directive 2009/16/EC;Sustainable and Smart Mobility Strategy;2.0;The promotion of renewable and low-carbon fuels in maritime transport may reinforce the Sustainable and Smart Mobility Strategy's goal of reducing emissions from the transport sector.;;;;;;;;;;;;;;;;;;;;;;;
52;;;;;;Hydrogen Strategy;Sustainable and Smart Mobility Strategy;2.0;The Hydrogen Strategy's target of promoting the use of hydrogen as a low-carbon fuel may aid in the reduction of emissions from the transport sector, thus reinforcing the Sustainable and Smart Mobility Strategy's objective.;;;;;;;;;;;;;;;;;;;;;;;
53;;;;;;Amending Council Directive 92/106/EEC;Sustainable and Smart Mobility Strategy;1.0;The amended Council Directive 92/106/EEC's target of reducing emissions from the transport sector may support the Sustainable and Smart Mobility Strategy's goal of promoting low-carbon transport.;;;;;;;;;;;;;;;;;;;;;;;
54;;;;;;The new EU Urban Mobility Framework;Sustainable and Smart Mobility Strategy;1.0;The new EU Urban Mobility Framework's objective of promoting sustainable urban mobility may facilitate the Sustainable and Smart Mobility Strategy's goal of reducing emissions from the transport sector by promoting low-carbon fuels and alternative modes of transport.;;;;;;;;;;;;;;;;;;;;;;;
55;Energy from Renewable Sources;On ensuring a level playing field for sustainable air transport;2;The implementation of the 'Energy from Renewable Sources' targets can reinforce the 'On ensuring a level playing field for sustainable air transport' policy document by increasing the share of renewable energy in the energy mix, thus supporting the transition to sustainable air transport.;;;;;;;;;;;;;;;;;;;;;;;;;;;;
56;Biofuels - Directive (EU) 2023/2413;On the deployment of alternative fuels infrastructure;1;The 'Biofuels - Directive (EU) 2023/2413' policy document can enable the 'On the deployment of alternative fuels infrastructure' policy document by promoting the use of advanced biofuels and biogas in the transport sector, which can contribute to the development of alternative fuels infrastructure.;;;;;;;;;;;;;;;;;;;;;;;;;;;;
57;On ensuring a level playing field for sustainable air transport;Energy from Renewable Sources;1;The 'On ensuring a level playing field for sustainable air transport' policy document can enable the 'Energy from Renewable Sources' policy document by promoting the use of renewable energy sources in air transport, which can increase the share of renewable energy in the energy mix.;;;;;;;;;;;;;;;;;;;;;;;;;;;;
58;Aviation Fuel - Regulation (EU) 2023/2405;On the deployment of alternative fuels infrastructure;2;The 'Aviation Fuel - Regulation (EU) 2023/2405' policy document can reinforce the 'On the deployment of alternative fuels infrastructure' policy document by setting targets for the use of renewable and low-carbon fuels in aviation, which can support the development of alternative fuels infrastructure.;;;;;;;;;;;;;;;;;;;;;;;;;;;;
59;On the deployment of alternative fuels infrastructure;A Renovation Wave for Europe;1;The 'On the deployment of alternative fuels infrastructure' policy document can enable the 'A Renovation Wave for Europe' policy document by promoting the use of renewable energy sources in buildings, which can contribute to the renovation of buildings and the development of alternative fuels infrastructure.;;;;;;;;;;;;;;;;;;;;;;;;;;;;
60;On the deployment of alternative fuels infrastructure;On the Energy Performance of Buildings (recast);1;The 'On the deployment of alternative fuels infrastructure' policy document can enable the 'On the Energy Performance of Buildings (recast)' policy document by promoting the use of renewable energy sources in buildings, which can contribute to the improvement of the energy performance of buildings.;;;;;;;;;;;;;;;;;;;;;;;;;;;;
61;Amending Regulation (EU) 2019/1242;On the use of renewable and low-carbon fuels in maritime transport and amending Directive 2009/16/EC;2;The 'Amending Regulation (EU) 2019/1242' policy document can reinforce the 'On the use of renewable and low-carbon fuels in maritime transport and amending Directive 2009/16/EC' policy document by promoting the use of renewable and low-carbon fuels in maritime transport, which can support the reduction of greenhouse gas emissions from maritime transport.;;;;;;;;;;;;;;;;;;;;;;;;;;;;
62;On the use of renewable and low-carbon fuels in maritime transport and amending Directive 2009/16/EC;Sustainable and Smart Mobility Strategy;1;The 'On the use of renewable and low-carbon fuels in maritime transport and amending Directive 2009/16/EC' policy document can enable the 'Sustainable and Smart Mobility Strategy' policy document by promoting the use of renewable and low-carbon fuels in maritime transport, which can contribute to the development of sustainable and smart mobility.;;;;;;;;;;;;;;;;;;;;;;;;;;;;
63;Sustainable and Smart Mobility Strategy;Hydrogen Strategy;2;The 'Sustainable and Smart Mobility Strategy' policy document can reinforce the 'Hydrogen Strategy' policy document by promoting the use of renewable energy sources in transport, which can support the development of hydrogen production and use in the transport sector.;;;;;;;;;;;;;;;;;;;;;;;;;;;;
64;Hydrogen Strategy;Energy from Renewable Sources;1;The 'Hydrogen Strategy' policy document can enable the 'Energy from Renewable Sources' policy document by promoting the use of renewable energy sources for hydrogen production, which can increase the share of renewable energy in the energy mix.;;;;;;;;;;;;;;;;;;;;;;;;;;;;
65;The new EU Urban Mobility Framework;On ensuring a level playing field for sustainable air transport;1;The 'The new EU Urban Mobility Framework' policy document can enable the 'On ensuring a level playing field for sustainable air transport' policy document by promoting sustainable urban mobility, which can contribute to the reduction of greenhouse gas emissions from air transport.;;;;;;;;;;;;;;;;;;;;;;;;;;;;
66;On energy efficiency and amending Regulation (EU) 2023/955 (recast);A Renovation Wave for Europe;2;The 'On energy efficiency and amending Regulation (EU) 2023/955 (recast)' policy document can reinforce the 'A Renovation Wave for Europe' policy document by promoting energy efficiency in buildings, which can support the renovation of buildings and the improvement of energy efficiency.;;;;;;;;;;;;;;;;;;;;;;;;;;;;
67;On packaging and packaging waste;On the Energy Performance of Buildings (recast);1;The 'On packaging and packaging waste' policy document can enable the 'On the Energy Performance of Buildings (recast)' policy document by promoting the use of renewable energy sources in buildings, which can contribute to the improvement of the energy performance of buildings.;;;;;;;;;;;;;;;;;;;;;;;;;;;;
68;On the Energy Performance of Buildings (recast);REPowerEU Plan;1;The 'On the Energy Performance of Buildings (recast)' policy document can enable the 'REPowerEU Plan' policy document by promoting energy efficiency in buildings, which can contribute to the reduction of energy consumption and greenhouse gas emissions.;;;;;;;;;;;;;;;;;;;;;;;;;;;;
69;REPowerEU Plan;EU Solar Energy Strategy;2;The 'REPowerEU Plan' policy document can reinforce the 'EU Solar Energy Strategy' policy document by promoting the use of renewable energy sources, which can support the development of solar energy production and use in the EU.;;;;;;;;;;;;;;;;;;;;;;;;;;;;
70;EU Solar Energy Strategy;Powering a Climate neutrality economy;1;The 'EU Solar Energy Strategy' policy document can enable the 'Powering a Climate neutrality economy' policy document by promoting the use of solar energy, which can contribute to the development of a climate-neutral economy.;;;;;;;;;;;;;;;;;;;;;;;;;;;;
71;Powering a Climate neutrality economy;Delivering on the EU offshore renewable energy ambitions;2;The 'Powering a Climate neutrality economy' policy document can reinforce the 'Delivering on the EU offshore renewable energy ambitions' policy document by promoting the use of offshore renewable energy sources, which can support the development of offshore renewable energy production and use in the EU.;;;;;;;;;;;;;;;;;;;;;;;;;;;;
72;Delivering on the EU offshore renewable energy ambitions;Energy from Renewable Sources;1;The 'Delivering on the EU offshore renewable energy ambitions' policy document can enable the 'Energy from Renewable Sources' policy document by promoting the use of offshore renewable energy sources, which can increase the share of renewable energy in the energy mix.;;;;;;;;;;;;;;;;;;;;;;;;;;;;
73;EU Biodiversity Strategy for 2030;Energy from Renewable Sources;+;2;The EU Biodiversity Strategy for 2030 aims to protect and restore ecosystems, which can positively impact the Energy from Renewable Sources policy document by providing a stable and healthy environment for renewable energy production.;;;;;;;;;;;;;;;;;;;;;;;;;;;
74;EU Biodiversity Strategy for 2030;A Renovation Wave for Europe;-;1;The EU Biodiversity Strategy for 2030 may constrain the A Renovation Wave for Europe policy document by limiting the options for building renovations due to the protection of natural habitats.;;;;;;;;;;;;;;;;;;;;;;;;;;;
75;On Nature Restoration;Energy from Renewable Sources;+;3;The On Nature Restoration policy document can reinforce the Energy from Renewable Sources policy document by restoring natural ecosystems, which can provide a stable environment for renewable energy production and reduce the risks associated with climate-related hazards.;;;;;;;;;;;;;;;;;;;;;;;;;;;
76;On Nature Restoration;A Renovation Wave for Europe;+;2;The On Nature Restoration policy document can enable the A Renovation Wave for Europe policy document by creating conditions for sustainable building renovations, such as providing green spaces and reducing urban pollution.;;;;;;;;;;;;;;;;;;;;;;;;;;;
77;EU Biodiversity Strategy for 2030;On packaging and packaging waste;-;1;The EU Biodiversity Strategy for 2030 may counteract the On packaging and packaging waste policy document by promoting the reduction of waste, which can limit the options for packaging and packaging waste reduction.;;;;;;;;;;;;;;;;;;;;;;;;;;;
78;EU Biodiversity Strategy for 2030;On the Energy Performance of Buildings (recast);+;2;The EU Biodiversity Strategy for 2030 can reinforce the On the Energy Performance of Buildings (recast) policy document by promoting energy-efficient buildings, which can reduce energy consumption and greenhouse gas emissions.;;;;;;;;;;;;;;;;;;;;;;;;;;;
79;On Nature Restoration;REPowerEU Plan;+;3;The On Nature Restoration policy document can reinforce the REPowerEU Plan policy document by restoring natural ecosystems, which can provide a stable environment for renewable energy production and reduce the risks associated with climate-related hazards.;;;;;;;;;;;;;;;;;;;;;;;;;;;
80;EU Biodiversity Strategy for 2030;EU Solar Energy Strategy;+;2;The EU Biodiversity Strategy for 2030 can enable the EU Solar Energy Strategy policy document by creating conditions for sustainable solar energy production, such as providing green spaces and reducing urban pollution.;;;;;;;;;;;;;;;;;;;;;;;;;;;
81;On Nature Restoration;Delivering on the EU offshore renewable energy ambitions;+;3;The On Nature Restoration policy document can reinforce the Delivering on the EU offshore renewable energy ambitions policy document by restoring natural ecosystems, which can provide a stable environment for offshore renewable energy production and reduce the risks associated with climate-related hazards.;;;;;;;;;;;;;;;;;;;;;;;;;;;
82;EU Biodiversity Strategy for 2030;Powering a Climate neutrality economy;-;1;The EU Biodiversity Strategy for 2030 may constrain the Powering a Climate neutrality economy policy document by limiting the options for energy production due to the protection of natural habitats.;;;;;;;;;;;;;;;;;;;;;;;;;;;
83;A Farm to Fork Strategy;Energy from Renewable Sources;+;2;The implementation of the Farm to Fork Strategy can reinforce the Energy from Renewable Sources policy document by promoting sustainable agriculture practices, reducing synthetic fertilizers and pesticides, and increasing organic farming, which can lead to increased demand for renewable energy sources.;;;;;;;;;;;;;;;;;;;;;;;;;;;
84;A Farm to Fork Strategy;On energy efficiency and amending Regulation (EU) 2023/955 (recast);+;1;The Farm to Fork Strategy can enable the On energy efficiency and amending Regulation (EU) 2023/955 (recast) policy document by providing incentives for sustainable food production, reducing food waste, and promoting eco-friendly packaging, which can lead to increased energy efficiency in the food sector.;;;;;;;;;;;;;;;;;;;;;;;;;;;
85;A Farm to Fork Strategy;A Renovation Wave for Europe;+;1;The implementation of the Farm to Fork Strategy can create conditions that further the A Renovation Wave for Europe policy document by promoting sustainable and energy-efficient buildings, reducing energy consumption, and increasing the use of renewable energy sources in rural areas.;;;;;;;;;;;;;;;;;;;;;;;;;;;
86;A Farm to Fork Strategy;On packaging and packaging waste;+;1;The Farm to Fork Strategy can aid the On packaging and packaging waste policy document by reducing food packaging waste, promoting sustainable packaging solutions, and increasing recycling rates, which can lead to a reduction in greenhouse gas emissions and pollution.;;;;;;;;;;;;;;;;;;;;;;;;;;;
87;A Farm to Fork Strategy;On the Energy Performance of Buildings (recast);+;1;The implementation of the Farm to Fork Strategy can constrain the On the Energy Performance of Buildings (recast) policy document by promoting energy-efficient buildings, reducing energy consumption, and increasing the use of renewable energy sources in buildings, which can lead to increased energy efficiency and reduced energy poverty.;;;;;;;;;;;;;;;;;;;;;;;;;;;
88;A Farm to Fork Strategy;REPowerEU Plan;+;2;The Farm to Fork Strategy can reinforce the REPowerEU Plan policy document by promoting the use of renewable energy sources, reducing dependence on fossil fuels, and increasing energy efficiency, which can lead to a reduction in greenhouse gas emissions and increased energy security.;;;;;;;;;;;;;;;;;;;;;;;;;;;
89;A Farm to Fork Strategy;EU Solar Energy Strategy;+;1;The implementation of the Farm to Fork Strategy can enable the EU Solar Energy Strategy policy document by promoting the use of solar energy, reducing energy consumption, and increasing energy efficiency in the agricultural sector, which can lead to increased renewable energy production and reduced greenhouse gas emissions.;;;;;;;;;;;;;;;;;;;;;;;;;;;
90;A Farm to Fork Strategy;Powering a Climate neutrality economy;+;2;The Farm to Fork Strategy can reinforce the Powering a Climate neutrality economy policy document by promoting sustainable agriculture practices, reducing synthetic fertilizers and pesticides, and increasing organic farming, which can lead to increased demand for renewable energy sources and reduced greenhouse gas emissions.;;;;;;;;;;;;;;;;;;;;;;;;;;;
91;A Farm to Fork Strategy;Delivering on the EU offshore renewable energy ambitions;+;1;The implementation of the Farm to Fork Strategy can create conditions that further the Delivering on the EU offshore renewable energy ambitions policy document by promoting the use of offshore renewable energy sources, reducing dependence on fossil fuels, and increasing energy efficiency, which can lead to increased renewable energy production and reduced greenhouse gas emissions.;;;;;;;;;;;;;;;;;;;;;;;;;;;
92;A Farm to Fork Strategy;EU Solar Energy Strategy;+;1;The Farm to Fork Strategy can aid the EU Solar Energy Strategy policy document by reducing energy consumption, promoting sustainable agriculture practices, and increasing the use of renewable energy sources in the agricultural sector, which can lead to increased renewable energy production and reduced greenhouse gas emissions.;;;;;;;;;;;;;;;;;;;;;;;;;;;
93;Energy from Renewable Sources;On energy efficiency and amending Regulation (EU) 2023/955 (recast);+;2;The implementation of the Energy from Renewable Sources policy document can reinforce the On energy efficiency and amending Regulation (EU) 2023/955 (recast) policy document by promoting the use of renewable energy sources, which can aid in reducing energy consumption and greenhouse gas emissions.;;;;;;;;;;;;;;;;;;;;;;;;;;;
94;A Renovation Wave for Europe;On packaging and packaging waste;+;1;The A Renovation Wave for Europe policy document can enable the On packaging and packaging waste policy document by promoting sustainable practices and reducing waste generation.;;;;;;;;;;;;;;;;;;;;;;;;;;;
95;On packaging and packaging waste;On the Energy Performance of Buildings (recast);+;1;The On packaging and packaging waste policy document can enable the On the Energy Performance of Buildings (recast) policy document by promoting energy efficiency and reducing energy consumption in buildings.;;;;;;;;;;;;;;;;;;;;;;;;;;;
96;REPowerEU Plan;Energy from Renewable Sources;+;2;The REPowerEU Plan policy document can reinforce the Energy from Renewable Sources policy document by promoting the use of renewable energy sources and reducing greenhouse gas emissions.;;;;;;;;;;;;;;;;;;;;;;;;;;;
97;EU Solar Energy Strategy;Powering a Climate neutrality economy;+;2;The EU Solar Energy Strategy policy document can reinforce the Powering a Climate neutrality economy policy document by promoting the use of solar energy and reducing greenhouse gas emissions.;;;;;;;;;;;;;;;;;;;;;;;;;;;
98;Delivering on the EU offshore renewable energy ambitions;Delivering on the EU offshore renewable energy ambitions;+;3;The Delivering on the EU offshore renewable energy ambitions policy document can be indivisibly linked to the Delivering on the EU offshore renewable energy ambitions policy document, as both promote the development of offshore renewable energy and reduce greenhouse gas emissions.;;;;;;;;;;;;;;;;;;;;;;;;;;;
99;On ensuring a level playing field for sustainable air transport;Aviation Fuel - Regulation (EU) 2023/2405;+;1;The On ensuring a level playing field for sustainable air transport policy document can enable the Aviation Fuel - Regulation (EU) 2023/2405 policy document by promoting the use of sustainable aviation fuels and reducing greenhouse gas emissions.;;;;;;;;;;;;;;;;;;;;;;;;;;;
100;On the deployment of alternative fuels infrastructure;On the Energy Transition of the EU Fisheries and Aquaculture sector;+;1;The On the deployment of alternative fuels infrastructure policy document can enable the On the Energy Transition of the EU Fisheries and Aquaculture sector policy document by promoting the use of alternative fuels and reducing greenhouse gas emissions.;;;;;;;;;;;;;;;;;;;;;;;;;;;
101;Amending Regulation (EU) 2019/1242;Sustainable and Smart Mobility Strategy;+;1;The Amending Regulation (EU) 2019/1242 policy document can enable the Sustainable and Smart Mobility Strategy policy document by promoting sustainable mobility and reducing greenhouse gas emissions.;;;;;;;;;;;;;;;;;;;;;;;;;;;
102;Hydrogen Strategy;Energy from Renewable Sources;+;2;The Hydrogen Strategy policy document can reinforce the Energy from Renewable Sources policy document by promoting the use of renewable energy sources and reducing greenhouse gas emissions.;;;;;;;;;;;;;;;;;;;;;;;;;;;
103;The new EU Urban Mobility Framework;On ensuring a level playing field for sustainable air transport;+;1;The The new EU Urban Mobility Framework policy document can enable the On ensuring a level playing field for sustainable air transport policy document by promoting sustainable mobility and reducing greenhouse gas emissions.;;;;;;;;;;;;;;;;;;;;;;;;;;;
104;EU Biodiversity Strategy for 2030;Energy from Renewable Sources;+;2;The EU Biodiversity Strategy for 2030 aims to protect and restore ecosystems, which can positively impact the implementation of renewable energy sources by ensuring that they do not harm biodiversity.;;;;;;;;;;;;;;;;;;;;;;;;;;;
105;EU Biodiversity Strategy for 2030;Biofuels - Directive (EU) 2023/2413;-;1;The EU Biodiversity Strategy for 2030 may constrain the production of biofuels, as it aims to protect ecosystems, which could limit the land available for biofuel production.;;;;;;;;;;;;;;;;;;;;;;;;;;;
106;On Nature Restoration;Energy from Renewable Sources;+;1;The Nature Restoration Law can enable the implementation of renewable energy sources by restoring degraded ecosystems, which can be used for renewable energy production.;;;;;;;;;;;;;;;;;;;;;;;;;;;
107;On Nature Restoration;On ensuring a level playing field for sustainable air transport;+;1;The Nature Restoration Law can support sustainable air transport by promoting ecosystem restoration, which can help reduce emissions from air transport.;;;;;;;;;;;;;;;;;;;;;;;;;;;
108;EU Biodiversity Strategy for 2030;On the deployment of alternative fuels infrastructure;-;1;The EU Biodiversity Strategy for 2030 may limit the deployment of alternative fuels infrastructure, as it prioritizes ecosystem protection, which could constrain the development of new infrastructure.;;;;;;;;;;;;;;;;;;;;;;;;;;;
109;EU Biodiversity Strategy for 2030;On the Energy Transition of the EU Fisheries and Aquaculture sector;+;1;The EU Biodiversity Strategy for 2030 can support the energy transition in the fisheries and aquaculture sector by promoting sustainable fishing and aquaculture practices.;;;;;;;;;;;;;;;;;;;;;;;;;;;
110;On Nature Restoration;Sustainable and Smart Mobility Strategy;+;2;The Nature Restoration Law can reinforce sustainable and smart mobility by promoting green infrastructure, which can support low-carbon transport modes.;;;;;;;;;;;;;;;;;;;;;;;;;;;
111;EU Biodiversity Strategy for 2030;Hydrogen Strategy;-;2;The EU Biodiversity Strategy for 2030 may counteract the Hydrogen Strategy, as it prioritizes ecosystem protection, which could limit the development of hydrogen production.;;;;;;;;;;;;;;;;;;;;;;;;;;;
112;EU Biodiversity Strategy for 2030;Amending Council Directive 92/106/EEC;-;1;The EU Biodiversity Strategy for 2030 may constrain the amendment of the Council Directive, as it prioritizes ecosystem protection, which could limit the development of new transport infrastructure.;;;;;;;;;;;;;;;;;;;;;;;;;;;
113;On Nature Restoration;The new EU Urban Mobility Framework;+;1;The Nature Restoration Law can support the new EU Urban Mobility Framework by promoting green spaces, which can help reduce emissions from transport.;;;;;;;;;;;;;;;;;;;;;;;;;;;
114;EU Biodiversity Strategy for 2030;On ensuring a level playing field for sustainable air transport;-;1;The EU Biodiversity Strategy for 2030 may limit the development of sustainable air transport, as it prioritizes ecosystem protection, which could constrain the development of new air transport infrastructure.;;;;;;;;;;;;;;;;;;;;;;;;;;;
115;A Farm to Fork Strategy;Energy from Renewable Sources;+;2;The implementation of the Farm to Fork Strategy's targets, such as reducing the environmental footprint of food production, can reinforce the Energy from Renewable Sources policy document's targets, like increasing the share of renewable energy in the energy mix, as sustainable agriculture practices can lead to increased energy efficiency and reduced energy consumption.;;;;;;;;;;;;;;;;;;;;;;;;;;;
116;A Farm to Fork Strategy;Biofuels - Directive (EU) 2023/2413;-;1;The Farm to Fork Strategy's focus on sustainable agriculture and reduced use of fertilizers and pesticides might constrain the options for biofuel production, as biofuels are often produced from agricultural products, and the strategy's targets could limit the availability of these products for biofuel production.;;;;;;;;;;;;;;;;;;;;;;;;;;;
117;A Farm to Fork Strategy;On ensuring a level playing field for sustainable air transport;+;1;The Farm to Fork Strategy's emphasis on sustainable food systems and reduced food waste can enable the On ensuring a level playing field for sustainable air transport policy document's targets, such as promoting sustainable aviation fuels, as sustainable food production can lead to the availability of sustainable feedstocks for aviation fuels.;;;;;;;;;;;;;;;;;;;;;;;;;;;
118;A Farm to Fork Strategy;Aviation Fuel - Regulation (EU) 2023/2405;-;2;The Farm to Fork Strategy's targets, such as reducing food waste and promoting sustainable agriculture, might counteract the Aviation Fuel - Regulation (EU) 2023/2405 policy document's targets, such as increasing the use of sustainable aviation fuels, as the strategy's focus on reducing waste and promoting sustainable agriculture could lead to reduced demand for air travel and subsequently reduced demand for aviation fuels.;;;;;;;;;;;;;;;;;;;;;;;;;;;
119;A Farm to Fork Strategy;On the deployment of alternative fuels infrastructure;+;3;The implementation of the Farm to Fork Strategy's targets can create conditions that further the On the deployment of alternative fuels infrastructure policy document's targets, such as deploying alternative fuel infrastructure, as the strategy's focus on sustainable agriculture and reduced environmental footprint can lead to increased demand for alternative fuels and create opportunities for the development of related infrastructure.;;;;;;;;;;;;;;;;;;;;;;;;;;;
120;A Farm to Fork Strategy;On the Energy Transition of the EU Fisheries and Aquaculture sector;+;2;The Farm to Fork Strategy's emphasis on sustainable food systems and reduced environmental footprint can reinforce the On the Energy Transition of the EU Fisheries and Aquaculture sector policy document's targets, such as promoting sustainable fishing and aquaculture practices, as sustainable agriculture practices can lead to increased energy efficiency and reduced energy consumption in the fisheries and aquaculture sector.;;;;;;;;;;;;;;;;;;;;;;;;;;;
121;A Farm to Fork Strategy;On the use of renewable and low-carbon fuels in maritime transport and amending Directive 2009/16/EC;-;1;The Farm to Fork Strategy's focus on sustainable agriculture and reduced use of fertilizers and pesticides might constrain the options for the use of renewable and low-carbon fuels in maritime transport, as these fuels are often produced from agricultural products, and the strategy's targets could limit the availability of these products for fuel production.;;;;;;;;;;;;;;;;;;;;;;;;;;;
122;A Farm to Fork Strategy;Sustainable and Smart Mobility Strategy;+;1;The Farm to Fork Strategy's emphasis on sustainable food systems and reduced food waste can enable the Sustainable and Smart Mobility Strategy policy document's targets, such as promoting sustainable transport modes, as sustainable food production can lead to the availability of sustainable feedstocks for biofuels and create opportunities for the development of related infrastructure.;;;;;;;;;;;;;;;;;;;;;;;;;;;
123;A Farm to Fork Strategy;On the deployment of alternative fuels infrastructure;-;2;The Farm to Fork Strategy's targets, such as reducing food waste and promoting sustainable agriculture, might counteract the On the deployment of alternative fuels infrastructure policy document's targets, such as deploying alternative fuel infrastructure, as the strategy's focus on reducing waste and promoting sustainable agriculture could lead to reduced demand for alternative fuels and subsequently reduced demand for related infrastructure.;;;;;;;;;;;;;;;;;;;;;;;;;;;
124;A Farm to Fork Strategy;Amending Regulation (EU) 2019/1242;+;1;The implementation of the Farm to Fork Strategy's targets can create conditions that further the Amending Regulation (EU) 2019/1242 policy document's targets, such as reducing the environmental footprint of food production, as the strategy's focus on sustainable agriculture and reduced environmental footprint can lead to increased energy efficiency and reduced energy consumption in the food sector.;;;;;;;;;;;;;;;;;;;;;;;;;;;
125;A Farm to Fork Strategy;Hydrogen Strategy;+;2;The Farm to Fork Strategy's emphasis on sustainable food systems and reduced environmental footprint can reinforce the Hydrogen Strategy policy document's targets, such as promoting the use of renewable energy sources, as sustainable agriculture practices can lead to increased energy efficiency and reduced energy consumption, creating opportunities for the development of renewable energy sources like hydrogen.;;;;;;;;;;;;;;;;;;;;;;;;;;;
126;A Farm to Fork Strategy;Amending Council Directive 92/106/EEC;-;1;The Farm to Fork Strategy's targets, such as reducing the environmental footprint of food production, might constrain the options for the Amending Council Directive 92/106/EEC policy document's targets, such as promoting sustainable transport, as the strategy's focus on sustainable agriculture and reduced environmental footprint could lead to reduced demand for transport and subsequently reduced demand for sustainable transport solutions.;;;;;;;;;;;;;;;;;;;;;;;;;;;
127;A Farm to Fork Strategy;The new EU Urban Mobility Framework;+;1;The Farm to Fork Strategy's emphasis on sustainable food systems and reduced food waste can enable the The new EU Urban Mobility Framework policy document's targets, such as promoting sustainable urban mobility, as sustainable food production can lead to the availability of sustainable feedstocks for biofuels and create opportunities for the development of related infrastructure.;;;;;;;;;;;;;;;;;;;;;;;;;;;
128;;;;;;;;;;A Farm to Fork Strategy;Concerning batteries and waste batteries;+;1.0;The Concerning batteries and waste batteries policy document can enable the Farm to Fork Strategy by providing a market for recycled materials and promoting the use of recycled materials in food packaging, which can help reduce waste and increase recycling rates.;;;;;;;;;;;;;;;;;;
129;;;;;;;;;;A Farm to Fork Strategy;On packaging and packaging waste;+;1.0;The On packaging and packaging waste policy document can enable the Farm to Fork Strategy by reducing packaging waste, increasing recycling rates, and promoting the use of recycled materials in food packaging, which can help reduce waste and increase recycling rates.;;;;;;;;;;;;;;;;;;
130;;;;;;;;;;A Farm to Fork Strategy;On circularity requirements for vehicle design;+;1.0;The On circularity requirements for vehicle design policy document can enable the Farm to Fork Strategy by promoting the use of recycled materials in vehicle design, which can help reduce waste and increase recycling rates.;;;;;;;;;;;;;;;;;;
131;;;;;;;;;;A Farm to Fork Strategy;Critical Raw Materials;-;1.0;The Critical Raw Materials policy document can constrain the Farm to Fork Strategy by limiting the availability of critical raw materials needed for sustainable food systems, which can hinder the strategy's progress.;;;;;;;;;;;;;;;;;;
132;;;;;;;;;;A Farm to Fork Strategy;Net Zero Industry Act;+;2.0;The Net Zero Industry Act can reinforce the Farm to Fork Strategy by promoting sustainable food systems, reducing greenhouse gas emissions, and increasing the use of renewable energy, which can aid in achieving the strategy's targets.;;;;;;;;;;;;;;;;;;
133;;;;;;;;;;A Farm to Fork Strategy;Amending Directive 2008/98/EC on waste;+;1.0;The Amending Directive 2008/98/EC on waste policy document can enable the Farm to Fork Strategy by reducing food waste, increasing recycling rates, and promoting the use of recycled materials, which can help reduce waste and increase recycling rates.;;;;;;;;;;;;;;;;;;
134;EU Biodiversity Strategy for 2030;Circular Economy Action Plan;+;2;The EU Biodiversity Strategy for 2030 aims to protect and restore ecosystems, which can be reinforced by the Circular Economy Action Plan's goal of reducing waste and increasing recycling, thereby reducing the pressure on natural resources and promoting sustainable consumption patterns.;;;;;;;;;;;;;;;;;;;;;;;;;;;
135;EU Biodiversity Strategy for 2030;On Nature Restoration;+;3;The EU Biodiversity Strategy for 2030 and the Nature Restoration Law share common objectives, such as protecting and restoring ecosystems, and their implementation can be mutually reinforcing, with the Biodiversity Strategy providing a framework for nature restoration and the Nature Restoration Law providing specific measures for restoration.;;;;;;;;;;;;;;;;;;;;;;;;;;;
136;On Nature Restoration;EU Biodiversity Strategy for 2030;+;2;The Nature Restoration Law can aid the EU Biodiversity Strategy for 2030 by providing specific restoration measures, which can help achieve the strategy's objectives, such as restoring degraded ecosystems and promoting biodiversity.;;;;;;;;;;;;;;;;;;;;;;;;;;;
137;On Nature Restoration;Circular Economy Action Plan;+;1;The Nature Restoration Law and the Circular Economy Action Plan can be enabling, as the restoration of ecosystems can create opportunities for sustainable resource management and the circular economy can provide innovative solutions for the use of restored ecosystems.;;;;;;;;;;;;;;;;;;;;;;;;;;;
138;EU Biodiversity Strategy for 2030;Fisheries and Oceans Pact;+;1;The EU Biodiversity Strategy for 2030 and the Fisheries and Oceans Pact can be enabling, as sustainable fishing practices can help maintain ecosystem health and biodiversity, which is in line with the strategy's objectives.;;;;;;;;;;;;;;;;;;;;;;;;;;;
139;On Nature Restoration;Regulation on plant reproductive material;+;1;The Nature Restoration Law and the Regulation on plant reproductive material can be enabling, as the restoration of ecosystems can create opportunities for the use of plant reproductive materials in a sustainable way.;;;;;;;;;;;;;;;;;;;;;;;;;;;
140;EU Biodiversity Strategy for 2030;EU Soil Strategy for 2030;+;2;The EU Biodiversity Strategy for 2030 and the EU Soil Strategy for 2030 share common objectives, such as protecting ecosystems and promoting sustainable land use, and their implementation can be mutually reinforcing.;;;;;;;;;;;;;;;;;;;;;;;;;;;
141;On Nature Restoration;Regulation on forest reproductive material;+;1;The Nature Restoration Law and the Regulation on forest reproductive material can be enabling, as the restoration of ecosystems can create opportunities for the use of forest reproductive materials in a sustainable way.;;;;;;;;;;;;;;;;;;;;;;;;;;;
142;EU Biodiversity Strategy for 2030;Ensuring resilient and sustainable use of EU's natural resources;+;2;The EU Biodiversity Strategy for 2030 and the policy on ensuring resilient and sustainable use of EU's natural resources share common objectives, such as protecting ecosystems and promoting sustainable resource use, and their implementation can be mutually reinforcing.;;;;;;;;;;;;;;;;;;;;;;;;;;;
143;On Nature Restoration;EU Biodiversity Strategy for 2030;+;1;The Nature Restoration Law can aid the EU Biodiversity Strategy for 2030 by providing specific restoration measures, which can help achieve the strategy's objectives, such as restoring degraded ecosystems and promoting biodiversity.;;;;;;;;;;;;;;;;;;;;;;;;;;;
144;Circular Economy Action Plan;On packaging and packaging waste;+;3;The Circular Economy Action Plan and the policy on packaging and packaging waste share common objectives, such as reducing waste and increasing recycling, and their implementation can be mutually reinforcing, with the Action Plan providing a framework for circular economy and the packaging waste policy providing specific measures for waste reduction.;;;;;;;;;;;;;;;;;;;;;;;;;;;
145;On packaging and packaging waste;On circularity requirements for vehicle design;+;2;The policy on packaging and packaging waste and the policy on circularity requirements for vehicle design can be reinforcing, as reducing packaging waste and promoting circularity in vehicle design can help achieve the objectives of reducing waste and promoting sustainable consumption patterns.;;;;;;;;;;;;;;;;;;;;;;;;;;;
146;On circularity requirements for vehicle design;Critical Raw Materials;+;1;The policy on circularity requirements for vehicle design and the policy on Critical Raw Materials can be enabling, as the design of vehicles can be adapted to use critical raw materials in a sustainable way, which can help reduce the EU's dependence on these materials.;;;;;;;;;;;;;;;;;;;;;;;;;;;
147;Critical Raw Materials;Net Zero Industry Act;+;2;The policy on Critical Raw Materials and the Net Zero Industry Act share common objectives, such as promoting sustainable resource use and reducing greenhouse gas emissions, and their implementation can be mutually reinforcing, with the Critical Raw Materials policy providing a framework for sustainable resource use and the Net Zero Industry Act providing specific measures for reducing emissions.;;;;;;;;;;;;;;;;;;;;;;;;;;;
148;Amending Directive 2008/98/EC on waste;Circular Economy Action Plan;+;3;The Amending Directive 2008/98/EC on waste and the Circular Economy Action Plan share common objectives, such as reducing waste and increasing recycling, and their implementation can be mutually reinforcing, with the Directive providing a framework for waste management and the Action Plan providing specific measures for circular economy.;;;;;;;;;;;;;;;;;;;;;;;;;;;
149;Directive 2010/75/EU of the European Parliament and of the Council;European Climate Law;+;2;The implementation of the Directive 2010/75/EU targets can reinforce the European Climate Law targets by reducing emissions from industrial activities, thus aiding in the achievement of a climate-neutral EU.;;;;;;;;;;;;;;;;;;;;;;;;;;;
150;On the quality of water intended for human consumption;On an EU Strategy to reduce methane emissions;+;1;The implementation of the water quality targets can enable the reduction of methane emissions by improving wastewater treatment and reducing pollution from agricultural runoff.;;;;;;;;;;;;;;;;;;;;;;;;;;;
151;Pathway to a Healthy Planet for All EU Action Plan;A Renovation Wave for Europe;+;2;The Pathway to a Healthy Planet for All EU Action Plan can reinforce the A Renovation Wave for Europe by promoting sustainable and energy-efficient buildings, thus reducing energy consumption and greenhouse gas emissions.;;;;;;;;;;;;;;;;;;;;;;;;;;;
152;European assessment framework for ‘safe and sustainable by design’ chemicals and materials;Amending Directive 2003/87/EC;+;1;The implementation of the European assessment framework can enable the reduction of emissions from industrial activities by promoting the use of safe and sustainable chemicals and materials, thus reinforcing the targets of the Amending Directive 2003/87/EC.;;;;;;;;;;;;;;;;;;;;;;;;;;;
153;On reporting of environmental data from industrial installations and establishing an Industrial Emissions Portal;Amending Regulations (EU) 2018/841;+;2;The implementation of the Industrial Emissions Portal can reinforce the Amending Regulations (EU) 2018/841 targets by improving the monitoring and reporting of emissions from industrial activities, thus enabling more effective reduction of emissions.;;;;;;;;;;;;;;;;;;;;;;;;;;;
154;Pathway to a Healthy Planet for All EU Action Plan;Amending Regulations (EU) 2018/842;+;1;The Pathway to a Healthy Planet for All EU Action Plan can enable the reduction of emissions from industrial activities by promoting sustainable practices and reducing pollution, thus reinforcing the targets of the Amending Regulations (EU) 2018/842.;;;;;;;;;;;;;;;;;;;;;;;;;;;
155;on ambient air quality and cleaner air for Europe;On an EU Strategy to reduce methane emissions;+;2;The implementation of the on ambient air quality and cleaner air for Europe targets can reinforce the On an EU Strategy to reduce methane emissions targets by reducing emissions from industrial activities and promoting cleaner air, thus aiding in the reduction of methane emissions.;;;;;;;;;;;;;;;;;;;;;;;;;;;
156;Pathway to a Healthy Planet for All EU Action Plan;Concerning urban wastewater treatment (recast);+;1;The Pathway to a Healthy Planet for All EU Action Plan can reinforce the Concerning urban wastewater treatment (recast) targets by promoting sustainable and energy-efficient wastewater treatment, thus reducing energy consumption and greenhouse gas emissions.;;;;;;;;;;;;;;;;;;;;;;;;;;;
157;Pathway to a Healthy Planet for All EU Action Plan;Amending Directive 2003/87/EC;+;2;The Pathway to a Healthy Planet for All EU Action Plan can reinforce the Amending Directive 2003/87/EC targets by promoting sustainable practices and reducing pollution from industrial activities, thus enabling more effective reduction of emissions.;;;;;;;;;;;;;;;;;;;;;;;;;;;
158;Energy from Renewable Sources;EU Biodiversity Strategy for 2030;+;2;The implementation of renewable energy targets in the Energy from Renewable Sources policy document can reinforce the EU Biodiversity Strategy for 2030 by reducing greenhouse gas emissions and promoting sustainable land use, which in turn can aid in preserving and restoring ecosystems.;;;;;;;;;;;;;;;;;;;;;;;;;;;
159;Biofuels - Directive (EU) 2023/2413;Sustainable and Smart Mobility Strategy;+;1;The Biofuels Directive can enable the Sustainable and Smart Mobility Strategy by providing low-carbon fuels for the transport sector, supporting the transition to cleaner energy sources.;;;;;;;;;;;;;;;;;;;;;;;;;;;
160;On ensuring a level playing field for sustainable air transport;Hydrogen Strategy;+;1;The On ensuring a level playing field for sustainable air transport policy document can support the Hydrogen Strategy by promoting the use of low-carbon fuels in the aviation sector, which can be produced from renewable energy sources.;;;;;;;;;;;;;;;;;;;;;;;;;;;
161;Aviation Fuel - Regulation (EU) 2023/2405;EU Biodiversity Strategy for 2030;+;2;The Aviation Fuel Regulation can reinforce the EU Biodiversity Strategy for 2030 by promoting the use of sustainable aviation fuels, which can be produced from renewable energy sources, reducing greenhouse gas emissions and promoting sustainable land use.;;;;;;;;;;;;;;;;;;;;;;;;;;;
162;On the deployment of alternative fuels infrastructure;Sustainable and Smart Mobility Strategy;+;3;The On the deployment of alternative fuels infrastructure policy document can significantly support the Sustainable and Smart Mobility Strategy by promoting the development of alternative fuel infrastructure, enabling the widespread adoption of low-carbon fuels in the transport sector.;;;;;;;;;;;;;;;;;;;;;;;;;;;
163;On the Energy Transition of the EU Fisheries and Aquaculture sector;EU Biodiversity Strategy for 2030;+;1;The On the Energy Transition of the EU Fisheries and Aquaculture sector policy document can support the EU Biodiversity Strategy for 2030 by promoting sustainable fishing and aquaculture practices, reducing the environmental impact of these sectors.;;;;;;;;;;;;;;;;;;;;;;;;;;;
164;Amending Regulation (EU) 2019/1242;On Nature Restoration;+;2;The Amending Regulation can reinforce the On Nature Restoration policy document by promoting sustainable agriculture and reducing pollution from fertilizers and pesticides, which can aid in restoring ecosystems and promoting biodiversity.;;;;;;;;;;;;;;;;;;;;;;;;;;;
165;On the use of renewable and low-carbon fuels in maritime transport and amending Directive 2009/16/EC;Hydrogen Strategy;+;1;The On the use of renewable and low-carbon fuels in maritime transport policy document can support the Hydrogen Strategy by promoting the use of low-carbon fuels in the maritime sector, which can be produced from renewable energy sources.;;;;;;;;;;;;;;;;;;;;;;;;;;;
166;Sustainable and Smart Mobility Strategy;EU Biodiversity Strategy for 2030;+;2;The Sustainable and Smart Mobility Strategy can reinforce the EU Biodiversity Strategy for 2030 by promoting low-carbon fuels and reducing greenhouse gas emissions in the transport sector, which can aid in preserving and restoring ecosystems.;;;;;;;;;;;;;;;;;;;;;;;;;;;
167;On the deployment of alternative fuels infrastructure;EU Biodiversity Strategy for 2030;+;1;The On the deployment of alternative fuels infrastructure policy document can support the EU Biodiversity Strategy for 2030 by promoting the development of alternative fuel infrastructure, enabling the widespread adoption of low-carbon fuels in the transport sector.;;;;;;;;;;;;;;;;;;;;;;;;;;;
168;EU Biodiversity Strategy for 2030;Energy from Renewable Sources;+;3;The EU Biodiversity Strategy for 2030 can significantly support the Energy from Renewable Sources policy document by promoting sustainable land use and reducing greenhouse gas emissions, which can aid in achieving renewable energy targets.;;;;;;;;;;;;;;;;;;;;;;;;;;;
169;On Nature Restoration;Sustainable and Smart Mobility Strategy;+;2;The On Nature Restoration policy document can reinforce the Sustainable and Smart Mobility Strategy by promoting the restoration of ecosystems, which can support the development of alternative fuel sources and reduce greenhouse gas emissions in the transport sector.;;;;;;;;;;;;;;;;;;;;;;;;;;;
170;EU Soil Strategy for 2030;EU Biodiversity Strategy for 2030;+;2;The EU Soil Strategy for 2030 can support the EU Biodiversity Strategy for 2030 by promoting sustainable soil management practices, reducing pollution, and promoting ecosystem services, which can aid in preserving and restoring ecosystems.;;;;;;;;;;;;;;;;;;;;;;;;;;;
171;Regulation on plant reproductive material;On Nature Restoration;+;1;The Regulation on plant reproductive material can support the On Nature Restoration policy document by promoting the development of sustainable plant reproductive material, which can aid in restoring ecosystems and promoting biodiversity.;;;;;;;;;;;;;;;;;;;;;;;;;;;
172;Ensuring resilient and sustainable use of EU's natural resources;EU Biodiversity Strategy for 2030;+;3;The Ensuring resilient and sustainable use of EU's natural resources policy document can significantly support the EU Biodiversity Strategy for 2030 by promoting sustainable use of natural resources, reducing pollution, and promoting ecosystem services, which can aid in preserving and restoring ecosystems.;;;;;;;;;;;;;;;;;;;;;;;;;;;
173;Regulation on forest reproductive material;On Nature Restoration;+;1;The Regulation on forest reproductive material can support the On Nature Restoration policy document by promoting the development of sustainable forest reproductive material, which can aid in restoring ecosystems and promoting biodiversity.;;;;;;;;;;;;;;;;;;;;;;;;;;;
174;EU Biodiversity Strategy for 2030;On Nature Restoration;+;3;The EU Biodiversity Strategy for 2030 can significantly support the On Nature Restoration policy document by promoting sustainable land use, reducing greenhouse gas emissions, and promoting ecosystem services, which can aid in restoring ecosystems and promoting biodiversity.;;;;;;;;;;;;;;;;;;;;;;;;;;;
175;Energy from Renewable Sources;On ensuring a level playing field for sustainable air transport;+;2;The implementation of the Energy from Renewable Sources target can reinforce the On ensuring a level playing field for sustainable air transport policy document by increasing the share of renewable energy in the energy mix, which can lead to a reduction in greenhouse gas emissions from air transport.;;;;;;;;;;;;;;;;;;;;;;;;;;;
176;Biofuels - Directive (EU) 2023/2413;On the deployment of alternative fuels infrastructure;+;1;The Biofuels Directive can enable the On the deployment of alternative fuels infrastructure policy document by promoting the use of advanced biofuels and other low-carbon fuels in the transport sector, which can support the development of alternative fuel infrastructure.;;;;;;;;;;;;;;;;;;;;;;;;;;;
177;On ensuring a level playing field for sustainable air transport;Sustainable and Smart Mobility Strategy;+;2;The On ensuring a level playing field for sustainable air transport policy document can reinforce the Sustainable and Smart Mobility Strategy by promoting the use of sustainable and low-carbon fuels in the air transport sector, which can support the achievement of the Strategy's targets.;;;;;;;;;;;;;;;;;;;;;;;;;;;
178;Aviation Fuel - Regulation (EU) 2023/2405;Hydrogen Strategy;+;1;The Aviation Fuel Regulation can enable the Hydrogen Strategy by promoting the use of low-carbon fuels, including hydrogen, in the aviation sector, which can support the development of a hydrogen economy.;;;;;;;;;;;;;;;;;;;;;;;;;;;
179;On the deployment of alternative fuels infrastructure;Amending Regulation (EU) 2019/1242;+;1;The On the deployment of alternative fuels infrastructure policy document can enable the Amending Regulation (EU) 2019/1242 by promoting the use of alternative fuels in the transport sector, which can support the reduction of greenhouse gas emissions from transport.;;;;;;;;;;;;;;;;;;;;;;;;;;;
180;On the Energy Transition of the EU Fisheries and Aquaculture sector;The new EU Urban Mobility Framework;+;1;The On the Energy Transition of the EU Fisheries and Aquaculture sector policy document can enable The new EU Urban Mobility Framework by promoting the use of low-carbon fuels and renewable energy in the fisheries and aquaculture sector, which can support the development of sustainable and low-carbon mobility solutions.;;;;;;;;;;;;;;;;;;;;;;;;;;;
181;Directive 2010/75/EU of the European Parliament and of the Council;On the quality of water intended for human consumption;+;2;The Directive 2010/75/EU can reinforce the On the quality of water intended for human consumption policy document by promoting the use of best available techniques to reduce pollution from industrial activities, which can support the achievement of the water quality targets.;;;;;;;;;;;;;;;;;;;;;;;;;;;
182;On the quality of water intended for human consumption;Pathway to a Healthy Planet for All EU Action Plan;+;2;The On the quality of water intended for human consumption policy document can reinforce the Pathway to a Healthy Planet for All EU Action Plan by promoting the use of sustainable water management practices, which can support the achievement of the Plan's targets.;;;;;;;;;;;;;;;;;;;;;;;;;;;
183;Pathway to a Healthy Planet for All EU Action Plan;European assessment framework for ‘safe and sustainable by design’ chemicals and materials;+;1;The Pathway to a Healthy Planet for All EU Action Plan can enable the European assessment framework for ‘safe and sustainable by design’ chemicals and materials by promoting the use of sustainable and low-carbon technologies, which can support the development of safe and sustainable chemicals and materials.;;;;;;;;;;;;;;;;;;;;;;;;;;;
184;On reporting of environmental data from industrial installations and establishing an Industrial Emissions Portal;on ambient air quality and cleaner air for Europe;+;1;The On reporting of environmental data from industrial installations and establishing an Industrial Emissions Portal policy document can enable the on ambient air quality and cleaner air for Europe by promoting the use of best available techniques to reduce air pollution from industrial activities, which can support the achievement of the air quality targets.;;;;;;;;;;;;;;;;;;;;;;;;;;;
185;Directive 2010/75/EU of the European Parliament and of the Council;Energy from Renewable Sources;+;2;The implementation of the Directive 2010/75/EU can aid the achievement of the Energy from Renewable Sources target by promoting the use of renewable energy sources, thus reinforcing the transition to a low-carbon economy.;;;;;;;;;;;;;;;;;;;;;;;;;;;
186;On the quality of water intended for human consumption;On energy efficiency and amending Regulation (EU) 2023/955 (recast);+;1;The quality of water intended for human consumption can enable education and awareness about the importance of energy efficiency, thus creating conditions that further the energy efficiency target.;;;;;;;;;;;;;;;;;;;;;;;;;;;
187;Pathway to a Healthy Planet for All EU Action Plan;A Renovation Wave for Europe;+;3;The Pathway to a Healthy Planet for All EU Action Plan can indivisibly support the achievement of the A Renovation Wave for Europe target by promoting sustainable practices and reducing pollution, thus creating a healthy environment that reinforces the renovation wave initiative.;;;;;;;;;;;;;;;;;;;;;;;;;;;
188;European assessment framework for ‘safe and sustainable by design’ chemicals and materials;On packaging and packaging waste;+;2;The European assessment framework can reinforce the packaging and packaging waste target by promoting sustainable practices and reducing waste, thus creating conditions that further the reduction of packaging waste.;;;;;;;;;;;;;;;;;;;;;;;;;;;
189;On reporting of environmental data from industrial installations and establishing an Industrial Emissions Portal;On the Energy Performance of Buildings (recast);+;1;The reporting of environmental data can enable the energy performance of buildings target by providing data and insights that inform building renovation and energy efficiency measures, thus creating conditions that further the energy performance target.;;;;;;;;;;;;;;;;;;;;;;;;;;;
190;On ambient air quality and cleaner air for Europe;REPowerEU Plan;+;2;The ambient air quality target can reinforce the REPowerEU Plan by promoting cleaner air and reducing pollution, thus creating conditions that further the transition to renewable energy sources.;;;;;;;;;;;;;;;;;;;;;;;;;;;
191;REPowerEU Plan;Energy from Renewable Sources;+;3;The REPowerEU Plan can indivisibly support the achievement of the Energy from Renewable Sources target by promoting the use of renewable energy sources and reducing dependence on fossil fuels, thus creating a low-carbon economy that reinforces the energy from renewable sources target.;;;;;;;;;;;;;;;;;;;;;;;;;;;
192;EU Solar Energy Strategy;Delivering on the EU offshore renewable energy ambitions;+;2;The EU Solar Energy Strategy can reinforce the Delivering on the EU offshore renewable energy ambitions target by promoting the use of solar energy and reducing pollution, thus creating conditions that further the offshore renewable energy ambitions.;;;;;;;;;;;;;;;;;;;;;;;;;;;
193;Delivering on the EU offshore renewable energy ambitions;Powering a Climate neutrality economy;+;1;The Delivering on the EU offshore renewable energy ambitions target can enable the Powering a Climate neutrality economy target by promoting offshore renewable energy and reducing greenhouse gas emissions, thus creating conditions that further the climate neutrality target.;;;;;;;;;;;;;;;;;;;;;;;;;;;
194;A Farm to Fork Strategy;Energy from Renewable Sources;+;2;The implementation of the Farm to Fork Strategy's targets, such as reducing the use of pesticides and promoting organic farming, can reinforce the achievement of the Energy from Renewable Sources' targets, such as increasing the share of renewable energy in the energy mix.;;;;;;;;;;;;;;;;;;;;;;;;;;;
195;A Farm to Fork Strategy;Biofuels - Directive (EU) 2023/2413;+;1;The Farm to Fork Strategy's focus on sustainable agriculture and reducing greenhouse gas emissions can enable the Biofuels Directive's targets, such as increasing the use of advanced biofuels and biogas, by creating conditions that further the development of sustainable biofuels.;;;;;;;;;;;;;;;;;;;;;;;;;;;
196;A Farm to Fork Strategy;On ensuring a level playing field for sustainable air transport;+;1;The Farm to Fork Strategy's emphasis on sustainable food systems and reducing emissions can create conditions that further the development of sustainable air transport, as outlined in the On ensuring a level playing field for sustainable air transport policy document.;;;;;;;;;;;;;;;;;;;;;;;;;;;
197;A Farm to Fork Strategy;Aviation Fuel - Regulation (EU) 2023/2405;+;1;The Farm to Fork Strategy's focus on sustainable agriculture and reducing emissions can enable the Aviation Fuel Regulation's targets, such as increasing the use of sustainable aviation fuels, by creating conditions that further the development of sustainable aviation fuels.;;;;;;;;;;;;;;;;;;;;;;;;;;;
198;A Farm to Fork Strategy;On the deployment of alternative fuels infrastructure;+;1;The Farm to Fork Strategy's emphasis on sustainable food systems and reducing emissions can create conditions that further the development of alternative fuels infrastructure, as outlined in the On the deployment of alternative fuels infrastructure policy document.;;;;;;;;;;;;;;;;;;;;;;;;;;;
199;A Farm to Fork Strategy;On the Energy Transition of the EU Fisheries and Aquaculture sector;+;1;The Farm to Fork Strategy's focus on sustainable agriculture and reducing emissions can enable the Energy Transition of the EU Fisheries and Aquaculture sector's targets, such as increasing the use of renewable energy in the fisheries and aquaculture sector, by creating conditions that further the development of sustainable fisheries and aquaculture practices.;;;;;;;;;;;;;;;;;;;;;;;;;;;
200;A Farm to Fork Strategy;On the deployment of alternative fuels infrastructure;+;1;The Farm to Fork Strategy's emphasis on sustainable food systems and reducing emissions can create conditions that further the development of alternative fuels infrastructure, as outlined in the On the deployment of alternative fuels infrastructure policy document.;;;;;;;;;;;;;;;;;;;;;;;;;;;
201;A Farm to Fork Strategy;Amending Regulation (EU) 2019/1242;+;1;The Farm to Fork Strategy's focus on sustainable agriculture and reducing emissions can enable the Amending Regulation's targets, such as reducing emissions from agriculture, by creating conditions that further the development of sustainable agricultural practices.;;;;;;;;;;;;;;;;;;;;;;;;;;;
202;A Farm to Fork Strategy;On the use of renewable and low-carbon fuels in maritime transport and amending Directive 2009/16/EC;+;1;The Farm to Fork Strategy's emphasis on sustainable food systems and reducing emissions can create conditions that further the development of renewable and low-carbon fuels in maritime transport, as outlined in the On the use of renewable and low-carbon fuels in maritime transport policy document.;;;;;;;;;;;;;;;;;;;;;;;;;;;
203;A Farm to Fork Strategy;Sustainable and Smart Mobility Strategy;+;1;The Farm to Fork Strategy's focus on sustainable agriculture and reducing emissions can enable the Sustainable and Smart Mobility Strategy's targets, such as promoting sustainable transport modes, by creating conditions that further the development of sustainable mobility practices.;;;;;;;;;;;;;;;;;;;;;;;;;;;
204;A Farm to Fork Strategy;On the deployment of alternative fuels infrastructure;+;1;The Farm to Fork Strategy's emphasis on sustainable food systems and reducing emissions can create conditions that further the development of alternative fuels infrastructure, as outlined in the On the deployment of alternative fuels infrastructure policy document.;;;;;;;;;;;;;;;;;;;;;;;;;;;
205;A Farm to Fork Strategy;Amending Regulation (EU) 2019/1242;+;1;The Farm to Fork Strategy's focus on sustainable agriculture and reducing emissions can enable the Amending Regulation's targets, such as reducing emissions from agriculture, by creating conditions that further the development of sustainable agricultural practices.;;;;;;;;;;;;;;;;;;;;;;;;;;;
206;A Farm to Fork Strategy;Energy from Renewable Sources;+;2;The implementation of the Farm to Fork Strategy's targets can reinforce the achievement of the Energy from Renewable Sources' targets, such as increasing the share of renewable energy in the energy mix, by promoting sustainable agriculture and reducing emissions.;;;;;;;;;;;;;;;;;;;;;;;;;;;
207;A Farm to Fork Strategy;On ensuring a level playing field for sustainable air transport;+;1;The Farm to Fork Strategy's emphasis on sustainable food systems and reducing emissions can create conditions that further the development of sustainable air transport, as outlined in the On ensuring a level playing field for sustainable air transport policy document.;;;;;;;;;;;;;;;;;;;;;;;;;;;
208;A Farm to Fork Strategy;Hydrogen Strategy;+;1;The Farm to Fork Strategy's focus on sustainable agriculture and reducing emissions can enable the Hydrogen Strategy's targets, such as increasing the use of renewable hydrogen, by creating conditions that further the development of sustainable hydrogen production.;;;;;;;;;;;;;;;;;;;;;;;;;;;
209;A Farm to Fork Strategy;Amending Council Directive 92/106/EEC;+;1;The Farm to Fork Strategy's emphasis on sustainable food systems and reducing emissions can create conditions that further the development of sustainable transport practices, as outlined in the Amending Council Directive policy document.;;;;;;;;;;;;;;;;;;;;;;;;;;;
210;A Farm to Fork Strategy;The new EU Urban Mobility Framework;+;1;The Farm to Fork Strategy's focus on sustainable agriculture and reducing emissions can enable the new EU Urban Mobility Framework's targets, such as promoting sustainable urban mobility, by creating conditions that further the development of sustainable urban mobility practices.;;;;;;;;;;;;;;;;;;;;;;;;;;;
211;;;;;;;;;;A Farm to Fork Strategy;;+;1.0;;;On Nature Restoration;The Farm to Fork Strategy's focus on sustainable agriculture and reducing pollution can enable the implementation of the Nature Restoration Law's targets on restoring degraded ecosystems, as sustainable agricultural practices can help reduce pollution and protect biodiversity.;;;;;;;;;;;;;;;
212;;;;;;;;;;A Farm to Fork Strategy;;+;1.0;;;EU Soil Strategy for 2030;The Farm to Fork Strategy's emphasis on sustainable agriculture and soil health can support the EU Soil Strategy for 2030's objectives of protecting and restoring soil health, as sustainable agricultural practices can help maintain soil fertility and structure.;;;;;;;;;;;;;;;
213;;;;;;;;;;A Farm to Fork Strategy;;+;1.0;;;Regulation on plant reproductive material;The Farm to Fork Strategy's focus on sustainable agriculture and reducing pollution can enable the implementation of the Regulation on plant reproductive material's targets on promoting the use of high-quality reproductive material, as sustainable agricultural practices can help reduce pollution and protect biodiversity.;;;;;;;;;;;;;;;
214;;;;;;;;;;A Farm to Fork Strategy;;+;2.0;;;EU Biodiversity Strategy for 2030;The implementation of the Farm to Fork Strategy's targets on promoting sustainable agriculture and reducing pollution can reinforce the EU Biodiversity Strategy for 2030's target of protecting and restoring ecosystems and biodiversity, as sustainable agricultural practices can help maintain ecosystem services and protect species.;;;;;;;;;;;;;;;
215;;;;;;;;;;A Farm to Fork Strategy;;+;1.0;;;On Nature Restoration;The Farm to Fork Strategy's emphasis on sustainable agriculture and reducing pollution can support the Nature Restoration Law's objectives of restoring degraded ecosystems, as sustainable agricultural practices can help reduce pollution and protect biodiversity.;;;;;;;;;;;;;;;
216;;;;;;;;;;A Farm to Fork Strategy;;+;1.0;;;Fisheries and Oceans Pact;The Farm to Fork Strategy's focus on sustainable food systems and reducing pollution can enable the implementation of the Fisheries and Oceans Pact's targets on promoting sustainable fishing and aquaculture practices, as sustainable food systems can help reduce pollution and protect biodiversity.;;;;;;;;;;;;;;;
217;;;;;;;;;;A Farm to Fork Strategy;;+;2.0;;;EU Biodiversity Strategy for 2030;The implementation of the Farm to Fork Strategy's targets on reducing pollution from agricultural activities can reinforce the EU Biodiversity Strategy for 2030's target of protecting and restoring ecosystems and biodiversity, as reducing pollution can aid in preserving and restoring natural habitats.;;;;;;;;;;;;;;;
218;;;;;;;;2.0;;;;;;;;;;Energy from Renewable Sources;Aviation Fuel - Regulation (EU) 2023/2405;The Energy from Renewable Sources target can aid the Aviation Fuel - Regulation (EU) 2023/2405 goal of at least 70% of renewable fuels in aviation by 2050, as renewable energy can be used to produce sustainable aviation fuels.;;;;;;;;;;;;
219;;;;;;;;1.0;;;;;;;;;;Biofuels - Directive (EU) 2023/2413;On the deployment of alternative fuels infrastructure;The Biofuels - Directive (EU) 2023/2413 target of at least 1% of renewable fuels in road transport by 2025 can enable the On the deployment of alternative fuels infrastructure target of at least 1 public recharging pool dedicated to light-duty vehicles deployed in each direction of travel with a maximum distance of 60 km in-between them, as increased biofuel production can lead to the development of alternative fuel infrastructure.;;;;;;;;;;;;
220;;;;;;;;-1.0;;;;;;;;;;On ensuring a level playing field for sustainable air transport;On the Energy Transition of the EU Fisheries and Aquaculture sector;The On ensuring a level playing field for sustainable air transport target may constrain the On the Energy Transition of the EU Fisheries and Aquaculture sector goal of reducing GHG emissions from fisheries and aquaculture, as increased air transport demand can lead to higher emissions from these sectors.;;;;;;;;;;;;
221;;;;;;;;1.0;;;;;;;;;;Aviation Fuel - Regulation (EU) 2023/2405;On the deployment of alternative fuels infrastructure;The Aviation Fuel - Regulation (EU) 2023/2405 target of at least 70% of renewable fuels in aviation by 2050 can facilitate the On the deployment of alternative fuels infrastructure goal of at least 1 public recharging pool dedicated to light-duty vehicles, as increased renewable fuel production can support the development of alternative fuel infrastructure.;;;;;;;;;;;;
222;;;;;;;;2.0;;;;;;;;;;On the deployment of alternative fuels infrastructure;Amending Regulation (EU) 2019/1242;The On the deployment of alternative fuels infrastructure target can reinforce the Amending Regulation (EU) 2019/1242 goal of reducing GHG emissions from transport, as increased alternative fuel infrastructure can lead to lower emissions from transport.;;;;;;;;;;;;
223;;;;;;;;2.0;;;;;;;;;;On the deployment of alternative fuels infrastructure;Sustainable and Smart Mobility Strategy;The On the deployment of alternative fuels infrastructure target can aid the Sustainable and Smart Mobility Strategy goal of at least -90% of GHG emissions from land transport by 2050, as increased alternative fuel infrastructure can support the transition to low-carbon transport.;;;;;;;;;;;;
224;;;;;;;;1.0;;;;;;;;;;Amending Regulation (EU) 2019/1242;Energy from Renewable Sources;The Amending Regulation (EU) 2019/1242 target of reducing GHG emissions from transport can enable the Energy from Renewable Sources goal of at least 49% of energy from renewable sources in the building sector, as increased renewable energy production can lead to lower emissions from transport.;;;;;;;;;;;;
225;;;;;;;;3.0;;;;;;;;;;Circular Economy Action Plan;Concerning batteries and waste batteries;The Circular Economy Action Plan target of at least 65% of municipal waste recycled by 2030 can reinforce the Concerning batteries and waste batteries goal of recycling at least 50% of portable batteries by 2025, as increased recycling can lead to the recovery of critical raw materials.;;;;;;;;;;;;
226;;;;;;;;2.0;;;;;;;;;;Concerning batteries and waste batteries;On packaging and packaging waste;The Concerning batteries and waste batteries target can aid the On packaging and packaging waste goal of recycling at least 65% of packaging waste by 2025, as increased recycling of batteries can lead to the recovery of materials used in packaging.;;;;;;;;;;;;
227;;;;;;;;1.0;;;;;;;;;;On packaging and packaging waste;On circularity requirements for vehicle design;The On packaging and packaging waste target can facilitate the On circularity requirements for vehicle design goal of at least 85% of vehicles being reusable/recyclable by 2030, as increased recycling of packaging waste can lead to the development of more circular vehicle design.;;;;;;;;;;;;
228;;;;;;;;2.0;;;;;;;;;;On circularity requirements for vehicle design;Critical Raw Materials;The On circularity requirements for vehicle design target can reinforce the Critical Raw Materials goal of at least 10% of the Union’s annual consumption of strategic raw materials by 2030, as increased recycling of vehicles can lead to the recovery of critical raw materials.;;;;;;;;;;;;
229;;;;;;;;3.0;;;;;;;;;;Critical Raw Materials;Net Zero Industry Act;The Critical Raw Materials target can aid the Net Zero Industry Act goal of at least 40% of the Union’s annual deployment needs by 2030, as increased domestic production of critical raw materials can support the development of net-zero technologies.;;;;;;;;;;;;
230;;;;;;;;2.0;;;;;;;;;;Net Zero Industry Act;Amending Directive 2008/98/EC on waste;The Net Zero Industry Act target can facilitate the Amending Directive 2008/98/EC on waste goal of reducing waste generation by at least 50% by 2030, as increased recycling and reuse can lead to lower waste generation.;;;;;;;;;;;;
231;;;;;;;;1.0;;;;;;;;;;Amending Directive 2008/98/EC on waste;Circular Economy Action Plan;The Amending Directive 2008/98/EC on waste target can enable the Circular Economy Action Plan goal of at least 50% of the Union’s energy consumption from renewable sources by 2030, as increased waste reduction can lead to lower energy consumption.;;;;;;;;;;;;
232;Directive 2010/75/EU of the European Parliament and of the Council;;;;;;;;;;;;;;;;;;;;" ""EU Biodiversity Strategy for 2030""";" ""+""";" ""2""";" ""The implementation of the Directive 2010/75/EU can reinforce the EU Biodiversity Strategy for 2030 by providing a framework for reducing emissions from industrial installations, which can aid in achieving biodiversity conservation targets.""";;;;;;;;
233;On the quality of water intended for human consumption;;;;;;;;;;;;;;;;;;;;" ""EU Biodiversity Strategy for 2030""";" ""+""";" ""1""";" ""Improving water quality can enable better protection of aquatic ecosystems, which is a key aspect of the EU Biodiversity Strategy for 2030.""";;;;;;;;
234;Pathway to a Healthy Planet for All EU Action Plan;;;;;;;;;;;;;;;;;;;;" ""EU Biodiversity Strategy for 2030""";" ""+""";" ""2""";" ""The Pathway to a Healthy Planet for All EU Action Plan can enable the EU Biodiversity Strategy for 2030 by promoting a holistic approach to addressing environmental challenges, including biodiversity loss.""";;;;;;;;
235;European assessment framework for ‘safe and sustainable by design’ chemicals and materials;;;;;;;;;;;;;;;;;;;;" ""EU Biodiversity Strategy for 2030""";" ""+""";" ""1""";" ""The European assessment framework can aid in reducing pollution, which is a key factor in achieving biodiversity conservation targets outlined in the EU Biodiversity Strategy for 2030.""";;;;;;;;
236;On reporting of environmental data from industrial installations and establishing an Industrial Emissions Portal;;;;;;;;;;;;;;;;;;;;" ""EU Biodiversity Strategy for 2030""";" ""+""";" ""1""";" ""Improved reporting and monitoring of industrial emissions can facilitate the implementation of the EU Biodiversity Strategy for 2030 by providing better data for assessing the impact of industrial activities on biodiversity.""";;;;;;;;
237;on ambient air quality and cleaner air for Europe;;;;;;;;;;;;;;;;;;;;" ""EU Biodiversity Strategy for 2030""";" ""+""";" ""2""";" ""Reducing air pollution can have a positive impact on biodiversity, as outlined in the EU Biodiversity Strategy for 2030, by decreasing the harmful effects of air pollutants on ecosystems.""";;;;;;;;
238;Pathway to a Healthy Planet for All EU Action Plan;;;;;;;;;;;;;;;;;;;;" ""On Nature Restoration""";" ""+""";" ""2""";" ""The Pathway to a Healthy Planet for All EU Action Plan can support the implementation of the Nature Restoration Law by promoting ecosystem restoration and biodiversity conservation.""";;;;;;;;
239;Pathway to a Healthy Planet for All EU Action Plan;;;;;;;;;;;;;;;;;;;;" ""EU Soil Strategy for 2030""";" ""+""";" ""1""";" ""The Pathway to a Healthy Planet for All EU Action Plan can enable the EU Soil Strategy for 2030 by promoting sustainable soil management practices, which are essential for maintaining ecosystem services and biodiversity.""";;;;;;;;
240;Regulation on plant reproductive material;;;;;;;;;;;;;;;;;;;;" ""EU Biodiversity Strategy for 2030""";" ""+""";" ""1""";" ""The Regulation on plant reproductive material can support the implementation of the EU Biodiversity Strategy for 2030 by promoting the use of sustainable plant reproductive materials, which can aid in reducing biodiversity loss.""";;;;;;;;
241;Ensuring resilient and sustainable use of EU's natural resources;;;;;;;;;;;;;;;;;;;;" ""EU Biodiversity Strategy for 2030""";" ""+""";" ""2""";" ""Ensuring resilient and sustainable use of natural resources can support the EU Biodiversity Strategy for 2030 by promoting ecosystem services and reducing biodiversity loss.""";;;;;;;;
242;EU Biodiversity Strategy for 2030;;;;;;;;;;;;;;;;;;;;" ""On Nature Restoration""";" ""+""";" ""3""";" ""The EU Biodiversity Strategy for 2030 can enable the implementation of the Nature Restoration Law by providing a framework for biodiversity conservation and restoration, which is a key aspect of the law.""";;;;;;;;
243;EU Biodiversity Strategy for 2030;;;;;;;;;;;;;;;;;;;;" ""Fisheries and Oceans Pact""";" ""+""";" ""1""";" ""The EU Biodiversity Strategy for 2030 can support the implementation of the Fisheries and Oceans Pact by promoting sustainable fishing practices, which can aid in reducing biodiversity loss in marine ecosystems.""";;;;;;;;
244;EU Biodiversity Strategy for 2030;;;;;;;;;;;;;;;;;;;;" ""Regulation on forest reproductive material""";" ""+""";" ""1""";" ""The EU Biodiversity Strategy for 2030 can enable the implementation of the Regulation on forest reproductive material by promoting sustainable forest management practices, which are essential for maintaining ecosystem services and biodiversity.""";;;;;;;;
245;Directive 2010/75/EU of the European Parliament and of the Council;A Farm to Fork Strategy;+;2;The implementation of the Directive 2010/75/EU can reinforce the Farm to Fork Strategy by reducing pollution from industrial activities, which in turn can aid in achieving the strategy's objectives of reducing the environmental impact of food production.;;;;;;;;;;;;;;;;;;;;;;;;;;;
246;On the quality of water intended for human consumption;A Farm to Fork Strategy;+;1;The implementation of the water quality directive can enable the Farm to Fork Strategy by ensuring access to clean water for irrigation and other agricultural purposes, creating conditions for sustainable food production.;;;;;;;;;;;;;;;;;;;;;;;;;;;
247;Pathway to a Healthy Planet for All EU Action Plan;A Farm to Fork Strategy;+;3;The Pathway to a Healthy Planet for All EU Action Plan can indivisibly support the Farm to Fork Strategy by promoting sustainable food systems, reducing pollution, and protecting biodiversity, which are all crucial for achieving the strategy's objectives.;;;;;;;;;;;;;;;;;;;;;;;;;;;
248;European assessment framework for ‘safe and sustainable by design’ chemicals and materials;A Farm to Fork Strategy;-;2;The European assessment framework may counteract the Farm to Fork Strategy by promoting the use of chemicals in food production, which could hinder the strategy's objective of reducing the environmental impact of food production.;;;;;;;;;;;;;;;;;;;;;;;;;;;
249;On reporting of environmental data from industrial installations and establishing an Industrial Emissions Portal;A Farm to Fork Strategy;+;1;The implementation of the Industrial Emissions Portal can enable the Farm to Fork Strategy by providing data on industrial emissions, which can inform policies to reduce pollution from food production.;;;;;;;;;;;;;;;;;;;;;;;;;;;
250;on ambient air quality and cleaner air for Europe;A Farm to Fork Strategy;+;2;The ambient air quality directive can reinforce the Farm to Fork Strategy by reducing air pollution from agricultural activities, which can aid in achieving the strategy's objectives of improving air quality.;;;;;;;;;;;;;;;;;;;;;;;;;;;
251;Pathway to a Healthy Planet for All EU Action Plan;A Farm to Fork Strategy;+;3;The Pathway to a Healthy Planet for All EU Action Plan can indivisibly support the Farm to Fork Strategy by promoting sustainable food systems, reducing pollution, and protecting biodiversity, which are all crucial for achieving the strategy's objectives.;;;;;;;;;;;;;;;;;;;;;;;;;;;
252;European Climate Law;Energy from Renewable Sources;+;2;The European Climate Law sets a framework for reducing greenhouse gas emissions, which can reinforce the Energy from Renewable Sources policy document by promoting the use of renewable energy sources.;;;;;;;;;;;;;;;;;;;;;;;;;;;
253;Concerning urban wastewater treatment (recast);On energy efficiency and amending Regulation (EU) 2023/955 (recast);+;1;The Concerning urban wastewater treatment policy document can enable the On energy efficiency policy document by reducing energy consumption in the water sector.;;;;;;;;;;;;;;;;;;;;;;;;;;;
254;Amending Directive 2003/87/EC;A Renovation Wave for Europe;+;1;The Amending Directive 2003/87/EC policy document can aid the A Renovation Wave for Europe policy document by promoting energy efficiency in buildings.;;;;;;;;;;;;;;;;;;;;;;;;;;;
255;Amending Regulations (EU) 2018/842;On packaging and packaging waste;+;1;The Amending Regulations policy document can support the On packaging and packaging waste policy document by reducing waste generation.;;;;;;;;;;;;;;;;;;;;;;;;;;;
256;Amending Regulations (EU) 2018/841;On the Energy Performance of Buildings (recast);+;1;The Amending Regulations policy document can reinforce the On the Energy Performance of Buildings policy document by improving building insulation and reducing energy losses.;;;;;;;;;;;;;;;;;;;;;;;;;;;
257;On an EU Strategy to reduce methane emissions;REPowerEU Plan;+;2;The On an EU Strategy to reduce methane emissions policy document can reinforce the REPowerEU Plan policy document by promoting the use of renewable energy sources and reducing greenhouse gas emissions.;;;;;;;;;;;;;;;;;;;;;;;;;;;
258;A Renovation Wave for Europe;Energy from Renewable Sources;+;1;The A Renovation Wave for Europe policy document can enable the Energy from Renewable Sources policy document by promoting the use of renewable energy sources in buildings.;;;;;;;;;;;;;;;;;;;;;;;;;;;
259;On energy efficiency and amending Regulation (EU) 2023/955 (recast);EU Solar Energy Strategy;+;1;The On energy efficiency policy document can support the EU Solar Energy Strategy policy document by promoting the use of solar energy and reducing energy consumption.;;;;;;;;;;;;;;;;;;;;;;;;;;;
260;On packaging and packaging waste;On the Energy Performance of Buildings (recast);+;1;The On packaging and packaging waste policy document can aid the On the Energy Performance of Buildings policy document by reducing energy consumption in the building sector.;;;;;;;;;;;;;;;;;;;;;;;;;;;
261;REPowerEU Plan;Delivering on the EU offshore renewable energy ambitions;+;2;The REPowerEU Plan policy document can reinforce the Delivering on the EU offshore renewable energy ambitions policy document by promoting the use of offshore renewable energy sources.;;;;;;;;;;;;;;;;;;;;;;;;;;;
262;EU Solar Energy Strategy;Powering a Climate neutrality economy;+;2;The EU Solar Energy Strategy policy document can support the Powering a Climate neutrality economy policy document by promoting the use of solar energy and reducing greenhouse gas emissions.;;;;;;;;;;;;;;;;;;;;;;;;;;;
263;Energy from Renewable Sources;A Renovation Wave for Europe;+;1;The Energy from Renewable Sources policy document can enable the A Renovation Wave for Europe policy document by promoting the use of renewable energy sources in buildings.;;;;;;;;;;;;;;;;;;;;;;;;;;;
264;Energy from Renewable Sources;On the quality of water intended for human consumption;1;Enabling;The implementation of renewable energy sources can enable the reduction of water pollution by decreasing the reliance on fossil fuels and lowering emissions, thus creating conditions that further the target of improving water quality.;;;;;;;;;;;;;;;;;;;;;;;;;;;
265;Energy from Renewable Sources;Pathway to a Healthy Planet for All EU Action Plan;2;Reinforcing;The achievement of the renewable energy target can reinforce the overall objective of the Pathway to a Healthy Planet for All EU Action Plan by providing a clean source of energy and reducing emissions, which is in line with the plan's goals.;;;;;;;;;;;;;;;;;;;;;;;;;;;
266;A Renovation Wave for Europe;On the Energy Performance of Buildings (recast);3;Indivisible;The Renovation Wave for Europe is indivisibly linked to the achievement of the target of improving the energy performance of buildings, as it aims to increase the rate of building renovations and reduce energy consumption in the building sector.;;;;;;;;;;;;;;;;;;;;;;;;;;;
267;On packaging and packaging waste;On the Energy Performance of Buildings (recast);-1;Constraining;The implementation of measures to reduce packaging waste can constrain the options for energy efficiency in buildings, as some packaging materials are used in building insulation and construction.;;;;;;;;;;;;;;;;;;;;;;;;;;;
268;REPowerEU Plan;EU Solar Energy Strategy;2;Reinforcing;The REPowerEU Plan can reinforce the EU Solar Energy Strategy by promoting the development and deployment of renewable energy sources, including solar energy, which is a key component of the strategy.;;;;;;;;;;;;;;;;;;;;;;;;;;;
269;EU Solar Energy Strategy;Powering a Climate neutrality economy;1;Enabling;The EU Solar Energy Strategy can enable the achievement of the target of powering a climate-neutral economy by providing a significant portion of the renewable energy needed to reach climate neutrality.;;;;;;;;;;;;;;;;;;;;;;;;;;;
270;Delivering on the EU offshore renewable energy ambitions;EU Solar Energy Strategy;2;Reinforcing;The achievement of the offshore renewable energy target can reinforce the EU Solar Energy Strategy by providing additional renewable energy capacity and reducing emissions.;;;;;;;;;;;;;;;;;;;;;;;;;;;
271;Directive 2010/75/EU of the European Parliament and of the Council;On the quality of water intended for human consumption;1;Enabling;The implementation of the Directive can enable the reduction of water pollution by setting limits on industrial emissions and improving water treatment, thus creating conditions that further the target of improving water quality.;;;;;;;;;;;;;;;;;;;;;;;;;;;
272;On the quality of water intended for human consumption;Pathway to a Healthy Planet for All EU Action Plan;2;Reinforcing;The achievement of the target of improving water quality can reinforce the overall objective of the Pathway to a Healthy Planet for All EU Action Plan by providing clean water and reducing emissions, which is in line with the plan's goals.;;;;;;;;;;;;;;;;;;;;;;;;;;;
273;Pathway to a Healthy Planet for All EU Action Plan;European assessment framework for ‘safe and sustainable by design’ chemicals and materials;1;Enabling;The implementation of the Pathway to a Healthy Planet for All EU Action Plan can enable the development of a framework for assessing the safety and sustainability of chemicals and materials, thus creating conditions that further the target of reducing pollution.;;;;;;;;;;;;;;;;;;;;;;;;;;;
274;On reporting of environmental data from industrial installations and establishing an Industrial Emissions Portal;Pathway to a Healthy Planet for All EU Action Plan;1;Enabling;The implementation of the regulation on reporting of environmental data can enable the achievement of the target of reducing pollution by providing accurate data on emissions and creating conditions for the implementation of measures to reduce emissions.;;;;;;;;;;;;;;;;;;;;;;;;;;;
275;on ambient air quality and cleaner air for Europe;Pathway to a Healthy Planet for All EU Action Plan;2;Reinforcing;The achievement of the target of improving air quality can reinforce the overall objective of the Pathway to a Healthy Planet for All EU Action Plan by reducing emissions and improving public health, which is in line with the plan's goals.;;;;;;;;;;;;;;;;;;;;;;;;;;;
276;Directive 2010/75/EU of the European Parliament and of the Council;Energy from Renewable Sources;+;2;The implementation of the Directive 2010/75/EU can aid the achievement of the Energy from Renewable Sources target by promoting the use of renewable energy sources, which in turn can support the reduction of greenhouse gas emissions and improve air quality.;;;;;;;;;;;;;;;;;;;;;;;;;;;
277;On the quality of water intended for human consumption;On ensuring a level playing field for sustainable air transport;+;1;The implementation of the On the quality of water intended for human consumption policy document can create conditions that further the On ensuring a level playing field for sustainable air transport target by reducing pollution from aviation, which can improve air quality and public health.;;;;;;;;;;;;;;;;;;;;;;;;;;;
278;Pathway to a Healthy Planet for All EU Action Plan;Sustainable and Smart Mobility Strategy;+;3;The Pathway to a Healthy Planet for All EU Action Plan can have a significant positive impact on the Sustainable and Smart Mobility Strategy by promoting sustainable transportation modes, reducing emissions, and improving air quality, which can reinforce the strategy's objectives.;;;;;;;;;;;;;;;;;;;;;;;;;;;
279;European assessment framework for ‘safe and sustainable by design’ chemicals and materials;On the deployment of alternative fuels infrastructure;+;2;The European assessment framework for ‘safe and sustainable by design’ chemicals and materials can aid the On the deployment of alternative fuels infrastructure target by promoting the development and use of sustainable and safe chemicals and materials, which can support the transition to alternative fuels and reduce environmental impacts.;;;;;;;;;;;;;;;;;;;;;;;;;;;
280;On reporting of environmental data from industrial installations and establishing an Industrial Emissions Portal;On the Energy Transition of the EU Fisheries and Aquaculture sector;+;1;The On reporting of environmental data from industrial installations and establishing an Industrial Emissions Portal policy document can create conditions that further the On the Energy Transition of the EU Fisheries and Aquaculture sector target by providing data and insights on emissions and environmental impacts, which can support the development of sustainable fisheries and aquaculture practices.;;;;;;;;;;;;;;;;;;;;;;;;;;;
281;On ambient air quality and cleaner air for Europe;Hydrogen Strategy;+;2;The On ambient air quality and cleaner air for Europe policy document can reinforce the Hydrogen Strategy by promoting the use of clean energy sources, such as hydrogen, which can improve air quality and reduce emissions.;;;;;;;;;;;;;;;;;;;;;;;;;;;
282;Biofuels - Directive (EU) 2023/2413;The new EU Urban Mobility Framework;+;1;The Biofuels - Directive (EU) 2023/2413 can create conditions that further The new EU Urban Mobility Framework target by promoting the use of biofuels and low-carbon fuels in transportation, which can support the development of sustainable urban mobility systems.;;;;;;;;;;;;;;;;;;;;;;;;;;;
283;On ensuring a level playing field for sustainable air transport;Amending Regulation (EU) 2019/1242;+;2;The On ensuring a level playing field for sustainable air transport policy document can aid the Amending Regulation (EU) 2019/1242 target by promoting sustainable aviation practices, reducing emissions, and improving air quality, which can support the development of sustainable and environmentally-friendly transportation systems.;;;;;;;;;;;;;;;;;;;;;;;;;;;
284;Aviation Fuel - Regulation (EU) 2023/2405;Sustainable and Smart Mobility Strategy;+;3;The Aviation Fuel - Regulation (EU) 2023/2405 can have a significant positive impact on the Sustainable and Smart Mobility Strategy by promoting the use of sustainable aviation fuels, reducing emissions, and improving air quality, which can reinforce the strategy's objectives.;;;;;;;;;;;;;;;;;;;;;;;;;;;
285;Directive 2010/75/EU of the European Parliament and of the Council;Circular Economy Action Plan;+;2;The implementation of the Directive 2010/75/EU can reinforce the Circular Economy Action Plan by reducing waste and emissions from industrial activities, thus creating a more circular economy.;;;;;;;;;;;;;;;;;;;;;;;;;;;
286;On the quality of water intended for human consumption;On packaging and packaging waste;+;1;The implementation of the On the quality of water intended for human consumption can enable the On packaging and packaging waste by reducing the amount of waste generated and promoting recycling and reuse of packaging materials.;;;;;;;;;;;;;;;;;;;;;;;;;;;
287;Pathway to a Healthy Planet for All EU Action Plan;On circularity requirements for vehicle design;+;3;The Pathway to a Healthy Planet for All EU Action Plan can have a significant positive impact on the On circularity requirements for vehicle design by promoting the use of recycled materials and reducing waste generation in the automotive sector.;;;;;;;;;;;;;;;;;;;;;;;;;;;
288;European assessment framework for ‘safe and sustainable by design’ chemicals and materials;Critical Raw Materials;+;2;The European assessment framework for ‘safe and sustainable by design’ chemicals and materials can aid the Critical Raw Materials by promoting the use of sustainable materials and reducing the demand for critical raw materials.;;;;;;;;;;;;;;;;;;;;;;;;;;;
289;On reporting of environmental data from industrial installations and establishing an Industrial Emissions Portal;On ambient air quality and cleaner air for Europe;+;1;The On reporting of environmental data from industrial installations and establishing an Industrial Emissions Portal can enable the On ambient air quality and cleaner air for Europe by providing data and insights to reduce air pollution and improve air quality.;;;;;;;;;;;;;;;;;;;;;;;;;;;
290;On ambient air quality and cleaner air for Europe;On packaging and packaging waste;+;1;The On ambient air quality and cleaner air for Europe can reinforce the On packaging and packaging waste by reducing emissions and pollution from packaging materials and promoting a cleaner environment.;;;;;;;;;;;;;;;;;;;;;;;;;;;
291;On packaging and packaging waste;Critical Raw Materials;+;2;The On packaging and packaging waste can have a positive impact on the Critical Raw Materials by promoting the recycling and reuse of materials and reducing the demand for primary raw materials.;;;;;;;;;;;;;;;;;;;;;;;;;;;
292;Critical Raw Materials;Net Zero Industry Act;+;3;The Critical Raw Materials can be reinforced by the Net Zero Industry Act by promoting the use of sustainable and recycled materials in industrial processes and reducing the reliance on primary raw materials.;;;;;;;;;;;;;;;;;;;;;;;;;;;
293;Net Zero Industry Act;Amending Directive 2008/98/EC on waste;+;2;The Net Zero Industry Act can aid the Amending Directive 2008/98/EC on waste by promoting waste reduction and recycling and reducing the environmental impacts of industrial activities.;;;;;;;;;;;;;;;;;;;;;;;;;;;
294;Amending Directive 2008/98/EC on waste;On packaging and packaging waste;+;1;The Amending Directive 2008/98/EC on waste can enable the On packaging and packaging waste by promoting waste reduction and recycling and reducing the amount of waste sent to landfills.;;;;;;;;;;;;;;;;;;;;;;;;;;;
295;;;;;;;;1.0;;;;;;;;On Nature Restoration;;Energy from Renewable Sources;;;;;;;The Energy from Renewable Sources policy document can enable the On Nature Restoration policy document by providing renewable energy solutions for nature restoration activities, thus reducing the environmental impact of these activities.;;;;;;;
296;;;;;;;;1.0;;;;;;;;EU Biodiversity Strategy for 2030;;A Renovation Wave for Europe;;;;;;;The A Renovation Wave for Europe policy document can enable the EU Biodiversity Strategy for 2030 by promoting sustainable building practices and reducing energy consumption, thus creating a favourable environment for biodiversity conservation and restoration.;;;;;;;
297;;;;;;;;1.0;;;;;;;;EU Biodiversity Strategy for 2030;;On energy efficiency and amending Regulation (EU) 2023/955 (recast);;;;;;;The On energy efficiency and amending Regulation (EU) 2023/955 (recast) policy document can enable the EU Biodiversity Strategy for 2030 by promoting energy efficiency measures that reduce energy consumption and greenhouse gas emissions, thus creating a favourable environment for biodiversity conservation and restoration.;;;;;;;
298;;;;;;;;-1.0;;;;;;;;EU Biodiversity Strategy for 2030;;On packaging and packaging waste;;;;;;;The On packaging and packaging waste policy document can constrain the EU Biodiversity Strategy for 2030 by promoting the use of biodegradable packaging materials that may not be suitable for biodiversity conservation and restoration.;;;;;;;
299;;;;;;;;1.0;;;;;;;;EU Biodiversity Strategy for 2030;;On the Energy Performance of Buildings (recast);;;;;;;The On the Energy Performance of Buildings (recast) policy document can enable the EU Biodiversity Strategy for 2030 by promoting energy-efficient buildings that reduce energy consumption and greenhouse gas emissions, thus creating a favourable environment for biodiversity conservation and restoration.;;;;;;;
300;;;;;;;;2.0;;;;;;;;EU Biodiversity Strategy for 2030;;REPowerEU Plan;;;;;;;The REPowerEU Plan policy document can reinforce the EU Biodiversity Strategy for 2030 by promoting the use of renewable energy sources and reducing greenhouse gas emissions, thus creating a favourable environment for biodiversity conservation and restoration.;;;;;;;
301;;;;;;;;2.0;;;;;;;;EU Biodiversity Strategy for 2030;;EU Solar Energy Strategy;;;;;;;The EU Solar Energy Strategy policy document can reinforce the EU Biodiversity Strategy for 2030 by promoting the use of solar energy and reducing greenhouse gas emissions, thus creating a favourable environment for biodiversity conservation and restoration.;;;;;;;
302;;;;;;;;2.0;;;;;;;;EU Biodiversity Strategy for 2030;;Powering a Climate neutrality economy;;;;;;;The Powering a Climate neutrality economy policy document can reinforce the EU Biodiversity Strategy for 2030 by promoting the use of renewable energy sources and reducing greenhouse gas emissions, thus creating a favourable environment for biodiversity conservation and restoration.;;;;;;;
303;;;;;;;;1.0;;;;;;;;EU Biodiversity Strategy for 2030;;Delivering on the EU offshore renewable energy ambitions;;;;;;;The Delivering on the EU offshore renewable energy ambitions policy document can enable the EU Biodiversity Strategy for 2030 by promoting the use of offshore renewable energy sources and reducing greenhouse gas emissions, thus creating a favourable environment for biodiversity conservation and restoration.;;;;;;;
304;;;;;;;;1.0;;;;;;;;On Nature Restoration;;EU Solar Energy Strategy;;;;;;;The EU Solar Energy Strategy policy document can enable the On Nature Restoration policy document by providing renewable energy solutions for nature restoration activities, thus reducing the environmental impact of these activities.;;;;;;;
305;;;;;;;;1.0;;;;;;;;On Nature Restoration;;REPowerEU Plan;;;;;;;The REPowerEU Plan policy document can enable the On Nature Restoration policy document by promoting the use of renewable energy sources and reducing greenhouse gas emissions, thus creating a favourable environment for nature restoration.;;;;;;;
306;;;;;;;;3.0;;;;;;;;On Nature Restoration;;EU Biodiversity Strategy for 2030;;;;;;;The EU Biodiversity Strategy for 2030 policy document can reinforce the On Nature Restoration policy document by promoting nature restoration activities and reducing pollution from fossil fuels, thus creating a favourable environment for nature restoration.;;;;;;;
307;;;;;;;;-2.0;;;;;;;;Regulation on plant reproductive material;;On Nature Restoration;;;;;;;The On Nature Restoration policy document can counteract the Regulation on plant reproductive material policy document by promoting nature restoration activities that may not be compatible with the use of plant reproductive materials.;;;;;;;
308;;;;;;;;-2.0;;;;;;;;Regulation on forest reproductive material;;On Nature Restoration;;;;;;;The On Nature Restoration policy document can counteract the Regulation on forest reproductive material policy document by promoting nature restoration activities that may not be compatible with the use of forest reproductive materials.;;;;;;;
309;;;;;;;;1.0;;;;;;;;On Nature Restoration;;Ensuring resilient and sustainable use of EU's natural resources;;;;;;;The Ensuring resilient and sustainable use of EU's natural resources policy document can enable the On Nature Restoration policy document by promoting sustainable land-use and reducing pollution from fossil fuels, thus creating a favourable environment for nature restoration.;;;;;;;
310;European Climate Law;Circular Economy Action Plan;+;2;The European Climate Law sets a framework for reducing greenhouse gas emissions, which can reinforce the Circular Economy Action Plan's goal of reducing waste and increasing recycling, as a reduction in emissions can lead to a decrease in waste production.;;;;;;;;;;;;;;;;;;;;;;;;;;;
311;Concerning urban wastewater treatment (recast);On packaging and packaging waste;+;1;The recast of the Urban Wastewater Treatment Directive can enable the achievement of the packaging waste reduction targets set in the Packaging and Packaging Waste Directive, as improved wastewater treatment can lead to a reduction in the amount of waste generated.;;;;;;;;;;;;;;;;;;;;;;;;;;;
312;Amending Directive 2003/87/EC;On an EU Strategy to reduce methane emissions;+;1;The amendment of the ETS Directive can aid in the reduction of methane emissions, as it sets a framework for the reduction of greenhouse gas emissions from the sectors covered by the ETS, which can include methane-emitting industries.;;;;;;;;;;;;;;;;;;;;;;;;;;;
313;Amending Regulation (EU) 2018/842;Critical Raw Materials;+;2;The amendment of the Effort Sharing Regulation can reinforce the Critical Raw Materials Act, as it sets a framework for the reduction of greenhouse gas emissions, which can lead to an increased demand for critical raw materials.;;;;;;;;;;;;;;;;;;;;;;;;;;;
314;Amending Regulations (EU) 2018/841;On circularity requirements for vehicle design;+;1;The amendment of the LULUCF Regulation can enable the achievement of the circularity requirements for vehicle design set in the proposal for a Regulation on circularity requirements for vehicle design, as it sets a framework for the reduction of greenhouse gas emissions from land use, which can lead to a reduction in emissions from the transport sector.;;;;;;;;;;;;;;;;;;;;;;;;;;;
315;A Renovation Wave for Europe;Net Zero Industry Act;+;2;The Renovation Wave initiative can reinforce the Net Zero Industry Act, as it aims to reduce energy consumption in buildings, which can lead to a reduction in emissions from the industry sector.;;;;;;;;;;;;;;;;;;;;;;;;;;;
316;On an EU Strategy to reduce methane emissions;On packaging and packaging waste;+;1;The EU Strategy to reduce methane emissions can aid in the achievement of the packaging waste reduction targets set in the Packaging and Packaging Waste Directive, as a reduction in methane emissions can lead to a reduction in waste generation.;;;;;;;;;;;;;;;;;;;;;;;;;;;
317;Circular Economy Action Plan;Concerning batteries and waste batteries;+;3;The Circular Economy Action Plan can enable the achievement of the targets set in the proposal for a Directive on batteries and waste batteries, as it sets a framework for the reduction of waste and the increase of recycling, which can lead to a reduction in the amount of waste generated and an increase in the amount of critical raw materials recovered.;;;;;;;;;;;;;;;;;;;;;;;;;;;
318;Concerning batteries and waste batteries;On packaging and packaging waste;+;1;The proposal for a Directive on batteries and waste batteries can aid in the achievement of the packaging waste reduction targets set in the Packaging and Packaging Waste Directive, as it sets a framework for the reduction of waste from batteries and waste batteries, which can lead to a reduction in the amount of packaging waste generated.;;;;;;;;;;;;;;;;;;;;;;;;;;;
319;On packaging and packaging waste;Critical Raw Materials;+;2;The Packaging and Packaging Waste Directive can reinforce the Critical Raw Materials Act, as it sets a framework for the reduction of packaging waste, which can lead to an increase in the demand for critical raw materials.;;;;;;;;;;;;;;;;;;;;;;;;;;;
320;On circularity requirements for vehicle design;Net Zero Industry Act;+;2;The proposal for a Regulation on circularity requirements for vehicle design can reinforce the Net Zero Industry Act, as it sets a framework for the reduction of emissions from the transport sector, which can lead to a reduction in emissions from the industry sector.;;;;;;;;;;;;;;;;;;;;;;;;;;;
321;Critical Raw Materials;Amending Directive 2008/98/EC on waste;+;1;The Critical Raw Materials Act can aid in the achievement of the targets set in the amendment of the Waste Framework Directive, as it sets a framework for the reduction of waste and the increase of recycling, which can lead to an increase in the amount of critical raw materials recovered.;;;;;;;;;;;;;;;;;;;;;;;;;;;
322;Amending Directive 2008/98/EC on waste;On packaging and packaging waste;+;1;The amendment of the Waste Framework Directive can aid in the achievement of the packaging waste reduction targets set in the Packaging and Packaging Waste Directive, as it sets a framework for the reduction of waste, which can lead to a reduction in the amount of packaging waste generated.;;;;;;;;;;;;;;;;;;;;;;;;;;;
323;A Farm to Fork Strategy;European Climate Law;+;2;The Farm to Fork Strategy aims to reduce the environmental footprint of food systems, which is in line with the European Climate Law's goal of reducing greenhouse gas emissions. Implementing the Farm to Fork Strategy's targets can aid in achieving the European Climate Law's objectives.;;;;;;;;;;;;;;;;;;;;;;;;;;;
324;A Farm to Fork Strategy;Amending Directive 2003/87/EC;+;1;The Farm to Fork Strategy's focus on sustainable agriculture can enable the implementation of the amended Directive 2003/87/EC, which aims to reduce emissions from aviation.;;;;;;;;;;;;;;;;;;;;;;;;;;;
325;A Farm to Fork Strategy;Amending Regulations (EU) 2018/841;+;1;The Farm to Fork Strategy's emphasis on sustainable land use can facilitate the implementation of the amended Regulations (EU) 2018/841, which aim to reduce emissions from land use.;;;;;;;;;;;;;;;;;;;;;;;;;;;
326;A Farm to Fork Strategy;On an EU Strategy to reduce methane emissions;+;2;The Farm to Fork Strategy's targets on reducing methane emissions from agriculture can reinforce the EU Strategy to reduce methane emissions, which aims to decrease methane emissions from all sectors.;;;;;;;;;;;;;;;;;;;;;;;;;;;
327;A Farm to Fork Strategy;A Renovation Wave for Europe;+;1;The Farm to Fork Strategy's focus on energy efficiency in buildings can be enabled by the Renovation Wave for Europe, which aims to improve the energy performance of buildings.;;;;;;;;;;;;;;;;;;;;;;;;;;;
328;Concerning urban wastewater treatment (recast);A Farm to Fork Strategy;+;1;The recast of the urban wastewater treatment directive can aid in achieving the Farm to Fork Strategy's objectives on reducing pollution from agriculture.;;;;;;;;;;;;;;;;;;;;;;;;;;;
329;Amending Directive 2003/87/EC;A Farm to Fork Strategy;+;1;The amended Directive 2003/87/EC can facilitate the implementation of the Farm to Fork Strategy's targets on reducing emissions from aviation.;;;;;;;;;;;;;;;;;;;;;;;;;;;
330;Amending Regulations (EU) 2018/841;A Farm to Fork Strategy;+;1;The amended Regulations (EU) 2018/841 can aid in achieving the Farm to Fork Strategy's objectives on sustainable land use.;;;;;;;;;;;;;;;;;;;;;;;;;;;
331;On an EU Strategy to reduce methane emissions;A Farm to Fork Strategy;+;2;The EU Strategy to reduce methane emissions can reinforce the Farm to Fork Strategy's targets on reducing methane emissions from agriculture.;;;;;;;;;;;;;;;;;;;;;;;;;;;
332;A Renovation Wave for Europe;A Farm to Fork Strategy;+;1;The Renovation Wave for Europe can enable the implementation of the Farm to Fork Strategy's targets on energy efficiency in buildings.;;;;;;;;;;;;;;;;;;;;;;;;;;;
333;;;;;;;;;;;Concerning batteries and waste batteries;+;1.0;;;;;;;;;;;;;On packaging and packaging waste;The implementation of Concerning batteries and waste batteries can enable the targets of On packaging and packaging waste by promoting the recycling and reuse of packaging waste, thus reducing waste and the demand for primary materials.;;;;;
334;;;;;;;;;;;On packaging and packaging waste;+;1.0;;;;;;;;;;;;;Concerning batteries and waste batteries;The implementation of On packaging and packaging waste can enable the targets of Concerning batteries and waste batteries by promoting the recycling and reuse of packaging waste, thus reducing waste and the demand for primary materials.;;;;;
335;;;;;;;;;;;On packaging and packaging waste;-;2.0;;;;;;;;;;;;;Circular Economy Action Plan;The implementation of On packaging and packaging waste may counteract the targets of Circular Economy Action Plan by promoting the use of packaging materials that are not recyclable or reusable, thus increasing waste and the demand for primary materials.;;;;;
336;;;;;;;;;;;Concerning batteries and waste batteries;+;3.0;;;;;;;;;;;;;Critical Raw Materials;The implementation of Concerning batteries and waste batteries can reinforce the targets of Critical Raw Materials by promoting the recycling and reuse of critical raw materials, thus reducing the demand for primary materials and promoting a more circular economy.;;;;;
337;;;;;;;;;;;Critical Raw Materials;+;2.0;;;;;;;;;;;;;Net Zero Industry Act;The implementation of Critical Raw Materials can enable the targets of Net Zero Industry Act by promoting the use of critical raw materials in the production of net-zero technologies, thus reducing greenhouse gas emissions and promoting a more sustainable economy.;;;;;
338;;;;;;;;;;;Net Zero Industry Act;+;1.0;;;;;;;;;;;;;Amending Directive 2008/98/EC on waste;The implementation of Net Zero Industry Act can enable the targets of Amending Directive 2008/98/EC on waste by promoting the recycling and reuse of waste, thus reducing waste and the demand for primary materials.;;;;;
339;;;;;;;;;;;Amending Directive 2008/98/EC on waste;+;1.0;;;;;;;;;;;;;Circular Economy Action Plan;The implementation of Amending Directive 2008/98/EC on waste can enable the targets of Circular Economy Action Plan by promoting the recycling and reuse of waste, thus reducing waste and the demand for primary materials.;;;;;
340;;;;;;;;;;;European Climate Law;+;2.0;;;;;;;;;;;;;Concerning urban wastewater treatment (recast);The implementation of European Climate Law can reinforce the targets of Concerning urban wastewater treatment (recast) by promoting the reduction of greenhouse gas emissions and the protection of the environment, thus promoting a more sustainable economy.;;;;;
341;;;;;;;;;;;Concerning urban wastewater treatment (recast);+;1.0;;;;;;;;;;;;;Amending Directive 2003/87/EC;The implementation of Concerning urban wastewater treatment (recast) can enable the targets of Amending Directive 2003/87/EC by promoting the reduction of greenhouse gas emissions and the protection of the environment, thus promoting a more sustainable economy.;;;;;
342;;;;;;;;;;;Amending Directive 2003/87/EC;+;1.0;;;;;;;;;;;;;Amending Regulations (EU) 2018/842;The implementation of Amending Directive 2003/87/EC can enable the targets of Amending Regulations (EU) 2018/842 by promoting the reduction of greenhouse gas emissions and the protection of the environment, thus promoting a more sustainable economy.;;;;;
343;;;;;;;;;;;Amending Regulations (EU) 2018/842;+;2.0;;;;;;;;;;;;;European Climate Law;The implementation of Amending Regulations (EU) 2018/842 can reinforce the targets of European Climate Law by promoting the reduction of greenhouse gas emissions and the protection of the environment, thus promoting a more sustainable economy.;;;;;
344;;;;;;;;;;;On an EU Strategy to reduce methane emissions;+;1.0;;;;;;;;;;;;;A Renovation Wave for Europe;The implementation of On an EU Strategy to reduce methane emissions can enable the targets of A Renovation Wave for Europe by promoting the reduction of greenhouse gas emissions and the protection of the environment, thus promoting a more sustainable economy.;;;;;
345;;;;;;;;;;;A Renovation Wave for Europe;+;1.0;;;;;;;;;;;;;Amending Directive 2003/87/EC;The implementation of A Renovation Wave for Europe can enable the targets of Amending Directive 2003/87/EC by promoting the reduction of greenhouse gas emissions and the protection of the environment, thus promoting a more sustainable economy.;;;;;
346;Circular Economy Action Plan;On packaging and packaging waste;+;2;The Circular Economy Action Plan aims to reduce packaging waste, which is a key objective of the On packaging and packaging waste policy document, thereby reinforcing its implementation.;;;;;;;;;;;;;;;;;;;;;;;;;;;
347;Concerning batteries and waste batteries;On packaging and packaging waste;+;1;The Concerning batteries and waste batteries policy document sets recycling targets for batteries, which can enable the On packaging and packaging waste policy document to achieve its objectives related to packaging waste reduction.;;;;;;;;;;;;;;;;;;;;;;;;;;;
348;On packaging and packaging waste;Concerning batteries and waste batteries;+;1;The On packaging and packaging waste policy document sets recycling targets for packaging waste, which can enable the Concerning batteries and waste batteries policy document to achieve its objectives related to battery recycling.;;;;;;;;;;;;;;;;;;;;;;;;;;;
349;On circularity requirements for vehicle design;Critical Raw Materials;+;2;The On circularity requirements for vehicle design policy document promotes the use of recycled materials in vehicle production, which can aid in the achievement of the Critical Raw Materials policy document's objectives related to reducing primary material extraction.;;;;;;;;;;;;;;;;;;;;;;;;;;;
350;Critical Raw Materials;On circularity requirements for vehicle design;+;2;The Critical Raw Materials policy document aims to reduce primary material extraction, which is a key objective of the On circularity requirements for vehicle design policy document, thereby reinforcing its implementation.;;;;;;;;;;;;;;;;;;;;;;;;;;;
351;Net Zero Industry Act;Amending Directive 2008/98/EC on waste;+;1;The Net Zero Industry Act promotes waste reduction and recycling, which can enable the Amending Directive 2008/98/EC on waste policy document to achieve its objectives related to waste management.;;;;;;;;;;;;;;;;;;;;;;;;;;;
352;Amending Directive 2008/98/EC on waste;Net Zero Industry Act;+;1;The Amending Directive 2008/98/EC on waste policy document sets targets for waste recycling, which can be facilitated by the Net Zero Industry Act's focus on reducing waste generation.;;;;;;;;;;;;;;;;;;;;;;;;;;;
353;Energy from Renewable Sources;A Renovation Wave for Europe;+;2;The Energy from Renewable Sources policy document promotes the use of renewable energy, which can aid in the achievement of the A Renovation Wave for Europe policy document's objectives related to reducing energy consumption in buildings.;;;;;;;;;;;;;;;;;;;;;;;;;;;
354;A Renovation Wave for Europe;Energy from Renewable Sources;+;2;The A Renovation Wave for Europe policy document aims to reduce energy consumption in buildings, which is a key objective of the Energy from Renewable Sources policy document, thereby reinforcing its implementation.;;;;;;;;;;;;;;;;;;;;;;;;;;;
355;On the Energy Performance of Buildings (recast);Energy from Renewable Sources;+;1;The On the Energy Performance of Buildings (recast) policy document sets energy efficiency targets for buildings, which can be facilitated by the Energy from Renewable Sources policy document's focus on promoting renewable energy use.;;;;;;;;;;;;;;;;;;;;;;;;;;;
356;REPowerEU Plan;Energy from Renewable Sources;+;2;The REPowerEU Plan aims to increase renewable energy production, which is a key objective of the Energy from Renewable Sources policy document, thereby reinforcing its implementation.;;;;;;;;;;;;;;;;;;;;;;;;;;;
357;EU Solar Energy Strategy;Energy from Renewable Sources;+;1;The EU Solar Energy Strategy promotes solar energy production, which can aid in the achievement of the Energy from Renewable Sources policy document's objectives related to renewable energy production.;;;;;;;;;;;;;;;;;;;;;;;;;;;
358;Powering a Climate neutrality economy;Energy from Renewable Sources;+;1;The Powering a Climate neutrality economy policy document aims to promote climate neutrality, which is a key objective of the Energy from Renewable Sources policy document, thereby reinforcing its implementation.;;;;;;;;;;;;;;;;;;;;;;;;;;;
359;Delivering on the EU offshore renewable energy ambitions;Energy from Renewable Sources;+;1;The Delivering on the EU offshore renewable energy ambitions policy document sets targets for offshore renewable energy production, which can be facilitated by the Energy from Renewable Sources policy document's focus on promoting renewable energy use.;;;;;;;;;;;;;;;;;;;;;;;;;;;
360;European Climate Law;Energy from Renewable Sources;+;2;The European Climate Law sets a framework for reducing greenhouse gas emissions, which can reinforce the Energy from Renewable Sources policy document by promoting the use of renewable energy sources.;;;;;;;;;;;;;;;;;;;;;;;;;;;
361;Concerning urban wastewater treatment (recast);Amending Directive 2003/87/EC;+;1;The Concerning urban wastewater treatment (recast) policy document can enable the Amending Directive 2003/87/EC policy document by improving water quality, which can lead to increased use of renewable energy sources.;;;;;;;;;;;;;;;;;;;;;;;;;;;
362;Amending Directive 2003/87/EC;On an EU Strategy to reduce methane emissions;+;1;The Amending Directive 2003/87/EC policy document can aid the On an EU Strategy to reduce methane emissions policy document by reducing emissions from landfills and other waste management practices.;;;;;;;;;;;;;;;;;;;;;;;;;;;
363;Amending Regulations (EU) 2018/841;A Renovation Wave for Europe;+;2;The Amending Regulations (EU) 2018/841 policy document can reinforce the A Renovation Wave for Europe policy document by promoting energy efficiency in buildings, which can lead to increased use of renewable energy sources.;;;;;;;;;;;;;;;;;;;;;;;;;;;
364;On an EU Strategy to reduce methane emissions;Amending Directive 2003/87/EC;+;1;The On an EU Strategy to reduce methane emissions policy document can enable the Amending Directive 2003/87/EC policy document by reducing methane emissions from agricultural practices, which can lead to increased use of renewable energy sources.;;;;;;;;;;;;;;;;;;;;;;;;;;;
365;A Renovation Wave for Europe;Energy from Renewable Sources;+;2;The A Renovation Wave for Europe policy document can reinforce the Energy from Renewable Sources policy document by promoting energy efficiency in buildings, which can lead to increased use of renewable energy sources.;;;;;;;;;;;;;;;;;;;;;;;;;;;
366;Amending Directive 2003/87/EC;Biofuels - Directive (EU) 2023/2413;+;1;The Amending Directive 2003/87/EC policy document can aid the Biofuels - Directive (EU) 2023/2413 policy document by promoting the use of biofuels, which can lead to increased use of renewable energy sources.;;;;;;;;;;;;;;;;;;;;;;;;;;;
367;Biofuels - Directive (EU) 2023/2413;On ensuring a level playing field for sustainable air transport;+;1;The Biofuels - Directive (EU) 2023/2413 policy document can enable the On ensuring a level playing field for sustainable air transport policy document by promoting the use of sustainable aviation fuels, which can lead to increased use of renewable energy sources.;;;;;;;;;;;;;;;;;;;;;;;;;;;
368;On ensuring a level playing field for sustainable air transport;Aviation Fuel - Regulation (EU) 2023/2405;+;2;The On ensuring a level playing field for sustainable air transport policy document can reinforce the Aviation Fuel - Regulation (EU) 2023/2405 policy document by promoting the use of sustainable aviation fuels, which can lead to increased use of renewable energy sources.;;;;;;;;;;;;;;;;;;;;;;;;;;;
369;Aviation Fuel - Regulation (EU) 2023/2405;On the deployment of alternative fuels infrastructure;+;1;The Aviation Fuel - Regulation (EU) 2023/2405 policy document can aid the On the deployment of alternative fuels infrastructure policy document by promoting the use of sustainable aviation fuels, which can lead to increased use of renewable energy sources.;;;;;;;;;;;;;;;;;;;;;;;;;;;
370;On the deployment of alternative fuels infrastructure;On the Energy Transition of the EU Fisheries and Aquaculture sector;+;1;The On the deployment of alternative fuels infrastructure policy document can enable the On the Energy Transition of the EU Fisheries and Aquaculture sector policy document by promoting the use of renewable energy sources in the fisheries and aquaculture sector.;;;;;;;;;;;;;;;;;;;;;;;;;;;
371;On the Energy Transition of the EU Fisheries and Aquaculture sector;Amending Regulation (EU) 2019/1242;+;2;The On the Energy Transition of the EU Fisheries and Aquaculture sector policy document can reinforce the Amending Regulation (EU) 2019/1242 policy document by promoting energy efficiency and renewable energy use in the fisheries and aquaculture sector.;;;;;;;;;;;;;;;;;;;;;;;;;;;
372;Amending Regulation (EU) 2019/1242;Sustainable and Smart Mobility Strategy;+;1;The Amending Regulation (EU) 2019/1242 policy document can aid the Sustainable and Smart Mobility Strategy policy document by promoting energy efficiency and renewable energy use in the transport sector.;;;;;;;;;;;;;;;;;;;;;;;;;;;
373;Sustainable and Smart Mobility Strategy;The new EU Urban Mobility Framework;+;2;The Sustainable and Smart Mobility Strategy policy document can reinforce The new EU Urban Mobility Framework policy document by promoting sustainable and smart mobility solutions, which can lead to increased use of renewable energy sources.;;;;;;;;;;;;;;;;;;;;;;;;;;;
374;The new EU Urban Mobility Framework;Hydrogen Strategy;+;1;The The new EU Urban Mobility Framework policy document can enable the Hydrogen Strategy policy document by promoting the use of hydrogen as a low-carbon fuel source in the transport sector.;;;;;;;;;;;;;;;;;;;;;;;;;;;
375;European Climate Law;A Renovation Wave for Europe;+;2;The European Climate Law sets a framework for reducing greenhouse gas emissions, which can reinforce the targets of A Renovation Wave for Europe by promoting energy efficiency and renewable energy sources.;;;;;;;;;;;;;;;;;;;;;;;;;;;
376;A Renovation Wave for Europe;On energy efficiency and amending Regulation (EU) 2023/955 (recast);+;1;A Renovation Wave for Europe can enable the implementation of energy efficiency measures outlined in On energy efficiency and amending Regulation (EU) 2023/955 (recast), creating conditions for further energy savings.;;;;;;;;;;;;;;;;;;;;;;;;;;;
377;On energy efficiency and amending Regulation (EU) 2023/955 (recast);Energy from Renewable Sources;+;2;On energy efficiency and amending Regulation (EU) 2023/955 (recast) can aid in the integration of renewable energy sources, as outlined in Energy from Renewable Sources, by improving energy efficiency and reducing energy consumption.;;;;;;;;;;;;;;;;;;;;;;;;;;;
378;A Renovation Wave for Europe;On packaging and packaging waste;+;1;A Renovation Wave for Europe can create opportunities for reducing packaging waste, as targeted by On packaging and packaging waste, by promoting sustainable consumption patterns and reducing energy consumption.;;;;;;;;;;;;;;;;;;;;;;;;;;;
379;On packaging and packaging waste;On the Energy Performance of Buildings (recast);+;1;On packaging and packaging waste can support the reduction of energy consumption in buildings, as targeted by On the Energy Performance of Buildings (recast), by promoting energy-efficient solutions and sustainable materials.;;;;;;;;;;;;;;;;;;;;;;;;;;;
380;REPowerEU Plan;EU Solar Energy Strategy;+;2;The REPowerEU Plan can reinforce the targets of the EU Solar Energy Strategy by promoting the development of renewable energy sources, including solar energy, and creating a favorable environment for investment in the sector.;;;;;;;;;;;;;;;;;;;;;;;;;;;
381;EU Solar Energy Strategy;Powering a Climate neutrality economy;+;1;The EU Solar Energy Strategy can enable the implementation of a climate-neutral economy, as outlined in Powering a Climate neutrality economy, by promoting the use of renewable energy sources and reducing greenhouse gas emissions.;;;;;;;;;;;;;;;;;;;;;;;;;;;
382;Energy from Renewable Sources;Delivering on the EU offshore renewable energy ambitions;+;2;Energy from Renewable Sources can support the development of offshore renewable energy, as targeted by Delivering on the EU offshore renewable energy ambitions, by promoting the integration of renewable energy sources into the energy mix.;;;;;;;;;;;;;;;;;;;;;;;;;;;
383;Delivering on the EU offshore renewable energy ambitions;A Renovation Wave for Europe;+;1;Delivering on the EU offshore renewable energy ambitions can create opportunities for reducing energy consumption in buildings, as targeted by A Renovation Wave for Europe, by promoting energy-efficient solutions and sustainable materials.;;;;;;;;;;;;;;;;;;;;;;;;;;;
384;European Climate Law;On an EU Strategy to reduce methane emissions;+;2;The European Climate Law can reinforce the targets of On an EU Strategy to reduce methane emissions by promoting the reduction of greenhouse gas emissions and the development of renewable energy sources.;;;;;;;;;;;;;;;;;;;;;;;;;;;
385;On an EU Strategy to reduce methane emissions;A Renovation Wave for Europe;+;1;On an EU Strategy to reduce methane emissions can support the implementation of energy efficiency measures outlined in A Renovation Wave for Europe, creating conditions for further energy savings and emissions reduction.;;;;;;;;;;;;;;;;;;;;;;;;;;;
386;;;;;;;;1.0;;;On packaging and packaging waste;;;;;;;;;;;;;;;;;On circularity requirements for vehicle design;Enabling;The 'On packaging and packaging waste' policy document creates conditions that further the 'On circularity requirements for vehicle design' target by promoting sustainable packaging practices.;;
387;;;;;;;;3.0;;;On circularity requirements for vehicle design;;;;;;;;;;;;;;;;;Critical Raw Materials;Indivisible;The 'On circularity requirements for vehicle design' policy document is inextricably linked to the 'Critical Raw Materials' target, as the design of vehicles will significantly impact the demand for critical raw materials.;;
388;;;;;;;;-2.0;;;Critical Raw Materials;;;;;;;;;;;;;;;;;Net Zero Industry Act;Counteracting;The 'Critical Raw Materials' policy document may clash with the 'Net Zero Industry Act', as the increased demand for critical raw materials could counteract the net-zero industry goals.;;
389;;;;;;;;-1.0;;;Net Zero Industry Act;;;;;;;;;;;;;;;;;Amending Directive 2008/98/EC on waste;Constraining;The 'Net Zero Industry Act' may limit options for the 'Amending Directive 2008/98/EC on waste' policy document, as it prioritizes net-zero emissions over waste reduction.;;
390;;;;;;;;-3.0;;;Amending Directive 2008/98/EC on waste;;;;;;;;;;;;;;;;;Circular Economy Action Plan;Cancelling;The 'Amending Directive 2008/98/EC on waste' policy document may make it impossible to reach the 'Circular Economy Action Plan' goals, as it focuses on waste reduction, which could be cancelled by the new waste directive.;;
391;;;;;;;;1.0;;;Directive 2010/75/EU of the European Parliament and of the Council;;;;;;;;;;;;;;;;;On the quality of water intended for human consumption;Enabling;The 'Directive 2010/75/EU of the European Parliament and of the Council' creates conditions that further the 'On the quality of water intended for human consumption' target by promoting water efficiency and reducing pollution.;;
392;;;;;;;;2.0;;;On the quality of water intended for human consumption;;;;;;;;;;;;;;;;;Pathway to a Healthy Planet for All EU Action Plan;Reinforcing;The 'On the quality of water intended for human consumption' policy document aids the achievement of the 'Pathway to a Healthy Planet for All EU Action Plan' by ensuring access to clean water, which reinforces the plan's goals.;;
393;;;;;;;;3.0;;;Pathway to a Healthy Planet for All EU Action Plan;;;;;;;;;;;;;;;;;European assessment framework for ‘safe and sustainable by design’ chemicals and materials;Indivisible;The 'Pathway to a Healthy Planet for All EU Action Plan' is inextricably linked to the 'European assessment framework for ‘safe and sustainable by design’ chemicals and materials' target, as the plan's success relies on the development of sustainable materials and chemicals.;;
394;;;;;;;;1.0;;;European assessment framework for ‘safe and sustainable by design’ chemicals and materials;;;;;;;;;;;;;;;;;On reporting of environmental data from industrial installations and establishing an Industrial Emissions Portal;Enabling;The 'European assessment framework for ‘safe and sustainable by design’ chemicals and materials' policy document creates conditions that further the 'On reporting of environmental data from industrial installations and establishing an Industrial Emissions Portal' target by promoting sustainable materials and reducing emissions.;;
395;;;;;;;;-2.0;;;On reporting of environmental data from industrial installations and establishing an Industrial Emissions Portal;;;;;;;;;;;;;;;;;on ambient air quality and cleaner air for Europe;Counteracting;The 'On reporting of environmental data from industrial installations and establishing an Industrial Emissions Portal' policy document may clash with the 'on ambient air quality and cleaner air for Europe' target, as the focus on industrial emissions could counteract air quality goals.;;
396;;;;;;;;1.0;;;Concerning batteries and waste batteries;;;;;EU Biodiversity Strategy for 2030;;;;;;;;;;;;;;;The policy document Concerning batteries and waste batteries can enable the EU Biodiversity Strategy for 2030 by setting recycling targets for batteries, which can help reduce electronic waste and promote sustainable material use, thereby supporting biodiversity conservation efforts.;
397;;;;;;;;1.0;;;On packaging and packaging waste;;;;;EU Biodiversity Strategy for 2030;;;;;;;;;;;;;;;The policy document On packaging and packaging waste can enable the EU Biodiversity Strategy for 2030 by setting recycling targets for packaging waste, which can help reduce waste and promote sustainable material use, thereby supporting biodiversity conservation efforts.;
398;;;;;;;;1.0;;;On circularity requirements for vehicle design;;;;;EU Biodiversity Strategy for 2030;;;;;;;;;;;;;;;The policy document On circularity requirements for vehicle design can enable the EU Biodiversity Strategy for 2030 by promoting the design of vehicles that are recyclable and reusable, reducing waste, and encouraging sustainable material use, which can help achieve biodiversity conservation targets.;
399;;;;;;;;-1.0;;;Critical Raw Materials;;;;;EU Biodiversity Strategy for 2030;;;;;;;;;;;;;;;The policy document Critical Raw Materials can constrain the EU Biodiversity Strategy for 2030 by promoting the extraction of critical raw materials, which can lead to environmental degradation and habitat destruction, potentially hindering biodiversity conservation efforts.;
400;;;;;;;;2.0;;;Net Zero Industry Act;;;;;EU Biodiversity Strategy for 2030;;;;;;;;;;;;;;;The policy document Net Zero Industry Act can reinforce the EU Biodiversity Strategy for 2030 by promoting the development of sustainable and climate-neutral technologies, reducing greenhouse gas emissions, and encouraging the use of renewable energy sources, which can help achieve biodiversity conservation targets.;
401;;;;;;;;1.0;;;Amending Directive 2008/98/EC on waste;;;;;EU Biodiversity Strategy for 2030;;;;;;;;;;;;;;;The policy document Amending Directive 2008/98/EC on waste can enable the EU Biodiversity Strategy for 2030 by setting waste management targets, which can help reduce waste and promote sustainable material use, thereby supporting biodiversity conservation efforts.;
402;;;;;;;;1.0;;;Circular Economy Action Plan;;;;;On Nature Restoration;;;;;;;;;;;;;;;The policy document Circular Economy Action Plan can enable the policy document On Nature Restoration by promoting sustainable consumption patterns, reducing waste, and encouraging the sharing, leasing, and collaborative consumption of products, which can lead to a decrease in the demand for primary materials and help achieve nature restoration targets.;
403;;;;;;;;1.0;;;On packaging and packaging waste;;;;;On Nature Restoration;;;;;;;;;;;;;;;The policy document On packaging and packaging waste can enable the policy document On Nature Restoration by setting recycling targets for packaging waste, which can help reduce waste and promote sustainable material use, thereby supporting nature restoration efforts.;
404;;;;;;;;1.0;;;On circularity requirements for vehicle design;;;;;On Nature Restoration;;;;;;;;;;;;;;;The policy document On circularity requirements for vehicle design can enable the policy document On Nature Restoration by promoting the design of vehicles that are recyclable and reusable, reducing waste, and encouraging sustainable material use, which can help achieve nature restoration targets.;
405;;;;;;;;-2.0;;;Critical Raw Materials;;;;;On Nature Restoration;;;;;;;;;;;;;;;The policy document Critical Raw Materials can counteract the policy document On Nature Restoration by promoting the extraction of critical raw materials, which can lead to environmental degradation and habitat destruction, potentially hindering nature restoration efforts.;
406;;;;;;;;2.0;;;Net Zero Industry Act;;;;;On Nature Restoration;;;;;;;;;;;;;;;The policy document Net Zero Industry Act can reinforce the policy document On Nature Restoration by promoting the development of sustainable and climate-neutral technologies, reducing greenhouse gas emissions, and encouraging the use of renewable energy sources, which can help achieve nature restoration targets.;
407;;;;;;;;1.0;;;Amending Directive 2008/98/EC on waste;;;;;On Nature Restoration;;;;;;;;;;;;;;;The policy document Amending Directive 2008/98/EC on waste can enable the policy document On Nature Restoration by setting waste management targets, which can help reduce waste and promote sustainable material use, thereby supporting nature restoration efforts.;
408;;;;;;;;3.0;;;EU Biodiversity Strategy for 2030;;;;;On Nature Restoration;;;;;;;;;;;;;;;The policy document EU Biodiversity Strategy for 2030 can reinforce the policy document On Nature Restoration by setting biodiversity conservation targets, which can help achieve nature restoration efforts and promote sustainable material use.;
409;;;;;;;;1.0;;;Fisheries and Oceans Pact;;;;;On Nature Restoration;;;;;;;;;;;;;;;The policy document Fisheries and Oceans Pact can enable the policy document On Nature Restoration by promoting sustainable fishing practices, reducing marine pollution, and encouraging the use of renewable energy sources, which can help achieve nature restoration targets.;
410;;;;;;;;1.0;;;EU Soil Strategy for 2030;;;;;On Nature Restoration;;;;;;;;;;;;;;;The policy document EU Soil Strategy for 2030 can enable the policy document On Nature Restoration by promoting sustainable soil management practices, reducing soil pollution, and encouraging the use of renewable energy sources, which can help achieve nature restoration targets.;
411;;;;;;;;1.0;;;Regulation on plant reproductive material;;;;;On Nature Restoration;;;;;;;;;;;;;;;The policy document Regulation on plant reproductive material can enable the policy document On Nature Restoration by promoting sustainable plant reproductive material use, reducing waste, and encouraging sustainable material use, which can help achieve nature restoration targets.;
412;;;;;;;;2.0;;;Ensuring resilient and sustainable use of EU's natural resources;;;;;On Nature Restoration;;;;;;;;;;;;;;;The policy document Ensuring resilient and sustainable use of EU's natural resources can reinforce the policy document On Nature Restoration by promoting sustainable natural resource use, reducing waste, and encouraging sustainable material use, which can help achieve nature restoration targets.;
413;;;;;;;;1.0;;;Regulation on forest reproductive material;;;;;On Nature Restoration;;;;;;;;;;;;;;;The policy document Regulation on forest reproductive material can enable the policy document On Nature Restoration by promoting sustainable forest reproductive material use, reducing waste, and encouraging sustainable material use, which can help achieve nature restoration targets.;
414;Energy from Renewable Sources;On packaging and packaging waste;+;2;The implementation of the Energy from Renewable Sources policy document can reinforce the On packaging and packaging waste policy document by promoting the use of renewable energy sources in the production of packaging materials, thus reducing waste and increasing recycling rates.;;;;;;;;;;;;;;;;;;;;;;;;;;;
415;A Renovation Wave for Europe;On the Energy Performance of Buildings (recast);+;3;The A Renovation Wave for Europe policy document can have a significant positive impact on the On the Energy Performance of Buildings (recast) policy document by promoting energy-efficient buildings and reducing energy consumption, thus supporting the achievement of energy efficiency targets.;;;;;;;;;;;;;;;;;;;;;;;;;;;
416;REPowerEU Plan;EU Solar Energy Strategy;+;1;The REPowerEU Plan policy document can enable the EU Solar Energy Strategy policy document by promoting the development of solar energy and other renewable energy sources, thus supporting the achievement of renewable energy targets.;;;;;;;;;;;;;;;;;;;;;;;;;;;
417;On packaging and packaging waste;On circularity requirements for vehicle design;+;2;The On packaging and packaging waste policy document can reinforce the On circularity requirements for vehicle design policy document by promoting the use of recycled materials in vehicle production, thus reducing waste and increasing recycling rates.;;;;;;;;;;;;;;;;;;;;;;;;;;;
418;Circular Economy Action Plan;On packaging and packaging waste;+;2;The Circular Economy Action Plan policy document can reinforce the On packaging and packaging waste policy document by promoting the recycling and reuse of packaging materials, thus reducing waste and increasing recycling rates.;;;;;;;;;;;;;;;;;;;;;;;;;;;
419;Concerning batteries and waste batteries;On packaging and packaging waste;+;1;The Concerning batteries and waste batteries policy document can enable the On packaging and packaging waste policy document by promoting the recycling of batteries and the use of recycled materials in packaging production, thus reducing waste and increasing recycling rates.;;;;;;;;;;;;;;;;;;;;;;;;;;;
420;On circularity requirements for vehicle design;Critical Raw Materials;+;1;The On circularity requirements for vehicle design policy document can enable the Critical Raw Materials policy document by promoting the use of recycled materials in vehicle production, thus reducing the demand for primary raw materials and supporting the development of a circular economy.;;;;;;;;;;;;;;;;;;;;;;;;;;;
421;Net Zero Industry Act;Amending Directive 2008/98/EC on waste;+;2;The Net Zero Industry Act policy document can reinforce the Amending Directive 2008/98/EC on waste policy document by promoting the development of low-carbon technologies and the use of recycled materials, thus reducing waste and increasing recycling rates.;;;;;;;;;;;;;;;;;;;;;;;;;;;
422;Amending Directive 2008/98/EC on waste;Circular Economy Action Plan;+;3;The Amending Directive 2008/98/EC on waste policy document can have a significant positive impact on the Circular Economy Action Plan policy document by promoting the recycling and reuse of waste, thus reducing waste and increasing recycling rates.;;;;;;;;;;;;;;;;;;;;;;;;;;;
423;European Climate Law;Directive 2010/75/EU of the European Parliament and of the Council;+;2;The European Climate Law sets a framework for reducing greenhouse gas emissions, which can reinforce the implementation of the Industrial Emissions Directive, as it sets emission standards for industrial installations, including those in the energy and transport sectors.;;;;;;;;;;;;;;;;;;;;;;;;;;;
424;Concerning urban wastewater treatment (recast);On the quality of water intended for human consumption;+;1;The recast of the Urban Wastewater Treatment Directive can enable the implementation of the Water Framework Directive, which aims to improve the quality of water bodies, by reducing pollution from urban wastewater.;;;;;;;;;;;;;;;;;;;;;;;;;;;
425;Amending Directive 2003/87/EC;Pathway to a Healthy Planet for All EU Action Plan;+;2;The amendment of the ETS Directive can aid the implementation of the Pathway to a Healthy Planet for All EU Action Plan, as it sets a framework for reducing emissions from energy and transport sectors, which are critical for achieving a healthy planet.;;;;;;;;;;;;;;;;;;;;;;;;;;;
426;Amending Regulation (EU) 2018/842;European assessment framework for ‘safe and sustainable by design’ chemicals and materials;+;1;The amendment of the Regulation on the inclusion of aviation in the EU ETS can facilitate the implementation of the European assessment framework for ‘safe and sustainable by design’ chemicals and materials, as it promotes the use of sustainable and safe chemicals.;;;;;;;;;;;;;;;;;;;;;;;;;;;
427;Amending Regulations (EU) 2018/841;On reporting of environmental data from industrial installations and establishing an Industrial Emissions Portal;+;2;The amendment of the Regulation on land use, land-use change and forestry can reinforce the implementation of the Regulation on reporting of environmental data from industrial installations, as it sets a framework for reducing emissions from land-use sectors.;;;;;;;;;;;;;;;;;;;;;;;;;;;
428;On an EU Strategy to reduce methane emissions;on ambient air quality and cleaner air for Europe;+;1;The EU Strategy to reduce methane emissions can aid the implementation of the Directive on ambient air quality, as methane is a potent greenhouse gas that contributes to air pollution.;;;;;;;;;;;;;;;;;;;;;;;;;;;
429;A Renovation Wave for Europe;Pathway to a Healthy Planet for All EU Action Plan;+;2;The Renovation Wave initiative can facilitate the implementation of the Pathway to a Healthy Planet for All EU Action Plan, as it promotes energy-efficient buildings and reduces energy consumption, which is critical for achieving a healthy planet.;;;;;;;;;;;;;;;;;;;;;;;;;;;
430;A Farm to Fork Strategy;EU Biodiversity Strategy for 2030;+;2;The implementation of sustainable agriculture practices and reduction of synthetic fertilizers and pesticides in the Farm to Fork Strategy can aid in the preservation of biodiversity and ecosystem services, reinforcing the EU Biodiversity Strategy for 2030.;;;;;;;;;;;;;;;;;;;;;;;;;;;
431;A Farm to Fork Strategy;On Nature Restoration;+;1;The Farm to Fork Strategy's focus on sustainable agriculture and soil health can create conditions that further the goals of the Nature Restoration Law, enabling the restoration of degraded ecosystems.;;;;;;;;;;;;;;;;;;;;;;;;;;;
432;A Farm to Fork Strategy;Fisheries and Oceans Pact;-;1;The promotion of sustainable aquaculture in the Farm to Fork Strategy may constrain options for the Fisheries and Oceans Pact, as it may limit the availability of marine resources for fishing.;;;;;;;;;;;;;;;;;;;;;;;;;;;
433;A Farm to Fork Strategy;EU Soil Strategy for 2030;+;2;The Farm to Fork Strategy's emphasis on soil conservation and sustainable agriculture can reinforce the EU Soil Strategy for 2030, strengthening soil health and resilience.;;;;;;;;;;;;;;;;;;;;;;;;;;;
434;A Farm to Fork Strategy;Regulation on plant reproductive material;-;1;The Farm to Fork Strategy's support for sustainable agriculture may counteract the Regulation on plant reproductive material, as it may limit the use of certain plant reproductive materials.;;;;;;;;;;;;;;;;;;;;;;;;;;;
435;A Farm to Fork Strategy;Ensuring resilient and sustainable use of EU's natural resources;+;3;The Farm to Fork Strategy's goals are indivisible from ensuring resilient and sustainable use of EU's natural resources, as sustainable agriculture is crucial for maintaining ecosystem services and biodiversity.;;;;;;;;;;;;;;;;;;;;;;;;;;;
436;A Farm to Fork Strategy;Regulation on forest reproductive material;+;1;The Farm to Fork Strategy's focus on sustainable forestry and reforestation can enable the implementation of the Regulation on forest reproductive material, promoting the use of sustainable forest reproductive materials.;;;;;;;;;;;;;;;;;;;;;;;;;;;
437;A Farm to Fork Strategy;EU Biodiversity Strategy for 2030;-;2;The Farm to Fork Strategy's promotion of intensive farming practices may counteract the EU Biodiversity Strategy for 2030, potentially leading to biodiversity loss and ecosystem degradation.;;;;;;;;;;;;;;;;;;;;;;;;;;;
438;;;;;;;;1.0;;;Concerning batteries and waste batteries;;;;;;;On packaging and packaging waste;;;;;;;;;;;;;;The Concerning batteries and waste batteries policy document can enable the On packaging and packaging waste policy document by setting recycling targets for batteries, which can lead to increased recycling of packaging waste.
439;;;;;;;;1.0;;;On packaging and packaging waste;;;;;;;Critical Raw Materials;;;;;;;;;;;;;;The On packaging and packaging waste policy document can enable the Critical Raw Materials policy document by promoting the recycling of packaging waste, which can lead to increased availability of critical raw materials.
440;;;;;;;;2.0;;;Critical Raw Materials;;;;;;;Net Zero Industry Act;;;;;;;;;;;;;;The Critical Raw Materials policy document can reinforce the Net Zero Industry Act policy document by promoting the development of sustainable raw material production and enhancing circularity, which can lead to increased competitiveness and resilience in the net-zero industry.
441;;;;;;;;1.0;;;Net Zero Industry Act;;;;;;;Amending Directive 2008/98/EC on waste;;;;;;;;;;;;;;The Net Zero Industry Act policy document can enable the Amending Directive 2008/98/EC on waste policy document by promoting sustainable production and consumption patterns, which can lead to increased recycling and waste reduction.
442;;;;;;;;1.0;;;Amending Directive 2008/98/EC on waste;;;;;;;On packaging and packaging waste;;;;;;;;;;;;;;The Amending Directive 2008/98/EC on waste policy document can enable the On packaging and packaging waste policy document by setting recycling targets for waste, which can lead to increased recycling of packaging waste.
443;;;;;;;;1.0;;;On packaging and packaging waste;;;;;;;Energy from Renewable Sources;;;;;;;;;;;;;;The On packaging and packaging waste policy document can enable the Energy from Renewable Sources policy document by promoting sustainable production and consumption patterns, which can lead to increased demand for renewable energy sources.
444;;;;;;;;2.0;;;Energy from Renewable Sources;;;;;;;Biofuels - Directive (EU) 2023/2413;;;;;;;;;;;;;;The Energy from Renewable Sources policy document can reinforce the Biofuels - Directive (EU) 2023/2413 policy document by promoting the development of renewable energy sources, which can lead to increased production of biofuels.
445;;;;;;;;1.0;;;Biofuels - Directive (EU) 2023/2413;;;;;;;On ensuring a level playing field for sustainable air transport;;;;;;;;;;;;;;The Biofuels - Directive (EU) 2023/2413 policy document can enable the On ensuring a level playing field for sustainable air transport policy document by promoting the development of sustainable biofuels, which can lead to increased use of biofuels in air transport.
446;;;;;;;;2.0;;;On ensuring a level playing field for sustainable air transport;;;;;;;Aviation Fuel - Regulation (EU) 2023/2405;;;;;;;;;;;;;;The On ensuring a level playing field for sustainable air transport policy document can reinforce the Aviation Fuel - Regulation (EU) 2023/2405 policy document by promoting sustainable air transport, which can lead to increased demand for sustainable aviation fuels.
447;;;;;;;;1.0;;;Aviation Fuel - Regulation (EU) 2023/2405;;;;;;;On the deployment of alternative fuels infrastructure;;;;;;;;;;;;;;The Aviation Fuel - Regulation (EU) 2023/2405 policy document can enable the On the deployment of alternative fuels infrastructure policy document by promoting sustainable aviation fuels, which can lead to increased deployment of alternative fuel infrastructure.
448;;;;;;;;1.0;;;On the deployment of alternative fuels infrastructure;;;;;;;On the Energy Transition of the EU Fisheries and Aquaculture sector;;;;;;;;;;;;;;The On the deployment of alternative fuels infrastructure policy document can enable the On the Energy Transition of the EU Fisheries and Aquaculture sector policy document by promoting sustainable energy production and consumption patterns, which can lead to increased energy efficiency in the fisheries and aquaculture sector.
449;;;;;;;;2.0;;;On the Energy Transition of the EU Fisheries and Aquaculture sector;;;;;;;Amending Regulation (EU) 2019/1242;;;;;;;;;;;;;;The On the Energy Transition of the EU Fisheries and Aquaculture sector policy document can reinforce the Amending Regulation (EU) 2019/1242 policy document by promoting sustainable energy production and consumption patterns, which can lead to increased energy efficiency and reduced waste in the fisheries and aquaculture sector.
450;;;;;;;;1.0;;;Amending Regulation (EU) 2019/1242;;;;;;;Sustainable and Smart Mobility Strategy;;;;;;;;;;;;;;The Amending Regulation (EU) 2019/1242 policy document can enable the Sustainable and Smart Mobility Strategy policy document by promoting sustainable production and consumption patterns, which can lead to increased demand for sustainable mobility solutions.
451;;;;;;;;2.0;;;Sustainable and Smart Mobility Strategy;;;;;;;Hydrogen Strategy;;;;;;;;;;;;;;The Sustainable and Smart Mobility Strategy policy document can reinforce the Hydrogen Strategy policy document by promoting sustainable mobility solutions, which can lead to increased demand for hydrogen fuels.
452;;;;;;;;1.0;;;Hydrogen Strategy;;;;;;;The new EU Urban Mobility Framework;;;;;;;;;;;;;;The Hydrogen Strategy policy document can enable The new EU Urban Mobility Framework policy document by promoting sustainable urban mobility solutions, which can lead to increased use of hydrogen fuels in urban transport.
453;A Farm to Fork Strategy;On packaging and packaging waste;+;2;The implementation of the Farm to Fork Strategy's targets on reducing food waste and increasing recycling rates can reinforce the targets of the On packaging and packaging waste policy document, as reducing food waste can lead to a decrease in packaging waste.;;;;;;;;;;;;;;;;;;;;;;;;;;;
454;A Farm to Fork Strategy;Concerning batteries and waste batteries;+;1;The Farm to Fork Strategy's focus on sustainable food systems can enable the Concerning batteries and waste batteries policy document's targets on increasing recycling rates and reducing waste, as sustainable food production can lead to a reduction in battery waste.;;;;;;;;;;;;;;;;;;;;;;;;;;;
455;A Farm to Fork Strategy;Critical Raw Materials;+;1;The Farm to Fork Strategy's emphasis on sustainable agriculture can create conditions that further the Critical Raw Materials policy document's targets, as sustainable agriculture can lead to a reduction in the use of critical raw materials.;;;;;;;;;;;;;;;;;;;;;;;;;;;
456;On packaging and packaging waste;A Farm to Fork Strategy;+;2;The On packaging and packaging waste policy document's targets on increasing recycling rates and reducing packaging waste can reinforce the Farm to Fork Strategy's targets on reducing food waste and increasing recycling rates.;;;;;;;;;;;;;;;;;;;;;;;;;;;
457;On packaging and packaging waste;Concerning batteries and waste batteries;+;1;The On packaging and packaging waste policy document's focus on reducing packaging waste can enable the Concerning batteries and waste batteries policy document's targets on increasing recycling rates and reducing waste, as reducing packaging waste can lead to a reduction in battery waste.;;;;;;;;;;;;;;;;;;;;;;;;;;;
458;Concerning batteries and waste batteries;A Farm to Fork Strategy;+;1;The Concerning batteries and waste batteries policy document's targets on increasing recycling rates and reducing waste can be enabled by the Farm to Fork Strategy's focus on sustainable food systems, as sustainable food production can lead to a reduction in battery waste.;;;;;;;;;;;;;;;;;;;;;;;;;;;
459;Concerning batteries and waste batteries;On packaging and packaging waste;+;1;The Concerning batteries and waste batteries policy document's targets on increasing recycling rates and reducing waste can be reinforced by the On packaging and packaging waste policy document's focus on reducing packaging waste, as reducing packaging waste can lead to a reduction in battery waste.;;;;;;;;;;;;;;;;;;;;;;;;;;;
460;Critical Raw Materials;A Farm to Fork Strategy;+;1;The Critical Raw Materials policy document's targets can be enabled by the Farm to Fork Strategy's emphasis on sustainable agriculture, as sustainable agriculture can lead to a reduction in the use of critical raw materials.;;;;;;;;;;;;;;;;;;;;;;;;;;;
461;Critical Raw Materials;On packaging and packaging waste;-;2;The Critical Raw Materials policy document's targets may be constrained by the On packaging and packaging waste policy document's focus on reducing packaging waste, as reducing packaging waste can lead to an increase in the use of critical raw materials.;;;;;;;;;;;;;;;;;;;;;;;;;;;
462;On circularity requirements for vehicle design;A Farm to Fork Strategy;+;1;The On circularity requirements for vehicle design policy document's targets can be enabled by the Farm to Fork Strategy's focus on sustainable food systems, as sustainable food production can lead to a reduction in waste and an increase in recycling rates.;;;;;;;;;;;;;;;;;;;;;;;;;;;
463;On circularity requirements for vehicle design;Concerning batteries and waste batteries;+;1;The On circularity requirements for vehicle design policy document's targets can be reinforced by the Concerning batteries and waste batteries policy document's focus on increasing recycling rates and reducing waste, as increasing recycling rates can lead to a reduction in waste and an increase in recycling rates.;;;;;;;;;;;;;;;;;;;;;;;;;;;
464;On circularity requirements for vehicle design;Critical Raw Materials;-;2;The On circularity requirements for vehicle design policy document's targets may be constrained by the Critical Raw Materials policy document's focus on increasing the use of critical raw materials, as increasing the use of critical raw materials can lead to an increase in waste and a decrease in recycling rates.;;;;;;;;;;;;;;;;;;;;;;;;;;;
465;Net Zero Industry Act;A Farm to Fork Strategy;+;1;The Net Zero Industry Act policy document's targets can be enabled by the Farm to Fork Strategy's emphasis on sustainable agriculture, as sustainable agriculture can lead to a reduction in greenhouse gas emissions and an increase in recycling rates.;;;;;;;;;;;;;;;;;;;;;;;;;;;
466;Net Zero Industry Act;On packaging and packaging waste;+;1;The Net Zero Industry Act policy document's targets can be reinforced by the On packaging and packaging waste policy document's focus on reducing packaging waste, as reducing packaging waste can lead to a reduction in greenhouse gas emissions and an increase in recycling rates.;;;;;;;;;;;;;;;;;;;;;;;;;;;
467;Net Zero Industry Act;Concerning batteries and waste batteries;+;1;The Net Zero Industry Act policy document's targets can be enabled by the Concerning batteries and waste batteries policy document's focus on increasing recycling rates and reducing waste, as increasing recycling rates can lead to a reduction in greenhouse gas emissions and an increase in recycling rates.;;;;;;;;;;;;;;;;;;;;;;;;;;;
468;Net Zero Industry Act;Critical Raw Materials;-;2;The Net Zero Industry Act policy document's targets may be constrained by the Critical Raw Materials policy document's focus on increasing the use of critical raw materials, as increasing the use of critical raw materials can lead to an increase in greenhouse gas emissions and a decrease in recycling rates.;;;;;;;;;;;;;;;;;;;;;;;;;;;
469;Amending Directive 2008/98/EC on waste;A Farm to Fork Strategy;+;1;The Amending Directive 2008/98/EC on waste policy document's targets can be enabled by the Farm to Fork Strategy's emphasis on sustainable agriculture, as sustainable agriculture can lead to a reduction in waste and an increase in recycling rates.;;;;;;;;;;;;;;;;;;;;;;;;;;;
470;Amending Directive 2008/98/EC on waste;On packaging and packaging waste;+;1;The Amending Directive 2008/98/EC on waste policy document's targets can be reinforced by the On packaging and packaging waste policy document's focus on reducing packaging waste, as reducing packaging waste can lead to a reduction in waste and an increase in recycling rates.;;;;;;;;;;;;;;;;;;;;;;;;;;;
471;Amending Directive 2008/98/EC on waste;Concerning batteries and waste batteries;+;1;The Amending Directive 2008/98/EC on waste policy document's targets can be enabled by the Concerning batteries and waste batteries policy document's focus on increasing recycling rates and reducing waste, as increasing recycling rates can lead to a reduction in waste and an increase in recycling rates.;;;;;;;;;;;;;;;;;;;;;;;;;;;
472;Amending Directive 2008/98/EC on waste;Critical Raw Materials;-;2;The Amending Directive 2008/98/EC on waste policy document's targets may be constrained by the Critical Raw Materials policy document's focus on increasing the use of critical raw materials, as increasing the use of critical raw materials can lead to an increase in waste and a decrease in recycling rates.;;;;;;;;;;;;;;;;;;;;;;;;;;;
473;Circular Economy Action Plan;A Farm to Fork Strategy;+;2;The Circular Economy Action Plan policy document's targets can be reinforced by the Farm to Fork Strategy's emphasis on sustainable agriculture, as sustainable agriculture can lead to a reduction in waste and an increase in recycling rates.;;;;;;;;;;;;;;;;;;;;;;;;;;;
474;Circular Economy Action Plan;On packaging and packaging waste;+;2;The Circular Economy Action Plan policy document's targets can be reinforced by the On packaging and packaging waste policy document's focus on reducing packaging waste, as reducing packaging waste can lead to a reduction in waste and an increase in recycling rates.;;;;;;;;;;;;;;;;;;;;;;;;;;;
475;Circular Economy Action Plan;Concerning batteries and waste batteries;+;1;The Circular Economy Action Plan policy document's targets can be enabled by the Concerning batteries and waste batteries policy document's focus on increasing recycling rates and reducing waste, as increasing recycling rates can lead to a reduction in waste and an increase in recycling rates.;;;;;;;;;;;;;;;;;;;;;;;;;;;
476;Circular Economy Action Plan;Critical Raw Materials;-;2;The Circular Economy Action Plan policy document's targets may be constrained by the Critical Raw Materials policy document's focus on increasing the use of critical raw materials, as increasing the use of critical raw materials can lead to an increase in waste and a decrease in recycling rates.;;;;;;;;;;;;;;;;;;;;;;;;;;;
477;A Farm to Fork Strategy;Directive 2010/75/EU of the European Parliament and of the Council;+;2;The implementation of the Farm to Fork Strategy's targets on sustainable agriculture and reduced use of pesticides and fertilizers can reinforce the objectives of the Directive 2010/75/EU, which aims to reduce pollution from industrial activities, including those related to agriculture.;;;;;;;;;;;;;;;;;;;;;;;;;;;
478;A Farm to Fork Strategy;On the quality of water intended for human consumption;+;1;The Farm to Fork Strategy's focus on sustainable agriculture and reduced pollution can create conditions that further the objectives of ensuring the quality of water intended for human consumption.;;;;;;;;;;;;;;;;;;;;;;;;;;;
479;A Farm to Fork Strategy;Pathway to a Healthy Planet for All EU Action Plan;+;3;The Farm to Fork Strategy's targets on sustainable food systems and reduced environmental impact are indivisibly linked to the Pathway to a Healthy Planet for All EU Action Plan's objectives, which include reducing pollution, protecting biodiversity, and promoting sustainable consumption patterns.;;;;;;;;;;;;;;;;;;;;;;;;;;;
480;A Farm to Fork Strategy;European assessment framework for ‘safe and sustainable by design’ chemicals and materials;-;2;The implementation of the Farm to Fork Strategy's targets on reduced use of pesticides and fertilizers may counteract the objectives of the European assessment framework for ‘safe and sustainable by design’ chemicals and materials, which aims to promote the development of sustainable chemicals and materials.;;;;;;;;;;;;;;;;;;;;;;;;;;;
481;A Farm to Fork Strategy;On reporting of environmental data from industrial installations and establishing an Industrial Emissions Portal;+;1;The Farm to Fork Strategy's focus on sustainable agriculture and reduced pollution can create conditions that further the objectives of the On reporting of environmental data from industrial installations and establishing an Industrial Emissions Portal, which aims to improve the reporting and monitoring of industrial emissions.;;;;;;;;;;;;;;;;;;;;;;;;;;;
482;A Farm to Fork Strategy;on ambient air quality and cleaner air for Europe;-;3;The implementation of the Farm to Fork Strategy's targets on sustainable agriculture and reduced use of pesticides and fertilizers may cancel the objectives of the on ambient air quality and cleaner air for Europe, which aims to reduce air pollution from agricultural activities.;;;;;;;;;;;;;;;;;;;;;;;;;;;
483;European Climate Law;EU Biodiversity Strategy for 2030;+;2;The European Climate Law sets a framework for reducing greenhouse gas emissions, which can reinforce the EU Biodiversity Strategy for 2030 by promoting sustainable land use and reducing pollution.;;;;;;;;;;;;;;;;;;;;;;;;;;;
484;Concerning urban wastewater treatment (recast);EU Biodiversity Strategy for 2030;+;1;Improved wastewater treatment can enable the EU Biodiversity Strategy for 2030 by reducing pollution and protecting aquatic ecosystems.;;;;;;;;;;;;;;;;;;;;;;;;;;;
485;Amending Directive 2003/87/EC;EU Biodiversity Strategy for 2030;+;1;The amended Directive can aid the EU Biodiversity Strategy for 2030 by enhancing the EU ETS and promoting low-carbon technologies, thus supporting biodiversity conservation.;;;;;;;;;;;;;;;;;;;;;;;;;;;
486;Amending Regulation (EU) 2018/842;EU Biodiversity Strategy for 2030;+;1;The amended Regulation can support the EU Biodiversity Strategy for 2030 by improving the EU's climate and energy framework, which can help reduce emissions and promote sustainable land use.;;;;;;;;;;;;;;;;;;;;;;;;;;;
487;Amending Regulations (EU) 2018/841;EU Biodiversity Strategy for 2030;+;1;The amended Regulations can facilitate the EU Biodiversity Strategy for 2030 by promoting sustainable land use and reducing emissions from the land use sector.;;;;;;;;;;;;;;;;;;;;;;;;;;;
488;On an EU Strategy to reduce methane emissions;EU Biodiversity Strategy for 2030;+;2;Reducing methane emissions can reinforce the EU Biodiversity Strategy for 2030 by mitigating climate change and promoting sustainable agriculture practices.;;;;;;;;;;;;;;;;;;;;;;;;;;;
489;A Renovation Wave for Europe;EU Biodiversity Strategy for 2030;+;1;The Renovation Wave initiative can support the EU Biodiversity Strategy for 2030 by promoting energy-efficient buildings and reducing energy consumption, thus protecting natural habitats.;;;;;;;;;;;;;;;;;;;;;;;;;;;
490;Amending Directive 2003/87/EC;On Nature Restoration;+;1;The amended Directive can aid the Nature Restoration initiative by promoting sustainable land use and reducing emissions, thus supporting ecosystem restoration.;;;;;;;;;;;;;;;;;;;;;;;;;;;
491;Amending Directive 2003/87/EC;On Nature Restoration;+;1;The amended Directive can facilitate the Nature Restoration initiative by enhancing the EU ETS and promoting low-carbon technologies, thus supporting ecosystem restoration.;;;;;;;;;;;;;;;;;;;;;;;;;;;
492;Amending Regulations (EU) 2018/841;On Nature Restoration;+;1;The amended Regulations can support the Nature Restoration initiative by improving the EU's climate and energy framework, which can help reduce emissions and promote sustainable land use.;;;;;;;;;;;;;;;;;;;;;;;;;;;
493;On Nature Restoration;EU Biodiversity Strategy for 2030;+;3;The Nature Restoration initiative can significantly reinforce the EU Biodiversity Strategy for 2030 by restoring degraded ecosystems, promoting biodiversity, and supporting climate change mitigation.;;;;;;;;;;;;;;;;;;;;;;;;;;;
494;On Nature Restoration;EU Biodiversity Strategy for 2030;+;3;The Nature Restoration initiative can substantially support the EU Biodiversity Strategy for 2030 by protecting and restoring natural ecosystems, thus promoting biodiversity conservation and climate change mitigation.;;;;;;;;;;;;;;;;;;;;;;;;;;;
495;EU Biodiversity Strategy for 2030;On Nature Restoration;+;2;The EU Biodiversity Strategy for 2030 can reinforce the Nature Restoration initiative by promoting sustainable land use, reducing pollution, and protecting natural ecosystems.;;;;;;;;;;;;;;;;;;;;;;;;;;;
496;On Nature Restoration;EU Soil Strategy for 2030;+;1;The Nature Restoration initiative can support the EU Soil Strategy for 2030 by promoting sustainable soil management and reducing soil degradation.;;;;;;;;;;;;;;;;;;;;;;;;;;;
497;Regulation on plant reproductive material;EU Biodiversity Strategy for 2030;+;1;The Regulation on plant reproductive material can facilitate the EU Biodiversity Strategy for 2030 by promoting sustainable agriculture practices and reducing the use of harmful substances.;;;;;;;;;;;;;;;;;;;;;;;;;;;
498;EU Biodiversity Strategy for 2030;On Nature Restoration;+;2;The EU Biodiversity Strategy for 2030 can support the Nature Restoration initiative by promoting ecosystem restoration, reducing pollution, and protecting biodiversity.;;;;;;;;;;;;;;;;;;;;;;;;;;;
499;On Nature Restoration;Regulation on forest reproductive material;+;1;The Nature Restoration initiative can support the Regulation on forest reproductive material by promoting sustainable forest management and reducing emissions from the forestry sector.;;;;;;;;;;;;;;;;;;;;;;;;;;;
500;EU Biodiversity Strategy for 2030;On Nature Restoration;+;2;The EU Biodiversity Strategy for 2030 can reinforce the Nature Restoration initiative by protecting and restoring natural ecosystems, thus promoting biodiversity conservation and climate change mitigation.;;;;;;;;;;;;;;;;;;;;;;;;;;;
501;On Nature Restoration;EU Biodiversity Strategy for 2030;+;3;The Nature Restoration initiative can significantly support the EU Biodiversity Strategy for 2030 by restoring degraded ecosystems, promoting biodiversity, and supporting climate change mitigation.;;;;;;;;;;;;;;;;;;;;;;;;;;;
502;On Nature Restoration;EU Biodiversity Strategy for 2030;+;3;The Nature Restoration initiative can substantially support the EU Biodiversity Strategy for 2030 by protecting and restoring natural ecosystems, thus promoting biodiversity conservation and climate change mitigation.;;;;;;;;;;;;;;;;;;;;;;;;;;;
503;EU Biodiversity Strategy for 2030;On Nature Restoration;+;2;The EU Biodiversity Strategy for 2030 can reinforce the Nature Restoration initiative by promoting sustainable land use, reducing pollution, and protecting natural ecosystems.;;;;;;;;;;;;;;;;;;;;;;;;;;;
504;On Nature Restoration;Ensuring resilient and sustainable use of EU's natural resources;+;1;The Nature Restoration initiative can support the strategy for resilient and sustainable use of natural resources by promoting ecosystem restoration and reducing emissions.;;;;;;;;;;;;;;;;;;;;;;;;;;;
505;EU Biodiversity Strategy for 2030;On Nature Restoration;+;2;The EU Biodiversity Strategy for 2030 can support the Nature Restoration initiative by promoting ecosystem restoration, reducing pollution, and protecting biodiversity.;;;;;;;;;;;;;;;;;;;;;;;;;;;
506;On Nature Restoration;EU Biodiversity Strategy for 2030;+;3;The Nature Restoration initiative can significantly reinforce the EU Biodiversity Strategy for 2030 by restoring degraded ecosystems, promoting biodiversity, and supporting climate change mitigation.;;;;;;;;;;;;;;;;;;;;;;;;;;;
507;On Nature Restoration;EU Biodiversity Strategy for 2030;+;3;The Nature Restoration initiative can substantially support the EU Biodiversity Strategy for 2030 by protecting and restoring natural ecosystems, thus promoting biodiversity conservation and climate change mitigation.;;;;;;;;;;;;;;;;;;;;;;;;;;;
