;GHG Reduction;Renewable Energy;+;2;The implementation of GHG reduction targets can reinforce the transition to renewable energy sources, as reducing emissions can create an environment that incentivizes the use of renewable energy.;Energy Efficiency;+2;The implementation of GHG reduction targets can reinforce energy efficiency measures by reducing energy consumption and greenhouse gas emissions, thus supporting the achievement of energy efficiency targets.;source_subtheme;impact_subtheme;impact_type;impact_weight;justification;GHG Removal;The implementation of GHG reduction targets can reinforce the achievement of GHG removal targets by creating conditions that further the removal of greenhouse gases from the atmosphere, such as through carbon capture and storage technologies or nature-based solutions.;The implementation of GHG reduction targets can reinforce the achievement of GHG removal targets by creating a synergistic effect, where reducing emissions can also enhance carbon sinks and removals.;GHG Reduction - Buildings;The implementation of GHG reduction targets in List A can reinforce the achievement of GHG reduction targets in buildings in List B, as both targets aim to reduce greenhouse gas emissions and promote energy efficiency.;The implementation of GHG reduction targets in the energy sector can reinforce the achievement of GHG reduction targets in buildings by promoting the use of renewable energy sources and reducing energy consumption.;Terrestrial Ecosystems Restoration;The implementation of GHG reduction targets can reinforce the restoration of terrestrial ecosystems by reducing the pressure on land use and allowing for the recovery of natural habitats.;The implementation of GHG reduction targets can reinforce the restoration of terrestrial ecosystems, as reducing GHG emissions can lead to improved air quality, which in turn can enhance ecosystem health and biodiversity.;Waste Reduction;The implementation of GHG reduction targets can reinforce waste reduction efforts by promoting a circular economy and reducing waste generation.;The implementation of GHG reduction targets can reinforce the restoration of terrestrial ecosystems by reducing the pressure on land use and promoting sustainable land management practices.;GHG Reduction - Transports;The implementation of GHG reduction targets in List A can reinforce the achievement of GHG reduction targets in the transport sector in List B by promoting the use of low-carbon fuels and increasing energy efficiency in the transport sector, which can lead to a reduction in greenhouse gas emissions from transportation.;The implementation of GHG reduction targets can reinforce the development of renewable energy sources, as reducing emissions can create an environment where renewable energy can thrive.;Biodiversity Protection & Conservation;The implementation of GHG reduction targets can reinforce biodiversity protection and conservation efforts by reducing pollution and promoting sustainable land use, which in turn can help protect and restore ecosystems and biodiversity.;Reinforcing;The implementation of GHG reduction targets can reinforce biodiversity protection and conservation efforts by reducing pollution and promoting sustainable land use practices, which in turn can help protect and restore ecosystems and biodiversity.;The implementation of GHG reduction targets can reinforce waste reduction efforts by promoting the use of low-carbon technologies and renewable energy sources, which can lead to a decrease in waste generation and increase recycling rates.;The implementation of GHG reduction targets can reinforce the achievement of GHG reduction in buildings by promoting the use of low-carbon technologies and energy-efficient practices in the building sector.;The implementation of GHG reduction targets can aid the achievement of renewable energy targets by reducing energy consumption and increasing energy efficiency, thus creating a more favorable environment for the integration of renewable energy sources into the energy mix.;Improve Air Quality;The reduction of GHG emissions will aid in improving air quality, as it will decrease the amount of pollutants released into the atmosphere.;The implementation of GHG reduction targets can reinforce the achievement of GHG reduction in buildings by promoting the use of low-carbon technologies and increasing energy efficiency in buildings.;The implementation of GHG reduction targets can reinforce the achievement of renewable energy targets by promoting a low-carbon economy and incentivizing the development of renewable energy sources.;Net-Zero Technology - Road Vehicles;Reinforcing the transition to low-carbon vehicles can aid in reducing greenhouse gas emissions from the transport sector.;The implementation of GHG reduction targets can reinforce the restoration of terrestrial ecosystems, as reducing GHG emissions can lead to increased carbon sequestration in forests and other ecosystems, which in turn can support biodiversity and ecosystem services.;Rail;The implementation of GHG reduction targets can reinforce the development of rail transport by increasing the demand for low-carbon technologies and promoting sustainable land use, which can, in turn, support the growth of the rail sector by providing access to low-carbon energy sources and reducing emissions from transport.;The reduction of greenhouse gas emissions can aid in improving air quality by reducing pollutants that contribute to poor air quality, thus reinforcing the achievement of air quality targets.;The implementation of GHG reduction targets can reinforce the restoration of terrestrial ecosystems, as reducing emissions can lead to increased carbon sequestration in forests and soils, which in turn can support biodiversity conservation and ecosystem services.;The implementation of GHG reduction targets can reinforce the development and use of renewable energy sources, as reducing emissions can create a more favorable environment for renewable energy growth.
0;GHG Reduction;Energy Efficiency;+;2.0;Reducing GHG emissions can also reinforce energy efficiency efforts, as energy-efficient technologies can help reduce energy consumption and lower emissions.;;;;;;;;;;;;;;;;;;;;;;;;;;;;;;;;;;;;;;;;;;
1;GHG Reduction;Energy Efficiency - Buildings;+;2.0;The reduction of GHG emissions can also positively impact energy efficiency in buildings, as energy-efficient buildings can help reduce energy consumption and lower emissions.;;;;;;;;;;;;;;;;;;;;;;;;;;;;;;;;;;;;;;;;;;
2;GHG Reduction;Renewable Energy - Heating & Cooling;+;2.0;Implementing GHG reduction targets can facilitate the transition to renewable heating and cooling, enabling a cleaner energy mix.;;;;;;;;;;;;;;;;;;;;;;;;;;;;;;;;;;;;;;;;;;
3;GHG Reduction;Renewable Energy - Hydrogen Production;+;2.0;The implementation of GHG reduction targets can support the development of renewable hydrogen production, offering a low-carbon alternative for various sectors.;;;;;;;;;;;;;;;;;;;;;;;;;;;;;;;;;;;;;;;;;;
4;GHG Reduction;Renewable Energy - Ocean/Offshore;+;2.0;Reducing emissions can also facilitate the growth of offshore renewable energy, providing a cleaner source of energy.;;;;;;;;;;;;;;;;;;;;;;;;;;;;;;;;;;;;;;;;;;
5;GHG Reduction;Renewable Energy - Solar;+;2.0;The transition to solar energy can be reinforced by GHG reduction efforts, as solar energy is a key component of a low-carbon energy mix.;;;;;;;;;;;;;;;;;;;;;;;;;;;;;;;;;;;;;;;;;;
6;Renewable Energy;Energy Infrastructure;+;2.0;The growth of renewable energy can drive the development of energy infrastructure, enabling the integration of variable renewable energy sources into the grid.;;;;;;;;;;;;;;;;;;;;;;;;;;;;;;;;;;;;;;;;;;
7;Renewable Energy;Social Security - Energy;+;1.0;The expansion of renewable energy can create new job opportunities and contribute to energy security, thus supporting social security and energy access.;;;;;;;;;;;;;;;;;;;;;;;;;;;;;;;;;;;;;;;;;;
8;Renewable Energy - Heating & Cooling;Energy Efficiency - Buildings;+;1.0;Renewable heating and cooling can complement energy-efficient buildings, reducing energy consumption while providing a low-carbon alternative.;;;;;;;;;;;;;;;;;;;;;;;;;;;;;;;;;;;;;;;;;;
9;Renewable Energy - Hydrogen Production;Energy Efficiency;+;1.0;Renewable hydrogen can be used in energy-efficient applications, supporting a low-carbon energy system.;;;;;;;;;;;;;;;;;;;;;;;;;;;;;;;;;;;;;;;;;;
10;Renewable Energy - Ocean/Offshore;Energy Infrastructure;+;1.0;Offshore renewable energy can drive the development of energy infrastructure, including offshore transmission and distribution networks.;;;;;;;;;;;;;;;;;;;;;;;;;;;;;;;;;;;;;;;;;;
11;Renewable Energy - Solar;Energy Efficiency - Buildings;+;1.0;Solar energy can be integrated into energy-efficient buildings, providing on-site renewable energy generation and reducing reliance on the grid.;;;;;;;;;;;;;;;;;;;;;;;;;;;;;;;;;;;;;;;;;;
12;Energy Efficiency;Waste Reduction;+;1.0;Energy efficiency measures can reduce waste generation by minimizing energy consumption and promoting the use of energy from renewable sources.;;;;;;;;;;;;;;;;;;;;;;;;;;;;;;;;;;;;;;;;;;
13;Energy Efficiency - Buildings;Circularity/Recycling - Municipal Waste;+;1.0;Energy-efficient buildings can reduce waste generation and support recycling efforts by promoting the reuse and recycling of building materials.;;;;;;;;;;;;;;;;;;;;;;;;;;;;;;;;;;;;;;;;;;
14;Energy Infrastructure;Circularity/Recycling - Critical Raw Materials - Batteries Recycling;+;1.0;The development of energy infrastructure can support the recycling of critical raw materials, including batteries, by providing the necessary energy and facilities.;;;;;;;;;;;;;;;;;;;;;;;;;;;;;;;;;;;;;;;;;;
15;Social Security - Energy;Waste Reduction - Food Waste;+;1.0;Social security policies can address energy poverty and support sustainable food systems, reducing food waste and promoting food recovery and redistribution.;;;;;;;;;;;;;;;;;;;;;;;;;;;;;;;;;;;;;;;;;;
16;Circularity/Recycling;Waste Reduction - Municipal Waste;+;2.0;Circular economy strategies can reinforce waste reduction efforts, particularly in municipal waste management, by promoting recycling, reuse, and reduction of waste.;;;;;;;;;;;;;;;;;;;;;;;;;;;;;;;;;;;;;;;;;;
17;Circularity/Recycling - Municipal Waste;Waste Reduction - Plastic & Packaging;+;1.0;Municipal waste recycling can support the reduction of plastic waste and packaging, promoting a circular economy approach.;;;;;;;;;;;;;;;;;;;;;;;;;;;;;;;;;;;;;;;;;;
18;Circularity/Recycling - Plastic & Packaging;Critical Raw Materials - Extraction & Import;+;1.0;The recycling of plastic packaging can support the extraction and import of critical raw materials, reducing primary material demand.;;;;;;;;;;;;;;;;;;;;;;;;;;;;;;;;;;;;;;;;;;
19;Critical Raw Materials - Extraction & Import;Net-Zero Technology - Manufacturing;+;1.0;The extraction and import of critical raw materials can support the manufacturing of net-zero technologies, including electrolysers and fuel cells.;;;;;;;;;;;;;;;;;;;;;;;;;;;;;;;;;;;;;;;;;;
20;GHG Reduction;;;;;Energy Efficiency - Buildings;2.0;The implementation of GHG reduction targets can reinforce energy efficiency measures in buildings by reducing energy consumption and greenhouse gas emissions, thus supporting the achievement of energy efficiency targets in buildings.;;;;;;;;;;;;;;;;;;;;;;;;;;;;;;;;;;;;;;;
21;GHG Reduction;;;;;Energy Infrastructure;2.0;The implementation of GHG reduction targets can reinforce energy infrastructure development by promoting the use of low-carbon energy sources and reducing greenhouse gas emissions, thus supporting the achievement of energy infrastructure targets.;;;;;;;;;;;;;;;;;;;;;;;;;;;;;;;;;;;;;;;
22;GHG Reduction;;;;;Social Security - Energy;1.0;The implementation of GHG reduction targets can create conditions that support social security and energy access by promoting low-carbon energy sources and reducing energy poverty.;;;;;;;;;;;;;;;;;;;;;;;;;;;;;;;;;;;;;;;
23;GHG Reduction - Buildings;;;;;Energy Efficiency - Buildings;3.0;The implementation of GHG reduction targets in buildings can be inextricably linked to energy efficiency measures in buildings, as reducing energy consumption in buildings is essential to achieving GHG reduction targets.;;;;;;;;;;;;;;;;;;;;;;;;;;;;;;;;;;;;;;;
24;GHG Reduction - Transports;;;;;Energy Infrastructure;2.0;The implementation of GHG reduction targets in transport can reinforce energy infrastructure development by promoting the use of low-carbon energy sources and reducing greenhouse gas emissions, thus supporting the achievement of energy infrastructure targets.;;;;;;;;;;;;;;;;;;;;;;;;;;;;;;;;;;;;;;;
25;GHG Removal;;;;;Energy Efficiency;1.0;The implementation of GHG removal targets can create conditions that support energy efficiency measures by promoting the use of low-carbon energy sources and reducing energy consumption.;;;;;;;;;;;;;;;;;;;;;;;;;;;;;;;;;;;;;;;
26;GHG Removal;;;;;Energy Efficiency - Buildings;1.0;The implementation of GHG removal targets can create conditions that support energy efficiency measures in buildings by promoting the use of low-carbon energy sources and reducing energy consumption in buildings.;;;;;;;;;;;;;;;;;;;;;;;;;;;;;;;;;;;;;;;
27;Renewable Energy;;;;;Energy Efficiency;2.0;The implementation of renewable energy targets can reinforce energy efficiency measures by reducing energy consumption and promoting the use of low-carbon energy sources, thus supporting the achievement of energy efficiency targets.;;;;;;;;;;;;;;;;;;;;;;;;;;;;;;;;;;;;;;;
28;Renewable Energy;;;;;Energy Efficiency - Buildings;2.0;The implementation of renewable energy targets can reinforce energy efficiency measures in buildings by reducing energy consumption and promoting the use of low-carbon energy sources, thus supporting the achievement of energy efficiency targets in buildings.;;;;;;;;;;;;;;;;;;;;;;;;;;;;;;;;;;;;;;;
29;Renewable Energy - Heating & Cooling;;;;;Energy Efficiency - Buildings;3.0;The implementation of renewable energy targets for heating and cooling can be inextricably linked to energy efficiency measures in buildings, as promoting the use of renewable energy sources for heating and cooling is essential to achieving energy efficiency targets in buildings.;;;;;;;;;;;;;;;;;;;;;;;;;;;;;;;;;;;;;;;
30;Renewable Energy - Hydrogen Production;;;;;Energy Infrastructure;2.0;The implementation of renewable energy targets for hydrogen production can reinforce energy infrastructure development by promoting the use of low-carbon energy sources and reducing greenhouse gas emissions, thus supporting the achievement of energy infrastructure targets.;;;;;;;;;;;;;;;;;;;;;;;;;;;;;;;;;;;;;;;
31;Renewable Energy - Ocean/Offshore;;;;;Energy Infrastructure;2.0;The implementation of renewable energy targets for ocean and offshore energy can reinforce energy infrastructure development by promoting the use of low-carbon energy sources and reducing greenhouse gas emissions, thus supporting the achievement of energy infrastructure targets.;;;;;;;;;;;;;;;;;;;;;;;;;;;;;;;;;;;;;;;
32;Renewable Energy - Solar;;;;;Energy Efficiency;2.0;The implementation of renewable energy targets for solar energy can reinforce energy efficiency measures by reducing energy consumption and promoting the use of low-carbon energy sources, thus supporting the achievement of energy efficiency targets.;;;;;;;;;;;;;;;;;;;;;;;;;;;;;;;;;;;;;;;
33;;;;;;;;;GHG Reduction;Terrestrial Ecosystems Restoration;+;2.0;The implementation of GHG reduction targets can reinforce the restoration of terrestrial ecosystems, as reducing GHG emissions can lead to increased carbon sequestration in forests and other ecosystems, which in turn can support biodiversity and ecosystem services.;;;;;;;;;;;;;;;;;;;;;;;;;;;;;;;;;;
34;;;;;;;;;GHG Reduction;Marine Ecosystem Restoration;+;1.0;Reducing GHG emissions can contribute to the protection of marine ecosystems by mitigating ocean acidification, which is essential for the health of marine life and the overall ecosystem.;;;;;;;;;;;;;;;;;;;;;;;;;;;;;;;;;;
35;;;;;;;;;GHG Reduction;Biodiversity Protection & Conservation;+;1.0;GHG reduction efforts can have a positive impact on biodiversity conservation by reducing pollution and protecting ecosystems, which are essential for maintaining healthy and resilient ecosystems.;;;;;;;;;;;;;;;;;;;;;;;;;;;;;;;;;;
36;;;;;;;;;GHG Reduction - Buildings;Terrestrial Ecosystems Restoration - Agricultural Ecosystems;+;1.0;Improving energy efficiency in buildings can enable the use of biomass for energy production, which can support sustainable agriculture and reduce GHG emissions from the sector.;;;;;;;;;;;;;;;;;;;;;;;;;;;;;;;;;;
37;;;;;;;;;GHG Reduction - Transports;Terrestrial Ecosystems Restoration - Rivers;+;1.0;Electrification of transport can reduce GHG emissions and support the restoration of rivers and wetlands, which are critical for maintaining healthy ecosystems and supporting biodiversity.;;;;;;;;;;;;;;;;;;;;;;;;;;;;;;;;;;
38;;;;;;;;;GHG Removal;Terrestrial Ecosystems Restoration;+;2.0;The implementation of GHG removal technologies can support the restoration of terrestrial ecosystems by removing excess CO2 from the atmosphere, which can help to mitigate climate change and support ecosystem resilience.;;;;;;;;;;;;;;;;;;;;;;;;;;;;;;;;;;
39;;;;;;;;;GHG Removal;Marine Ecosystem Restoration;+;1.0;GHG removal can contribute to the protection of marine ecosystems by reducing the amount of CO2 in the atmosphere, which can help to mitigate ocean acidification and support the health of marine ecosystems.;;;;;;;;;;;;;;;;;;;;;;;;;;;;;;;;;;
40;;;;;;;;;GHG Removal;Biodiversity Protection & Conservation;+;1.0;GHG removal efforts can support biodiversity conservation by reducing the impact of climate change on ecosystems and supporting the protection of species and their habitats.;;;;;;;;;;;;;;;;;;;;;;;;;;;;;;;;;;
41;;;;;;;;;GHG Reduction - Buildings;Biodiversity Protection & Conservation - Urban Nature;+;1.0;Improving energy efficiency in buildings can support urban nature and biodiversity by reducing the urban heat island effect and supporting the creation of green spaces and urban forests.;;;;;;;;;;;;;;;;;;;;;;;;;;;;;;;;;;
42;;;;;;;;;GHG Reduction - Transports;Biodiversity Protection & Conservation - Fisheries;+;1.0;The transition to low-carbon transport can support the protection of marine biodiversity by reducing pollution and supporting sustainable fishing practices.;;;;;;;;;;;;;;;;;;;;;;;;;;;;;;;;;;
43;GHG Reduction;;;;;;1.0;;;;;;;Improve Air Quality;Reducing greenhouse gas emissions can enable the improvement of air quality by decreasing the emissions of air pollutants, which in turn can create conditions for better air quality management and pollution reduction.;;;;;;;;;;;;;;;;;;;;;;;;;;;;;;;;
44;GHG Reduction;;;;;;1.0;;;;;;;Improve Water Quality;The reduction of greenhouse gas emissions can facilitate the improvement of water quality by decreasing the energy consumption and emissions from water treatment and distribution, thus creating conditions for more efficient water management and pollution reduction.;;;;;;;;;;;;;;;;;;;;;;;;;;;;;;;;
45;GHG Reduction;;;;;;1.0;;;;;;;Improve Soils Health;Implementing GHG reduction targets can create conditions that further the improvement of soil health by promoting sustainable land use and reducing emissions from agricultural activities, which can lead to better soil management and fertility.;;;;;;;;;;;;;;;;;;;;;;;;;;;;;;;;
46;GHG Reduction;;;;;;1.0;;;;;;;Noise Reduction;The implementation of GHG reduction targets can facilitate noise reduction by promoting the use of cleaner and more efficient transportation modes, thus creating conditions for a decrease in noise pollution.;;;;;;;;;;;;;;;;;;;;;;;;;;;;;;;;
47;GHG Reduction - Buildings;;;;;;2.0;;;;;;;GHG Removal;The reduction of greenhouse gas emissions from buildings can reinforce the achievement of GHG removal targets by creating conditions that further the removal of greenhouse gases from the atmosphere, such as through carbon capture and storage technologies or nature-based solutions.;;;;;;;;;;;;;;;;;;;;;;;;;;;;;;;;
48;GHG Reduction - Transports;;;;;;1.0;;;;;;;Improve Air Quality;Reducing greenhouse gas emissions from transportation can enable the improvement of air quality by decreasing the emissions of air pollutants, which in turn can create conditions for better air quality management and pollution reduction.;;;;;;;;;;;;;;;;;;;;;;;;;;;;;;;;
49;GHG Reduction - Transports;;;;;;1.0;;;;;;;Improve Water Quality;The reduction of greenhouse gas emissions from transportation can facilitate the improvement of water quality by decreasing the energy consumption and emissions from water treatment and distribution, thus creating conditions for more efficient water management and pollution reduction.;;;;;;;;;;;;;;;;;;;;;;;;;;;;;;;;
50;GHG Reduction - Transports;;;;;;1.0;;;;;;;Improve Soils Health;Implementing GHG reduction targets in transportation can create conditions that further the improvement of soil health by promoting sustainable land use and reducing emissions from agricultural activities, which can lead to better soil management and fertility.;;;;;;;;;;;;;;;;;;;;;;;;;;;;;;;;
51;GHG Reduction - Transports;;;;;;1.0;;;;;;;Noise Reduction;The implementation of GHG reduction targets in transportation can facilitate noise reduction by promoting the use of cleaner and more efficient transportation modes, thus creating conditions for a decrease in noise pollution.;;;;;;;;;;;;;;;;;;;;;;;;;;;;;;;;
52;GHG Removal;;;;;;2.0;;;;;;;Improve Air Quality;The removal of greenhouse gases from the atmosphere can reinforce the improvement of air quality by reducing the emissions of air pollutants and creating conditions for better air quality management and pollution reduction.;;;;;;;;;;;;;;;;;;;;;;;;;;;;;;;;
53;GHG Removal;;;;;;2.0;;;;;;;Improve Water Quality;The removal of greenhouse gases can facilitate the improvement of water quality by decreasing the energy consumption and emissions from water treatment and distribution, thus creating conditions for more efficient water management and pollution reduction.;;;;;;;;;;;;;;;;;;;;;;;;;;;;;;;;
54;GHG Removal;;;;;;2.0;;;;;;;Improve Soils Health;Implementing GHG removal targets can create conditions that further the improvement of soil health by promoting sustainable land use and reducing emissions from agricultural activities, which can lead to better soil management and fertility.;;;;;;;;;;;;;;;;;;;;;;;;;;;;;;;;
55;GHG Removal;;;;;;2.0;;;;;;;Noise Reduction;The removal of greenhouse gases from the atmosphere can facilitate noise reduction by promoting the use of cleaner and more efficient transportation modes, thus creating conditions for a decrease in noise pollution.;;;;;;;;;;;;;;;;;;;;;;;;;;;;;;;;
56;Improve Air Quality;;;;;;3.0;;;;;;;Improve Water Quality;Improving air quality can be indivisible from improving water quality, as reducing air pollutants can also decrease water pollution, thus creating conditions for better water quality management and pollution reduction.;;;;;;;;;;;;;;;;;;;;;;;;;;;;;;;;
57;Improve Air Quality;;;;;;2.0;;;;;;;Improve Soils Health;Improving air quality can reinforce the improvement of soil health by reducing the emissions of air pollutants, which can lead to better soil fertility and structure.;;;;;;;;;;;;;;;;;;;;;;;;;;;;;;;;
58;Improve Air Quality;;;;;;2.0;;;;;;;Noise Reduction;Improving air quality can facilitate noise reduction by promoting the use of cleaner and more efficient transportation modes, thus creating conditions for a decrease in noise pollution.;;;;;;;;;;;;;;;;;;;;;;;;;;;;;;;;
59;Improve Water Quality;;;;;;3.0;;;;;;;Improve Soils Health;Improving water quality can be indivisible from improving soil health, as reducing water pollution can also decrease soil pollution, thus creating conditions for better soil management and fertility.;;;;;;;;;;;;;;;;;;;;;;;;;;;;;;;;
60;Improve Water Quality;;;;;;1.0;;;;;;;Noise Reduction;The improvement of water quality can create conditions that further noise reduction by promoting the use of cleaner and more efficient transportation modes, thus creating conditions for a decrease in noise pollution.;;;;;;;;;;;;;;;;;;;;;;;;;;;;;;;;
61;Improve Soils Health;;;;;;1.0;;;;;;;Noise Reduction;Improving soil health can facilitate noise reduction by promoting sustainable land use and reducing emissions from agricultural activities, which can lead to better soil management and fertility, thus creating conditions for a decrease in noise pollution.;;;;;;;;;;;;;;;;;;;;;;;;;;;;;;;;
62;GHG Reduction;;;;;;1.0;;;;;;;Waste Reduction;;Reducing GHG emissions can enable waste reduction by decreasing energy consumption and promoting sustainable practices, which in turn can lead to a decrease in waste generation.;;;;;;;;;;;;;;;;;;;;;;;;;;;;;;;
63;GHG Reduction;;;;;;1.0;;;;;;;Circularity/Recycling;;Implementing GHG reduction targets can facilitate the transition to a circular economy by promoting sustainable consumption and production patterns, which can lead to increased recycling and reuse of materials.;;;;;;;;;;;;;;;;;;;;;;;;;;;;;;;
64;GHG Reduction;;;;;;-1.0;;;;;;;Critical Raw Materials - Extraction & Import;;The extraction and import of critical raw materials required for low-carbon technologies can constrain GHG reduction efforts by generating emissions and environmental impacts associated with extraction and processing.;;;;;;;;;;;;;;;;;;;;;;;;;;;;;;;
65;GHG Reduction - Buildings;;;;;;1.0;;;;;;;Waste Reduction - Municipal Waste;;Improving energy efficiency in buildings can enable waste reduction in municipal waste management by promoting sustainable practices and reducing energy consumption.;;;;;;;;;;;;;;;;;;;;;;;;;;;;;;;
66;GHG Reduction - Transports;;;;;;1.0;;;;;;;Waste Reduction - Food Waste;;Promoting low-emission transportation can facilitate food waste reduction by decreasing energy consumption and promoting sustainable food systems.;;;;;;;;;;;;;;;;;;;;;;;;;;;;;;;
67;GHG Removal;;;;;;-2.0;;;;;;;Waste Reduction;;The implementation of GHG removal targets can counteract waste reduction efforts by generating emissions and environmental impacts associated with the production and use of removal technologies.;;;;;;;;;;;;;;;;;;;;;;;;;;;;;;;
68;Waste Reduction;;;;;;3.0;;;;;;;Circularity/Recycling;;Implementing waste reduction targets can be inextricably linked to the transition to a circular economy, as reducing waste generation and increasing recycling can lead to a significant decrease in emissions and environmental impacts.;;;;;;;;;;;;;;;;;;;;;;;;;;;;;;;
69;Waste Reduction - Municipal Waste;;;;;;3.0;;;;;;;Circularity/Recycling - Municipal Waste;;Reducing municipal waste can be inextricably linked to increasing recycling and reuse of materials, as it enables the transition to a circular economy and promotes sustainable waste management practices.;;;;;;;;;;;;;;;;;;;;;;;;;;;;;;;
70;Waste Reduction - Food Waste;;;;;;1.0;;;;;;;Circularity/Recycling - Textile Waste;;Reducing food waste can facilitate the recycling and reuse of textile waste by promoting sustainable consumption patterns and reducing the environmental impacts associated with textile production.;;;;;;;;;;;;;;;;;;;;;;;;;;;;;;;
71;Waste Reduction - Plastic & Packaging;;;;;;3.0;;;;;;;Circularity/Recycling - Plastic & Packaging;;Reducing plastic waste and increasing recycling can be inextricably linked to the transition to a circular economy, as it enables the reduction of emissions and environmental impacts associated with plastic production and use.;;;;;;;;;;;;;;;;;;;;;;;;;;;;;;;
72;Circularity/Recycling;;;;;;-2.0;;;;;;;Critical Raw Materials - Extraction & Import;;The transition to a circular economy can counteract critical raw material extraction and import by promoting sustainable consumption patterns and reducing waste generation, which can lead to a decrease in demand for primary raw materials.;;;;;;;;;;;;;;;;;;;;;;;;;;;;;;;
73;Critical Raw Materials - Extraction & Import;;;;;;1.0;;;;;;;Net-Zero Technology - Manufacturing;;The extraction and import of critical raw materials can enable the manufacturing of net-zero technologies by providing the necessary materials for their production.;;;;;;;;;;;;;;;;;;;;;;;;;;;;;;;
74;GHG Reduction;;+;1.0;;;;;;;;;;;;;Energy Efficiency - Buildings;The implementation of GHG reduction targets in List A can enable the achievement of energy efficiency targets in buildings in List B, as reducing energy consumption can lower emissions.;;;;;;;;;;;;;;;;;;;;;;;;;;;;;
75;GHG Reduction;;+;1.0;;;;;;;;;;;;;Renewable Energy;The implementation of GHG reduction targets in List A can create conditions for the growth of renewable energy in List B, as a low-carbon energy mix is essential for reducing emissions.;;;;;;;;;;;;;;;;;;;;;;;;;;;;;
76;GHG Reduction;;+;1.0;;;;;;;;;;;;;Renewable Energy - Heating & Cooling;The implementation of GHG reduction targets in List A can facilitate the expansion of renewable energy for heating and cooling in List B, leading to increased energy efficiency and reduced emissions.;;;;;;;;;;;;;;;;;;;;;;;;;;;;;
77;GHG Reduction;;+;1.0;;;;;;;;;;;;;Renewable Energy - Hydrogen Production;The implementation of GHG reduction targets in List A can support the development of renewable hydrogen production in List B, offering a low-carbon alternative to fossil fuels.;;;;;;;;;;;;;;;;;;;;;;;;;;;;;
78;GHG Reduction;;+;1.0;;;;;;;;;;;;;Renewable Energy - Ocean/Offshore;The implementation of GHG reduction targets in List A can aid the growth of offshore renewable energy in List B, contributing to a low-carbon energy mix and reduced emissions.;;;;;;;;;;;;;;;;;;;;;;;;;;;;;
79;GHG Reduction;;+;1.0;;;;;;;;;;;;;Renewable Energy - Solar;The implementation of GHG reduction targets in List A can create an environment conducive to the expansion of solar energy in List B, driving the transition to a low-carbon economy.;;;;;;;;;;;;;;;;;;;;;;;;;;;;;
80;GHG Reduction - Buildings;;+;2.0;;;;;;;;;;;;;Energy Efficiency - Buildings;The implementation of GHG reduction targets in buildings in List A can reinforce the achievement of energy efficiency targets in buildings in List B, promoting the reduction of energy consumption and emissions in the building sector.;;;;;;;;;;;;;;;;;;;;;;;;;;;;;
81;GHG Reduction - Buildings;;+;1.0;;;;;;;;;;;;;Renewable Energy;The implementation of GHG reduction targets in buildings in List A can enable the integration of renewable energy sources in buildings in List B, enhancing energy efficiency and reducing emissions.;;;;;;;;;;;;;;;;;;;;;;;;;;;;;
82;GHG Reduction - Buildings;;+;1.0;;;;;;;;;;;;;Renewable Energy - Heating & Cooling;The implementation of GHG reduction targets in buildings in List A can facilitate the adoption of renewable energy for heating and cooling in List B, leading to increased energy efficiency and reduced emissions.;;;;;;;;;;;;;;;;;;;;;;;;;;;;;
83;GHG Reduction - Buildings;;+;1.0;;;;;;;;;;;;;Renewable Energy - Hydrogen Production;The implementation of GHG reduction targets in buildings in List A can support the development of renewable hydrogen production in List B, offering a low-carbon alternative to fossil fuels for buildings.;;;;;;;;;;;;;;;;;;;;;;;;;;;;;
84;GHG Reduction - Buildings;;+;1.0;;;;;;;;;;;;;Renewable Energy - Ocean/Offshore;The implementation of GHG reduction targets in buildings in List A can aid the growth of offshore renewable energy in List B, contributing to a low-carbon energy mix and reduced emissions in the building sector.;;;;;;;;;;;;;;;;;;;;;;;;;;;;;
85;GHG Reduction - Buildings;;+;1.0;;;;;;;;;;;;;Renewable Energy - Solar;The implementation of GHG reduction targets in buildings in List A can create an environment conducive to the expansion of solar energy in List B, driving the transition to a low-carbon economy in the building sector.;;;;;;;;;;;;;;;;;;;;;;;;;;;;;
86;GHG Reduction - Transports;;+;1.0;;;;;;;;;;;;;Energy Efficiency;The implementation of GHG reduction targets in transport in List A can enable the achievement of energy efficiency targets in List B, as reducing energy consumption in transport can lower emissions.;;;;;;;;;;;;;;;;;;;;;;;;;;;;;
87;GHG Reduction - Transports;;+;1.0;;;;;;;;;;;;;Renewable Energy;The implementation of GHG reduction targets in transport in List A can create conditions for the growth of renewable energy in transport in List B, promoting a low-carbon energy mix and reduced emissions.;;;;;;;;;;;;;;;;;;;;;;;;;;;;;
88;GHG Removal;;+;3.0;;;;;;;;;;;;;GHG Reduction;The implementation of GHG removal targets in List A can be indivisible from the achievement of GHG reduction targets in List B, as both targets aim to reduce net greenhouse gas emissions and promote a low-carbon economy.;;;;;;;;;;;;;;;;;;;;;;;;;;;;;
89;GHG Removal;;+;1.0;;;;;;;;;;;;;Energy Efficiency;The implementation of GHG removal targets in List A can enable the achievement of energy efficiency targets in List B, as reducing energy consumption can lower emissions and remove greenhouse gases from the atmosphere.;;;;;;;;;;;;;;;;;;;;;;;;;;;;;
90;GHG Removal;;+;1.0;;;;;;;;;;;;;Renewable Energy;The implementation of GHG removal targets in List A can create conditions for the growth of renewable energy in List B, offering a low-carbon alternative to fossil fuels and removing greenhouse gases from the atmosphere.;;;;;;;;;;;;;;;;;;;;;;;;;;;;;
91;GHG Reduction;;;;;;2.0;;;;;;;;;;GHG Reduction - Transports;;The implementation of GHG reduction targets in the energy sector can reinforce the achievement of GHG reduction targets in transport by promoting the use of low-carbon fuels and reducing energy consumption.;;;;;;;;;;;;;;;;;;;;;;;;;;;;
92;GHG Reduction;;;;;;1.0;;;;;;;;;;Net-Zero Technology - Road Vehicles;;The implementation of GHG reduction targets can enable the development and deployment of net-zero technology in road vehicles by creating a market for low-carbon fuels and technologies.;;;;;;;;;;;;;;;;;;;;;;;;;;;;
93;GHG Reduction;;;;;;1.0;;;;;;;;;;Biofuels;;The implementation of GHG reduction targets can enable the production and use of biofuels by creating a market for low-carbon fuels and technologies.;;;;;;;;;;;;;;;;;;;;;;;;;;;;
94;GHG Reduction;;;;;;1.0;;;;;;;;;;Other Low-Carbon Fuels;;The implementation of GHG reduction targets can enable the production and use of other low-carbon fuels by creating a market for low-carbon fuels and technologies.;;;;;;;;;;;;;;;;;;;;;;;;;;;;
95;GHG Reduction;;;;;;1.0;;;;;;;;;;Hydrogen Distribution;;The implementation of GHG reduction targets can enable the development and deployment of hydrogen distribution infrastructure by creating a market for low-carbon fuels and technologies.;;;;;;;;;;;;;;;;;;;;;;;;;;;;
96;GHG Reduction;;;;;;1.0;;;;;;;;;;Urban Mobility;;The implementation of GHG reduction targets can enable the development and deployment of urban mobility solutions by creating a market for low-carbon fuels and technologies.;;;;;;;;;;;;;;;;;;;;;;;;;;;;
97;GHG Reduction;;;;;;1.0;;;;;;;;;;Transport Logistics;;The implementation of GHG reduction targets can enable the development and deployment of transport logistics solutions by creating a market for low-carbon fuels and technologies.;;;;;;;;;;;;;;;;;;;;;;;;;;;;
98;GHG Reduction - Buildings;;;;;;2.0;;;;;;;;;;GHG Reduction - Transports;;The implementation of GHG reduction targets in buildings can reinforce the achievement of GHG reduction targets in transport by promoting the use of renewable energy sources and reducing energy consumption.;;;;;;;;;;;;;;;;;;;;;;;;;;;;
99;GHG Reduction - Buildings;;;;;;1.0;;;;;;;;;;Net-Zero Technology - Road Vehicles;;The implementation of GHG reduction targets in buildings can enable the development and deployment of net-zero technology in road vehicles by creating a market for low-carbon fuels and technologies.;;;;;;;;;;;;;;;;;;;;;;;;;;;;
100;GHG Reduction - Buildings;;;;;;1.0;;;;;;;;;;Biofuels;;The implementation of GHG reduction targets in buildings can enable the production and use of biofuels by creating a market for low-carbon fuels and technologies.;;;;;;;;;;;;;;;;;;;;;;;;;;;;
101;GHG Reduction - Buildings;;;;;;1.0;;;;;;;;;;Other Low-Carbon Fuels;;The implementation of GHG reduction targets in buildings can enable the production and use of other low-carbon fuels by creating a market for low-carbon fuels and technologies.;;;;;;;;;;;;;;;;;;;;;;;;;;;;
102;GHG Reduction - Buildings;;;;;;1.0;;;;;;;;;;Hydrogen Distribution;;The implementation of GHG reduction targets in buildings can enable the development and deployment of hydrogen distribution infrastructure by creating a market for low-carbon fuels and technologies.;;;;;;;;;;;;;;;;;;;;;;;;;;;;
103;GHG Reduction - Buildings;;;;;;1.0;;;;;;;;;;Urban Mobility;;The implementation of GHG reduction targets in buildings can enable the development and deployment of urban mobility solutions by creating a market for low-carbon fuels and technologies.;;;;;;;;;;;;;;;;;;;;;;;;;;;;
104;GHG Reduction - Buildings;;;;;;1.0;;;;;;;;;;Transport Logistics;;The implementation of GHG reduction targets in buildings can enable the development and deployment of transport logistics solutions by creating a market for low-carbon fuels and technologies.;;;;;;;;;;;;;;;;;;;;;;;;;;;;
105;GHG Reduction - Transports;;;;;;2.0;;;;;;;;;;Net-Zero Technology - Road Vehicles;;The implementation of GHG reduction targets in transport can reinforce the achievement of net-zero technology targets in road vehicles by promoting the use of low-carbon fuels and reducing energy consumption.;;;;;;;;;;;;;;;;;;;;;;;;;;;;
106;GHG Reduction - Transports;;;;;;1.0;;;;;;;;;;Biofuels;;The implementation of GHG reduction targets in transport can enable the production and use of biofuels by creating a market for low-carbon fuels and technologies.;;;;;;;;;;;;;;;;;;;;;;;;;;;;
107;GHG Reduction - Transports;;;;;;1.0;;;;;;;;;;Other Low-Carbon Fuels;;The implementation of GHG reduction targets in transport can enable the production and use of other low-carbon fuels by creating a market for low-carbon fuels and technologies.;;;;;;;;;;;;;;;;;;;;;;;;;;;;
108;GHG Reduction - Transports;;;;;;1.0;;;;;;;;;;Hydrogen Distribution;;The implementation of GHG reduction targets in transport can enable the development and deployment of hydrogen distribution infrastructure by creating a market for low-carbon fuels and technologies.;;;;;;;;;;;;;;;;;;;;;;;;;;;;
109;GHG Reduction - Transports;;;;;;1.0;;;;;;;;;;Urban Mobility;;The implementation of GHG reduction targets in transport can enable the development and deployment of urban mobility solutions by creating a market for low-carbon fuels and technologies.;;;;;;;;;;;;;;;;;;;;;;;;;;;;
110;GHG Reduction - Transports;;;;;;1.0;;;;;;;;;;Transport Logistics;;The implementation of GHG reduction targets in transport can enable the development and deployment of transport logistics solutions by creating a market for low-carbon fuels and technologies.;;;;;;;;;;;;;;;;;;;;;;;;;;;;
111;Net-Zero Technology - Road Vehicles;;;;;;1.0;;;;;;;;;;Biofuels;;The implementation of net-zero technology targets in road vehicles can enable the production and use of biofuels by creating a market for low-carbon fuels and technologies.;;;;;;;;;;;;;;;;;;;;;;;;;;;;
112;Net-Zero Technology - Road Vehicles;;;;;;1.0;;;;;;;;;;Other Low-Carbon Fuels;;The implementation of net-zero technology targets in road vehicles can enable the production and use of other low-carbon fuels by creating a market for low-carbon fuels and technologies.;;;;;;;;;;;;;;;;;;;;;;;;;;;;
113;Net-Zero Technology - Road Vehicles;;;;;;1.0;;;;;;;;;;Hydrogen Distribution;;The implementation of net-zero technology targets in road vehicles can enable the development and deployment of hydrogen distribution infrastructure by creating a market for low-carbon fuels and technologies.;;;;;;;;;;;;;;;;;;;;;;;;;;;;
114;Net-Zero Technology - Road Vehicles;;;;;;1.0;;;;;;;;;;Urban Mobility;;The implementation of net-zero technology targets in road vehicles can enable the development and deployment of urban mobility solutions by creating a market for low-carbon fuels and technologies.;;;;;;;;;;;;;;;;;;;;;;;;;;;;
115;Net-Zero Technology - Road Vehicles;;;;;;1.0;;;;;;;;;;Transport Logistics;;The implementation of net-zero technology targets in road vehicles can enable the development and deployment of transport logistics solutions by creating a market for low-carbon fuels and technologies.;;;;;;;;;;;;;;;;;;;;;;;;;;;;
116;Biofuels;;;;;;2.0;;;;;;;;;;Other Low-Carbon Fuels;;The implementation of biofuels targets can reinforce the achievement of other low-carbon fuels targets by promoting the use of low-carbon fuels and reducing energy consumption.;;;;;;;;;;;;;;;;;;;;;;;;;;;;
117;Biofuels;;;;;;1.0;;;;;;;;;;Hydrogen Distribution;;The implementation of biofuels targets can enable the development and deployment of hydrogen distribution infrastructure by creating a market for low-carbon fuels and technologies.;;;;;;;;;;;;;;;;;;;;;;;;;;;;
118;Biofuels;;;;;;1.0;;;;;;;;;;Urban Mobility;;The implementation of biofuels targets can enable the development and deployment of urban mobility solutions by creating a market for low-carbon fuels and technologies.;;;;;;;;;;;;;;;;;;;;;;;;;;;;
119;Biofuels;;;;;;1.0;;;;;;;;;;Transport Logistics;;The implementation of biofuels targets can enable the development and deployment of transport logistics solutions by creating a market for low-carbon fuels and technologies.;;;;;;;;;;;;;;;;;;;;;;;;;;;;
120;Other Low-Carbon Fuels;;;;;;1.0;;;;;;;;;;Hydrogen Distribution;;The implementation of other low-carbon fuels targets can enable the development and deployment of hydrogen distribution infrastructure by creating a market for low-carbon fuels and technologies.;;;;;;;;;;;;;;;;;;;;;;;;;;;;
121;Other Low-Carbon Fuels;;;;;;1.0;;;;;;;;;;Urban Mobility;;The implementation of other low-carbon fuels targets can enable the development and deployment of urban mobility solutions by creating a market for low-carbon fuels and technologies.;;;;;;;;;;;;;;;;;;;;;;;;;;;;
122;Other Low-Carbon Fuels;;;;;;1.0;;;;;;;;;;Transport Logistics;;The implementation of other low-carbon fuels targets can enable the development and deployment of transport logistics solutions by creating a market for low-carbon fuels and technologies.;;;;;;;;;;;;;;;;;;;;;;;;;;;;
123;Hydrogen Distribution;;;;;;1.0;;;;;;;;;;Urban Mobility;;The implementation of hydrogen distribution targets can enable the development and deployment of urban mobility solutions by creating a market for low-carbon fuels and technologies.;;;;;;;;;;;;;;;;;;;;;;;;;;;;
124;Hydrogen Distribution;;;;;;1.0;;;;;;;;;;Transport Logistics;;The implementation of hydrogen distribution targets can enable the development and deployment of transport logistics solutions by creating a market for low-carbon fuels and technologies.;;;;;;;;;;;;;;;;;;;;;;;;;;;;
125;Urban Mobility;;;;;;2.0;;;;;;;;;;Transport Logistics;;The implementation of urban mobility targets can reinforce the achievement of transport logistics targets by promoting the use of low-carbon fuels and reducing energy consumption.;;;;;;;;;;;;;;;;;;;;;;;;;;;;
126;GHG Reduction;;+;1.0;;;;;;;;;;;;;;;;Biodiversity Protection & Conservation;Reducing GHG emissions can create conditions that further biodiversity protection by mitigating the impacts of climate change on ecosystems.;;;;;;;;;;;;;;;;;;;;;;;;;;
127;Improve Air Quality;;+;1.0;;;;;;;;;;;;;;;;Terrestrial Ecosystems Restoration;Improving air quality can enable the restoration of terrestrial ecosystems by reducing pollution and creating a healthier environment for ecosystem recovery.;;;;;;;;;;;;;;;;;;;;;;;;;;
128;Improve Air Quality;;+;1.0;;;;;;;;;;;;;;;;Biodiversity Protection & Conservation;Cleaner air can aid biodiversity conservation by reducing the harmful effects of air pollution on ecosystems and species.;;;;;;;;;;;;;;;;;;;;;;;;;;
129;Improve Soils Health;;+;2.0;;;;;;;;;;;;;;;;Terrestrial Ecosystems Restoration;Soil health improvement can reinforce terrestrial ecosystem restoration by enhancing soil fertility and structure, which is essential for ecosystem recovery.;;;;;;;;;;;;;;;;;;;;;;;;;;
130;Improve Soils Health;;+;1.0;;;;;;;;;;;;;;;;Biodiversity Protection & Conservation;Healthy soils can support biodiversity conservation by providing habitat for various species and maintaining ecosystem services.;;;;;;;;;;;;;;;;;;;;;;;;;;
131;Noise Reduction;;+;1.0;;;;;;;;;;;;;;;;Biodiversity Protection & Conservation;Reducing noise pollution can aid biodiversity conservation by minimizing disturbance to wildlife and protecting their habitats.;;;;;;;;;;;;;;;;;;;;;;;;;;
132;Improve Water Quality;;+;2.0;;;;;;;;;;;;;;;;Biodiversity Protection & Conservation;Cleaner water can reinforce biodiversity protection by maintaining healthy aquatic ecosystems and supporting biodiversity.;;;;;;;;;;;;;;;;;;;;;;;;;;
133;Improve Water Quality;;+;1.0;;;;;;;;;;;;;;;;Terrestrial Ecosystems Restoration;Improved water quality can enable terrestrial ecosystem restoration by providing a healthy environment for ecosystem recovery.;;;;;;;;;;;;;;;;;;;;;;;;;;
134;Social Security - Sanitation;;+;1.0;;;;;;;;;;;;;;;;Biodiversity Protection & Conservation;Access to sanitation can support biodiversity conservation by reducing pollution and protecting ecosystems.;;;;;;;;;;;;;;;;;;;;;;;;;;
135;Social Security - Sanitation;;+;1.0;;;;;;;;;;;;;;;;Terrestrial Ecosystems Restoration;Sanitation improvements can aid terrestrial ecosystem restoration by reducing pollution and creating a healthier environment for ecosystem recovery.;;;;;;;;;;;;;;;;;;;;;;;;;;
136;;;;;;;;;GHG Reduction;Food affordability;+;1.0;Implementing GHG reduction targets can enable food affordability by reducing energy costs and increasing energy efficiency in the food production and distribution sectors.;;;;;;;;;;;;;;;;;;;;;;;;;;;;;;;;;;
137;;;;;;;;;GHG Reduction;Food quality;+;1.0;Reducing GHG emissions can lead to improved food quality by promoting sustainable agriculture practices and reducing pollution.;;;;;;;;;;;;;;;;;;;;;;;;;;;;;;;;;;
138;;;;;;;;;GHG Reduction;Pesticides Reduction;+;2.0;Reducing GHG emissions can reinforce pesticides reduction by promoting sustainable agriculture practices and reducing the use of synthetic fertilizers and pesticides.;;;;;;;;;;;;;;;;;;;;;;;;;;;;;;;;;;
139;;;;;;;;;GHG Reduction;Competitive Agriculture;+;2.0;Reducing GHG emissions can reinforce competitive agriculture by promoting sustainable agriculture practices, improving resource efficiency, and enhancing the competitiveness of EU farmers.;;;;;;;;;;;;;;;;;;;;;;;;;;;;;;;;;;
140;;;;;;;;;GHG Reduction;Social Security - Workers Protection;+;1.0;Reducing GHG emissions can enable social security and workers protection by promoting sustainable agriculture practices, improving working conditions, and enhancing the livelihoods of farmers and agricultural workers.;;;;;;;;;;;;;;;;;;;;;;;;;;;;;;;;;;
141;;;;;;;;;Improve Air Quality;Food affordability;+;1.0;Improving air quality can enable food affordability by reducing the negative impacts of air pollution on human health and the environment, and promoting sustainable food production and distribution practices.;;;;;;;;;;;;;;;;;;;;;;;;;;;;;;;;;;
142;;;;;;;;;Improve Air Quality;Food quality;+;1.0;Improving air quality can lead to improved food quality by reducing pollution and promoting sustainable agriculture practices.;;;;;;;;;;;;;;;;;;;;;;;;;;;;;;;;;;
143;;;;;;;;;Improve Air Quality;Pesticides Reduction;+;2.0;Improving air quality can reinforce pesticides reduction by reducing the use of synthetic fertilizers and pesticides, and promoting sustainable agriculture practices.;;;;;;;;;;;;;;;;;;;;;;;;;;;;;;;;;;
144;;;;;;;;;Improve Air Quality;Competitive Agriculture;+;2.0;Improving air quality can reinforce competitive agriculture by promoting sustainable agriculture practices, improving resource efficiency, and enhancing the competitiveness of EU farmers.;;;;;;;;;;;;;;;;;;;;;;;;;;;;;;;;;;
145;;;;;;;;;Improve Air Quality;Social Security - Workers Protection;+;1.0;Improving air quality can enable social security and workers protection by promoting sustainable agriculture practices, improving working conditions, and enhancing the livelihoods of farmers and agricultural workers.;;;;;;;;;;;;;;;;;;;;;;;;;;;;;;;;;;
146;;;;;;;;;Improve Water Quality;Food affordability;+;1.0;Improving water quality can enable food affordability by reducing the negative impacts of water pollution on human health and the environment, and promoting sustainable food production and distribution practices.;;;;;;;;;;;;;;;;;;;;;;;;;;;;;;;;;;
147;;;;;;;;;Improve Water Quality;Food quality;+;1.0;Improving water quality can lead to improved food quality by reducing pollution and promoting sustainable agriculture practices.;;;;;;;;;;;;;;;;;;;;;;;;;;;;;;;;;;
148;;;;;;;;;Improve Water Quality;Pesticides Reduction;+;2.0;Improving water quality can reinforce pesticides reduction by reducing the use of synthetic fertilizers and pesticides, and promoting sustainable agriculture practices.;;;;;;;;;;;;;;;;;;;;;;;;;;;;;;;;;;
149;;;;;;;;;Improve Water Quality;Competitive Agriculture;+;2.0;Improving water quality can reinforce competitive agriculture by promoting sustainable agriculture practices, improving resource efficiency, and enhancing the competitiveness of EU farmers.;;;;;;;;;;;;;;;;;;;;;;;;;;;;;;;;;;
150;;;;;;;;;Improve Water Quality;Social Security - Workers Protection;+;1.0;Improving water quality can enable social security and workers protection by promoting sustainable agriculture practices, improving working conditions, and enhancing the livelihoods of farmers and agricultural workers.;;;;;;;;;;;;;;;;;;;;;;;;;;;;;;;;;;
151;;;;;;;;;Improve Soils Health;Food affordability;+;1.0;Improving soil health can enable food affordability by reducing soil erosion, improving soil fertility, and promoting sustainable agriculture practices.;;;;;;;;;;;;;;;;;;;;;;;;;;;;;;;;;;
152;;;;;;;;;Improve Soils Health;Food quality;+;1.0;Improving soil health can lead to improved food quality by reducing soil pollution and promoting sustainable agriculture practices.;;;;;;;;;;;;;;;;;;;;;;;;;;;;;;;;;;
153;;;;;;;;;Improve Soils Health;Pesticides Reduction;+;2.0;Improving soil health can reinforce pesticides reduction by reducing the use of synthetic fertilizers and pesticides, and promoting sustainable agriculture practices.;;;;;;;;;;;;;;;;;;;;;;;;;;;;;;;;;;
154;;;;;;;;;Improve Soils Health;Competitive Agriculture;+;2.0;Improving soil health can reinforce competitive agriculture by promoting sustainable agriculture practices, improving resource efficiency, and enhancing the competitiveness of EU farmers.;;;;;;;;;;;;;;;;;;;;;;;;;;;;;;;;;;
155;;;;;;;;;Improve Soils Health;Social Security - Workers Protection;+;1.0;Improving soil health can enable social security and workers protection by promoting sustainable agriculture practices, improving working conditions, and enhancing the livelihoods of farmers and agricultural workers.;;;;;;;;;;;;;;;;;;;;;;;;;;;;;;;;;;
156;;;;;;;;;Noise Reduction;Food affordability;-;1.0;Reducing noise pollution can constrain food affordability by increasing food production costs and reducing agricultural productivity.;;;;;;;;;;;;;;;;;;;;;;;;;;;;;;;;;;
157;;;;;;;;;Noise Reduction;Food quality;-;1.0;Reducing noise pollution can lead to reduced food quality by affecting crop yields and reducing the use of machinery in agriculture.;;;;;;;;;;;;;;;;;;;;;;;;;;;;;;;;;;
158;;;;;;;;;Noise Reduction;Pesticides Reduction;-;1.0;Reducing noise pollution can counteract pesticides reduction by increasing the use of pesticides to control pests and diseases in agriculture.;;;;;;;;;;;;;;;;;;;;;;;;;;;;;;;;;;
159;;;;;;;;;Noise Reduction;Competitive Agriculture;-;2.0;Reducing noise pollution can counteract competitive agriculture by increasing production costs, reducing agricultural productivity, and affecting the competitiveness of EU farmers.;;;;;;;;;;;;;;;;;;;;;;;;;;;;;;;;;;
160;;;;;;;;;Noise Reduction;Social Security - Workers Protection;-;1.0;Reducing noise pollution can constrain social security and workers protection by affecting the working conditions and livelihoods of farmers and agricultural workers.;;;;;;;;;;;;;;;;;;;;;;;;;;;;;;;;;;
161;;;;;;;;;Social Security - Sanitation;Food affordability;+;1.0;Improving social security and sanitation can enable food affordability by reducing the negative impacts of poor sanitation on human health and the environment, and promoting sustainable food production and distribution practices.;;;;;;;;;;;;;;;;;;;;;;;;;;;;;;;;;;
162;;;;;;;;;Social Security - Sanitation;Food quality;+;1.0;Improving social security and sanitation can lead to improved food quality by reducing pollution and promoting sustainable agriculture practices.;;;;;;;;;;;;;;;;;;;;;;;;;;;;;;;;;;
163;;;;;;;;;Social Security - Sanitation;Pesticides Reduction;+;2.0;Improving social security and sanitation can reinforce pesticides reduction by reducing the use of synthetic fertilizers and pesticides, and promoting sustainable agriculture practices.;;;;;;;;;;;;;;;;;;;;;;;;;;;;;;;;;;
164;;;;;;;;;Social Security - Sanitation;Competitive Agriculture;+;2.0;Improving social security and sanitation can reinforce competitive agriculture by promoting sustainable agriculture practices, improving resource efficiency, and enhancing the competitiveness of EU farmers.;;;;;;;;;;;;;;;;;;;;;;;;;;;;;;;;;;
165;;;;;;;;;Social Security - Sanitation;Social Security - Workers Protection;+;3.0;Improving social security and sanitation can enable social security and workers protection by promoting sustainable agriculture practices, improving working conditions, and enhancing the livelihoods of farmers and agricultural workers.;;;;;;;;;;;;;;;;;;;;;;;;;;;;;;;;;;
166;;;;;;;;;GHG Reduction;GHG Reduction - Buildings;+;2.0;Implementing GHG reduction targets can reinforce the achievement of GHG reduction targets in buildings by promoting energy-efficient practices and reducing emissions from the building sector.;;;;;;;;;;;;;;;;;;;;;;;;;;;;;;;;;;
167;;;;;;;;;GHG Reduction;GHG Reduction - Transports;+;2.0;Implementing GHG reduction targets can reinforce the achievement of GHG reduction targets in transport by promoting low-carbon fuels and reducing emissions from the transport sector.;;;;;;;;;;;;;;;;;;;;;;;;;;;;;;;;;;
168;;;;;;;;;GHG Reduction;Food affordability;-;1.0;Implementing GHG reduction targets may constrain food affordability by increasing costs for low-income households and affecting food security.;;;;;;;;;;;;;;;;;;;;;;;;;;;;;;;;;;
169;;;;;;;;;GHG Reduction;Pesticides Reduction;+;1.0;Implementing GHG reduction targets can enable the reduction of pesticides by promoting sustainable agricultural practices and reducing emissions from agriculture.;;;;;;;;;;;;;;;;;;;;;;;;;;;;;;;;;;
170;;;;;;;;;GHG Reduction;Competitive Agriculture;+;1.0;Implementing GHG reduction targets can enable competitive agriculture by promoting sustainable agricultural practices and reducing emissions from agriculture.;;;;;;;;;;;;;;;;;;;;;;;;;;;;;;;;;;
171;;;;;;;;;GHG Reduction;Social Security - Workers Protection;+;1.0;Implementing GHG reduction targets can enable social security for workers by promoting sustainable employment and reducing emissions from industry.;;;;;;;;;;;;;;;;;;;;;;;;;;;;;;;;;;
172;;;;;;;;;GHG Reduction - Buildings;GHG Reduction;-;1.0;Implementing GHG reduction targets in buildings may constrain overall GHG reduction by limiting the potential for emissions reduction in other sectors.;;;;;;;;;;;;;;;;;;;;;;;;;;;;;;;;;;
173;;;;;;;;;GHG Reduction - Transports;Food quality;-;1.0;Implementing GHG reduction targets in transport may constrain food quality by affecting the production and distribution of food products.;;;;;;;;;;;;;;;;;;;;;;;;;;;;;;;;;;
174;;;;;;;;;GHG Reduction - Transports;Food affordability;-;1.0;Implementing GHG reduction targets in transport may constrain food affordability by increasing costs for low-income households and affecting food security.;;;;;;;;;;;;;;;;;;;;;;;;;;;;;;;;;;
175;;;;;;;;;GHG Removal;GHG Reduction;+;3.0;Implementing GHG removal targets can reinforce the achievement of GHG reduction targets by promoting carbon sequestration and reducing net emissions.;;;;;;;;;;;;;;;;;;;;;;;;;;;;;;;;;;
176;;;;;;;;;GHG Removal;Food quality;+;1.0;Implementing GHG removal targets can enable food quality by promoting sustainable land use and reducing emissions from agriculture.;;;;;;;;;;;;;;;;;;;;;;;;;;;;;;;;;;
177;;;;;;;;;GHG Removal;Food affordability;-;1.0;Implementing GHG removal targets may constrain food affordability by increasing costs for low-income households and affecting food security.;;;;;;;;;;;;;;;;;;;;;;;;;;;;;;;;;;
178;;;;;;;;;Food quality;GHG Reduction;+;1.0;Implementing food quality targets can enable GHG reduction by promoting sustainable agricultural practices and reducing emissions from agriculture.;;;;;;;;;;;;;;;;;;;;;;;;;;;;;;;;;;
179;;;;;;;;;Food quality;GHG Reduction - Buildings;+;1.0;Implementing food quality targets can enable GHG reduction in buildings by promoting sustainable food systems and reducing emissions from the food sector.;;;;;;;;;;;;;;;;;;;;;;;;;;;;;;;;;;
180;;;;;;;;;Food quality;Food affordability;-;1.0;Implementing food quality targets may constrain food affordability by increasing costs for low-income households and affecting food security.;;;;;;;;;;;;;;;;;;;;;;;;;;;;;;;;;;
181;;;;;;;;;Food affordability;GHG Reduction;-;1.0;Implementing food affordability targets may constrain GHG reduction by limiting the potential for emissions reduction in the food sector.;;;;;;;;;;;;;;;;;;;;;;;;;;;;;;;;;;
182;;;;;;;;;Food affordability;GHG Reduction - Buildings;-;1.0;Implementing food affordability targets may constrain GHG reduction in buildings by affecting the production and distribution of food products.;;;;;;;;;;;;;;;;;;;;;;;;;;;;;;;;;;
183;;;;;;;;;Pesticides Reduction;GHG Reduction;+;1.0;Implementing pesticides reduction targets can enable GHG reduction by promoting sustainable agricultural practices and reducing emissions from agriculture.;;;;;;;;;;;;;;;;;;;;;;;;;;;;;;;;;;
184;;;;;;;;;Pesticides Reduction;Food quality;+;2.0;Implementing pesticides reduction targets can enable food quality by reducing the use of harmful pesticides and promoting sustainable agricultural practices.;;;;;;;;;;;;;;;;;;;;;;;;;;;;;;;;;;
185;;;;;;;;;Pesticides Reduction;Food affordability;-;1.0;Implementing pesticides reduction targets may constrain food affordability by increasing costs for low-income households and affecting food security.;;;;;;;;;;;;;;;;;;;;;;;;;;;;;;;;;;
186;;;;;;;;;Competitive Agriculture;GHG Reduction;+;1.0;Implementing competitive agriculture targets can enable GHG reduction by promoting sustainable agricultural practices and reducing emissions from agriculture.;;;;;;;;;;;;;;;;;;;;;;;;;;;;;;;;;;
187;;;;;;;;;Competitive Agriculture;Food quality;+;1.0;Implementing competitive agriculture targets can enable food quality by promoting sustainable agricultural practices and reducing emissions from agriculture.;;;;;;;;;;;;;;;;;;;;;;;;;;;;;;;;;;
188;;;;;;;;;Competitive Agriculture;Food affordability;-;1.0;Implementing competitive agriculture targets may constrain food affordability by increasing costs for low-income households and affecting food security.;;;;;;;;;;;;;;;;;;;;;;;;;;;;;;;;;;
189;;;;;;;;;Social Security - Workers Protection;GHG Reduction;+;1.0;Implementing social security targets can enable GHG reduction by promoting sustainable employment and reducing emissions from industry.;;;;;;;;;;;;;;;;;;;;;;;;;;;;;;;;;;
190;;;;;;;;;Social Security - Workers Protection;Food quality;+;1.0;Implementing social security targets can enable food quality by promoting sustainable food systems and reducing emissions from the food sector.;;;;;;;;;;;;;;;;;;;;;;;;;;;;;;;;;;
191;;;;;;;;;GHG Reduction;Food affordability;+;1.0;Implementing GHG reduction targets can lead to increased food prices, affecting food affordability.;;;;;;;;;;;;;;;;;;;;;;;;;;;;;;;;;;
192;;;;;;;;;GHG Reduction;Food affordability;-;1.0;Reducing GHG emissions can lead to increased energy costs, affecting food affordability.;;;;;;;;;;;;;;;;;;;;;;;;;;;;;;;;;;
193;;;;;;;;;GHG Reduction;Pesticides Reduction;+;2.0;Reducing GHG emissions can lead to the adoption of more sustainable agricultural practices, reducing the use of pesticides.;;;;;;;;;;;;;;;;;;;;;;;;;;;;;;;;;;
194;;;;;;;;;GHG Reduction;Competitive Agriculture;+;1.0;Reducing GHG emissions can lead to increased investments in sustainable agriculture, enhancing competitiveness.;;;;;;;;;;;;;;;;;;;;;;;;;;;;;;;;;;
195;;;;;;;;;GHG Reduction;Social Security - Workers Protection;+;1.0;Reducing GHG emissions can lead to the creation of new job opportunities in the renewable energy sector, enhancing social security.;;;;;;;;;;;;;;;;;;;;;;;;;;;;;;;;;;
196;;;;;;;;;Food quality;Food affordability;+;1.0;Improving food quality can lead to increased food prices, affecting food affordability.;;;;;;;;;;;;;;;;;;;;;;;;;;;;;;;;;;
197;;;;;;;;;Food quality;Pesticides Reduction;+;2.0;Improving food quality can lead to the adoption of more sustainable agricultural practices, reducing the use of pesticides.;;;;;;;;;;;;;;;;;;;;;;;;;;;;;;;;;;
198;;;;;;;;;Food quality;Competitive Agriculture;+;1.0;Improving food quality can lead to increased investments in sustainable agriculture, enhancing competitiveness.;;;;;;;;;;;;;;;;;;;;;;;;;;;;;;;;;;
199;;;;;;;;;Food quality;Social Security - Workers Protection;+;1.0;Improving food quality can lead to the creation of new job opportunities in the food sector, enhancing social security.;;;;;;;;;;;;;;;;;;;;;;;;;;;;;;;;;;
200;;;;;;;;;Food quality - Animal Welfare;Food affordability;+;1.0;Improving animal welfare can lead to increased food prices, affecting food affordability.;;;;;;;;;;;;;;;;;;;;;;;;;;;;;;;;;;
201;;;;;;;;;Food quality - Animal Welfare;Pesticides Reduction;+;2.0;Improving animal welfare can lead to the adoption of more sustainable agricultural practices, reducing the use of pesticides.;;;;;;;;;;;;;;;;;;;;;;;;;;;;;;;;;;
202;;;;;;;;;Food quality - Animal Welfare;Competitive Agriculture;+;1.0;Improving animal welfare can lead to increased investments in sustainable agriculture, enhancing competitiveness.;;;;;;;;;;;;;;;;;;;;;;;;;;;;;;;;;;
203;;;;;;;;;Food quality - Animal Welfare;Social Security - Workers Protection;+;1.0;Improving animal welfare can lead to the creation of new job opportunities in the animal welfare sector, enhancing social security.;;;;;;;;;;;;;;;;;;;;;;;;;;;;;;;;;;
204;;;;;;;;;Food quality - Healthy Food;Food affordability;+;1.0;Promoting healthy food can lead to increased food prices, affecting food affordability.;;;;;;;;;;;;;;;;;;;;;;;;;;;;;;;;;;
205;;;;;;;;;Food quality - Healthy Food;Pesticides Reduction;+;2.0;Promoting healthy food can lead to the adoption of more sustainable agricultural practices, reducing the use of pesticides.;;;;;;;;;;;;;;;;;;;;;;;;;;;;;;;;;;
206;;;;;;;;;Food quality - Healthy Food;Competitive Agriculture;+;1.0;Promoting healthy food can lead to increased investments in sustainable agriculture, enhancing competitiveness.;;;;;;;;;;;;;;;;;;;;;;;;;;;;;;;;;;
207;;;;;;;;;Food quality - Healthy Food;Social Security - Workers Protection;+;1.0;Promoting healthy food can lead to the creation of new job opportunities in the health sector, enhancing social security.;;;;;;;;;;;;;;;;;;;;;;;;;;;;;;;;;;
208;;;;;;;;;Food affordability;Pesticides Reduction;+;1.0;Reducing food waste can lead to the adoption of more sustainable agricultural practices, reducing the use of pesticides.;;;;;;;;;;;;;;;;;;;;;;;;;;;;;;;;;;
209;;;;;;;;;Food affordability;Competitive Agriculture;+;1.0;Reducing food waste can lead to increased investments in sustainable agriculture, enhancing competitiveness.;;;;;;;;;;;;;;;;;;;;;;;;;;;;;;;;;;
210;;;;;;;;;Food affordability;Social Security - Workers Protection;+;1.0;Reducing food waste can lead to the creation of new job opportunities in the food sector, enhancing social security.;;;;;;;;;;;;;;;;;;;;;;;;;;;;;;;;;;
211;;;;;;;;;Pesticides Reduction;Competitive Agriculture;+;2.0;Reducing pesticide use can lead to increased investments in sustainable agriculture, enhancing competitiveness.;;;;;;;;;;;;;;;;;;;;;;;;;;;;;;;;;;
212;;;;;;;;;Pesticides Reduction;Social Security - Workers Protection;+;1.0;Reducing pesticide use can lead to the creation of new job opportunities in the sustainable agriculture sector, enhancing social security.;;;;;;;;;;;;;;;;;;;;;;;;;;;;;;;;;;
213;;;;;;;;;Competitive Agriculture;Social Security - Workers Protection;+;1.0;Enhancing competitiveness can lead to the creation of new job opportunities in the agriculture sector, enhancing social security.;;;;;;;;;;;;;;;;;;;;;;;;;;;;;;;;;;
214;;;;;;;;;Social Security - Workers Protection;Food affordability;+;1.0;Improving social security can lead to increased food affordability, as workers can afford more food.;;;;;;;;;;;;;;;;;;;;;;;;;;;;;;;;;;
215;;;;;;;;;Rail;Net-Zero Technology - Road Vehicles;+;2.0;Developing rail transport can lead to the adoption of net-zero technologies in road vehicles, enhancing sustainability.;;;;;;;;;;;;;;;;;;;;;;;;;;;;;;;;;;
216;;;;;;;;;Rail;Net-Zero Technology - Maritime Transport;+;1.0;Developing rail transport can lead to increased investments in sustainable maritime transport, enhancing sustainability.;;;;;;;;;;;;;;;;;;;;;;;;;;;;;;;;;;
217;;;;;;;;;Rail;Net-Zero Technology - Aviation;+;1.0;Developing rail transport can lead to increased investments in sustainable aviation, enhancing sustainability.;;;;;;;;;;;;;;;;;;;;;;;;;;;;;;;;;;
218;;;;;;;;;Biofuels;Net-Zero Technology - Road Vehicles;+;2.0;Developing biofuels can lead to the adoption of net-zero technologies in road vehicles, enhancing sustainability.;;;;;;;;;;;;;;;;;;;;;;;;;;;;;;;;;;
219;;;;;;;;;Biofuels;Net-Zero Technology - Maritime Transport;+;1.0;Developing biofuels can lead to increased investments in sustainable maritime transport, enhancing sustainability.;;;;;;;;;;;;;;;;;;;;;;;;;;;;;;;;;;
220;;;;;;;;;Biofuels;Net-Zero Technology - Aviation;+;1.0;Developing biofuels can lead to increased investments in sustainable aviation, enhancing sustainability.;;;;;;;;;;;;;;;;;;;;;;;;;;;;;;;;;;
221;;;;;;;;;Other Low-Carbon Fuels;Net-Zero Technology - Road Vehicles;+;2.0;Developing other low-carbon fuels can lead to the adoption of net-zero technologies in road vehicles, enhancing sustainability.;;;;;;;;;;;;;;;;;;;;;;;;;;;;;;;;;;
222;;;;;;;;;Other Low-Carbon Fuels;Net-Zero Technology - Maritime Transport;+;1.0;Developing other low-carbon fuels can lead to increased investments in sustainable maritime transport, enhancing sustainability.;;;;;;;;;;;;;;;;;;;;;;;;;;;;;;;;;;
223;;;;;;;;;Other Low-Carbon Fuels;Net-Zero Technology - Aviation;+;1.0;Developing other low-carbon fuels can lead to increased investments in sustainable aviation, enhancing sustainability.;;;;;;;;;;;;;;;;;;;;;;;;;;;;;;;;;;
224;;;;;;;;;Hydrogen Distribution;Net-Zero Technology - Road Vehicles;+;2.0;Developing hydrogen distribution can lead to the adoption of net-zero technologies in road vehicles, enhancing sustainability.;;;;;;;;;;;;;;;;;;;;;;;;;;;;;;;;;;
225;;;;;;;;;Hydrogen Distribution;Net-Zero Technology - Maritime Transport;+;1.0;Developing hydrogen distribution can lead to increased investments in sustainable maritime transport, enhancing sustainability.;;;;;;;;;;;;;;;;;;;;;;;;;;;;;;;;;;
226;;;;;;;;;Hydrogen Distribution;Net-Zero Technology - Aviation;+;1.0;Developing hydrogen distribution can lead to increased investments in sustainable aviation, enhancing sustainability.;;;;;;;;;;;;;;;;;;;;;;;;;;;;;;;;;;
227;;;;;;;;;Urban Mobility;Net-Zero Technology - Road Vehicles;+;2.0;Developing urban mobility can lead to the adoption of net-zero technologies in road vehicles, enhancing sustainability.;;;;;;;;;;;;;;;;;;;;;;;;;;;;;;;;;;
228;;;;;;;;;Urban Mobility;Net-Zero Technology - Maritime Transport;+;1.0;Developing urban mobility can lead to increased investments in sustainable maritime transport, enhancing sustainability.;;;;;;;;;;;;;;;;;;;;;;;;;;;;;;;;;;
229;;;;;;;;;Urban Mobility;Net-Zero Technology - Aviation;+;1.0;Developing urban mobility can lead to increased investments in sustainable aviation, enhancing sustainability.;;;;;;;;;;;;;;;;;;;;;;;;;;;;;;;;;;
230;;;;;;;;;Transport Logistics;Net-Zero Technology - Road Vehicles;+;2.0;Developing transport logistics can lead to the adoption of net-zero technologies in road vehicles, enhancing sustainability.;;;;;;;;;;;;;;;;;;;;;;;;;;;;;;;;;;
231;;;;;;;;;Transport Logistics;Net-Zero Technology - Maritime Transport;+;1.0;Developing transport logistics can lead to increased investments in sustainable maritime transport, enhancing sustainability.;;;;;;;;;;;;;;;;;;;;;;;;;;;;;;;;;;
232;;;;;;;;;Transport Logistics;Net-Zero Technology - Aviation;+;1.0;Developing transport logistics can lead to increased investments in sustainable aviation, enhancing sustainability.;;;;;;;;;;;;;;;;;;;;;;;;;;;;;;;;;;
233;GHG Reduction;;+;1.0;;;;;;;;;;;;;;;;Terrestrial Ecosystems Restoration - Agricultural Ecosystems;;Reducing GHG emissions can create conditions that further the restoration of agricultural ecosystems, as it can lead to improved soil health and fertility.;;;;;;;;;;;;;;;;;;;;;;;;;
234;GHG Reduction;;+;1.0;;;;;;;;;;;;;;;;Terrestrial Ecosystems Restoration - Forests;;The implementation of GHG reduction targets can enable the restoration of forests, as it can lead to improved air quality and reduced pollution, which can enhance forest ecosystem services.;;;;;;;;;;;;;;;;;;;;;;;;;
235;GHG Reduction;;+;1.0;;;;;;;;;;;;;;;;Marine Ecosystem Restoration;;Reducing GHG emissions can create conditions that further the restoration of marine ecosystems, as it can lead to improved water quality and reduced pollution.;;;;;;;;;;;;;;;;;;;;;;;;;
236;GHG Reduction;;+;2.0;;;;;;;;;;;;;;;;Biodiversity Protection & Conservation;;The implementation of GHG reduction targets can reinforce the protection and conservation of biodiversity, as reducing GHG emissions can lead to improved ecosystem health and resilience.;;;;;;;;;;;;;;;;;;;;;;;;;
237;GHG Reduction;;+;1.0;;;;;;;;;;;;;;;;Biodiversity Protection & Conservation - Fisheries;;Reducing GHG emissions can create conditions that further the protection and conservation of fisheries, as it can lead to improved water quality and reduced pollution.;;;;;;;;;;;;;;;;;;;;;;;;;
238;GHG Reduction;;+;1.0;;;;;;;;;;;;;;;;Biodiversity Protection & Conservation - Monitoring;;The implementation of GHG reduction targets can enable the monitoring of biodiversity, as it can lead to improved data collection and analysis.;;;;;;;;;;;;;;;;;;;;;;;;;
239;GHG Reduction;;+;1.0;;;;;;;;;;;;;;;;Biodiversity Protection & Conservation - Urban Nature;;Reducing GHG emissions can create conditions that further the protection and conservation of urban nature, as it can lead to improved air quality and reduced pollution.;;;;;;;;;;;;;;;;;;;;;;;;;
240;Terrestrial Ecosystems Restoration;;+;1.0;;;;;;;;;;;;;;;;Net-Zero Technology - Road Vehicles;;The restoration of terrestrial ecosystems can create conditions that further the development and deployment of net-zero technology in road vehicles, as it can lead to improved air quality and reduced pollution.;;;;;;;;;;;;;;;;;;;;;;;;;
241;Terrestrial Ecosystems Restoration;;+;1.0;;;;;;;;;;;;;;;;Biofuels;;The restoration of terrestrial ecosystems can reinforce the production and use of biofuels, as it can lead to improved biomass production and reduced GHG emissions.;;;;;;;;;;;;;;;;;;;;;;;;;
242;Terrestrial Ecosystems Restoration;;+;1.0;;;;;;;;;;;;;;;;Other Low-Carbon Fuels;;The restoration of terrestrial ecosystems can create conditions that further the production and use of other low-carbon fuels, as it can lead to improved biomass production and reduced GHG emissions.;;;;;;;;;;;;;;;;;;;;;;;;;
243;Terrestrial Ecosystems Restoration;;+;1.0;;;;;;;;;;;;;;;;Hydrogen Distribution;;The restoration of terrestrial ecosystems can enable the distribution of hydrogen, as it can lead to improved energy efficiency and reduced GHG emissions.;;;;;;;;;;;;;;;;;;;;;;;;;
244;Terrestrial Ecosystems Restoration;;+;1.0;;;;;;;;;;;;;;;;Urban Mobility;;The restoration of terrestrial ecosystems can create conditions that further urban mobility, as it can lead to improved air quality and reduced pollution.;;;;;;;;;;;;;;;;;;;;;;;;;
245;Terrestrial Ecosystems Restoration;;+;1.0;;;;;;;;;;;;;;;;Transport Logistics;;The restoration of terrestrial ecosystems can reinforce the development of sustainable transport logistics, as it can lead to improved biomass production and reduced GHG emissions.;;;;;;;;;;;;;;;;;;;;;;;;;
246;Marine Ecosystem Restoration;;+;1.0;;;;;;;;;;;;;;;;Net-Zero Technology - Maritime Transport;;The restoration of marine ecosystems can create conditions that further the development and deployment of net-zero technology in maritime transport, as it can lead to improved water quality and reduced pollution.;;;;;;;;;;;;;;;;;;;;;;;;;
247;Marine Ecosystem Restoration;;+;1.0;;;;;;;;;;;;;;;;Biofuels;;The restoration of marine ecosystems can reinforce the production and use of biofuels, as it can lead to improved biomass production and reduced GHG emissions.;;;;;;;;;;;;;;;;;;;;;;;;;
248;Marine Ecosystem Restoration;;+;1.0;;;;;;;;;;;;;;;;Other Low-Carbon Fuels;;The restoration of marine ecosystems can create conditions that further the production and use of other low-carbon fuels, as it can lead to improved biomass production and reduced GHG emissions.;;;;;;;;;;;;;;;;;;;;;;;;;
249;Marine Ecosystem Restoration;;+;1.0;;;;;;;;;;;;;;;;Hydrogen Distribution;;The restoration of marine ecosystems can enable the distribution of hydrogen, as it can lead to improved energy efficiency and reduced GHG emissions.;;;;;;;;;;;;;;;;;;;;;;;;;
250;Marine Ecosystem Restoration;;+;1.0;;;;;;;;;;;;;;;;Urban Mobility;;The restoration of marine ecosystems can create conditions that further urban mobility, as it can lead to improved water quality and reduced pollution.;;;;;;;;;;;;;;;;;;;;;;;;;
251;Marine Ecosystem Restoration;;+;1.0;;;;;;;;;;;;;;;;Transport Logistics;;The restoration of marine ecosystems can reinforce the development of sustainable transport logistics, as it can lead to improved biomass production and reduced GHG emissions.;;;;;;;;;;;;;;;;;;;;;;;;;
252;Biodiversity Protection & Conservation;;+;1.0;;;;;;;;;;;;;;;;Net-Zero Technology - Road Vehicles;;The protection and conservation of biodiversity can create conditions that further the development and deployment of net-zero technology in road vehicles, as it can lead to improved air quality and reduced pollution.;;;;;;;;;;;;;;;;;;;;;;;;;
253;Biodiversity Protection & Conservation;;+;1.0;;;;;;;;;;;;;;;;Biofuels;;The protection and conservation of biodiversity can reinforce the production and use of biofuels, as it can lead to improved biomass production and reduced GHG emissions.;;;;;;;;;;;;;;;;;;;;;;;;;
254;Biodiversity Protection & Conservation;;+;1.0;;;;;;;;;;;;;;;;Other Low-Carbon Fuels;;The protection and conservation of biodiversity can create conditions that further the production and use of other low-carbon fuels, as it can lead to improved biomass production and reduced GHG emissions.;;;;;;;;;;;;;;;;;;;;;;;;;
255;Biodiversity Protection & Conservation;;+;1.0;;;;;;;;;;;;;;;;Hydrogen Distribution;;The protection and conservation of biodiversity can enable the distribution of hydrogen, as it can lead to improved energy efficiency and reduced GHG emissions.;;;;;;;;;;;;;;;;;;;;;;;;;
256;Biodiversity Protection & Conservation;;+;1.0;;;;;;;;;;;;;;;;Urban Mobility;;The protection and conservation of biodiversity can create conditions that further urban mobility, as it can lead to improved air quality and reduced pollution.;;;;;;;;;;;;;;;;;;;;;;;;;
257;Biodiversity Protection & Conservation;;+;1.0;;;;;;;;;;;;;;;;Transport Logistics;;The protection and conservation of biodiversity can reinforce the development of sustainable transport logistics, as it can lead to improved biomass production and reduced GHG emissions.;;;;;;;;;;;;;;;;;;;;;;;;;
258;Biodiversity Protection & Conservation - Fisheries;;+;1.0;;;;;;;;;;;;;;;;Net-Zero Technology - Maritime Transport;;The protection and conservation of fisheries can create conditions that further the development and deployment of net-zero technology in maritime transport, as it can lead to improved water quality and reduced pollution.;;;;;;;;;;;;;;;;;;;;;;;;;
259;Biodiversity Protection & Conservation - Fisheries;;+;1.0;;;;;;;;;;;;;;;;Biofuels;;The protection and conservation of fisheries can reinforce the production and use of biofuels, as it can lead to improved biomass production and reduced GHG emissions.;;;;;;;;;;;;;;;;;;;;;;;;;
260;Biodiversity Protection & Conservation - Fisheries;;+;1.0;;;;;;;;;;;;;;;;Other Low-Carbon Fuels;;The protection and conservation of fisheries can create conditions that further the production and use of other low-carbon fuels, as it can lead to improved biomass production and reduced GHG emissions.;;;;;;;;;;;;;;;;;;;;;;;;;
261;Biodiversity Protection & Conservation - Fisheries;;+;1.0;;;;;;;;;;;;;;;;Hydrogen Distribution;;The protection and conservation of fisheries can enable the distribution of hydrogen, as it can lead to improved energy efficiency and reduced GHG emissions.;;;;;;;;;;;;;;;;;;;;;;;;;
262;Biodiversity Protection & Conservation - Fisheries;;+;1.0;;;;;;;;;;;;;;;;Urban Mobility;;The protection and conservation of fisheries can create conditions that further urban mobility, as it can lead to improved water quality and reduced pollution.;;;;;;;;;;;;;;;;;;;;;;;;;
263;Biodiversity Protection & Conservation - Fisheries;;+;1.0;;;;;;;;;;;;;;;;Transport Logistics;;The protection and conservation of fisheries can reinforce the development of sustainable transport logistics, as it can lead to improved biomass production and reduced GHG emissions.;;;;;;;;;;;;;;;;;;;;;;;;;
264;Biodiversity Protection & Conservation - Monitoring;;+;1.0;;;;;;;;;;;;;;;;Net-Zero Technology - Road Vehicles;;The monitoring of biodiversity can create conditions that further the development and deployment of net-zero technology in road vehicles, as it can lead to improved air quality and reduced pollution.;;;;;;;;;;;;;;;;;;;;;;;;;
265;Biodiversity Protection & Conservation - Monitoring;;+;1.0;;;;;;;;;;;;;;;;Biofuels;;The monitoring of biodiversity can reinforce the production and use of biofuels, as it can lead to improved biomass production and reduced GHG emissions.;;;;;;;;;;;;;;;;;;;;;;;;;
266;Biodiversity Protection & Conservation - Monitoring;;+;1.0;;;;;;;;;;;;;;;;Other Low-Carbon Fuels;;The monitoring of biodiversity can create conditions that further the production and use of other low-carbon fuels, as it can lead to improved biomass production and reduced GHG emissions.;;;;;;;;;;;;;;;;;;;;;;;;;
267;Biodiversity Protection & Conservation - Monitoring;;+;1.0;;;;;;;;;;;;;;;;Hydrogen Distribution;;The monitoring of biodiversity can enable the distribution of hydrogen, as it can lead to improved energy efficiency and reduced GHG emissions.;;;;;;;;;;;;;;;;;;;;;;;;;
268;Biodiversity Protection & Conservation - Monitoring;;+;1.0;;;;;;;;;;;;;;;;Urban Mobility;;The monitoring of biodiversity can create conditions that further urban mobility, as it can lead to improved air quality and reduced pollution.;;;;;;;;;;;;;;;;;;;;;;;;;
269;Biodiversity Protection & Conservation - Monitoring;;+;1.0;;;;;;;;;;;;;;;;Transport Logistics;;The monitoring of biodiversity can reinforce the development of sustainable transport logistics, as it can lead to improved biomass production and reduced GHG emissions.;;;;;;;;;;;;;;;;;;;;;;;;;
270;Biodiversity Protection & Conservation - Urban Nature;;+;1.0;;;;;;;;;;;;;;;;Net-Zero Technology - Road Vehicles;;The protection and conservation of urban nature can create conditions that further the development and deployment of net-zero technology in road vehicles, as it can lead to improved air quality and reduced pollution.;;;;;;;;;;;;;;;;;;;;;;;;;
271;Biodiversity Protection & Conservation - Urban Nature;;+;1.0;;;;;;;;;;;;;;;;Biofuels;;The protection and conservation of urban nature can reinforce the production and use of biofuels, as it can lead to improved biomass production and reduced GHG emissions.;;;;;;;;;;;;;;;;;;;;;;;;;
272;Biodiversity Protection & Conservation - Urban Nature;;+;1.0;;;;;;;;;;;;;;;;Other Low-Carbon Fuels;;The protection and conservation of urban nature can create conditions that further the production and use of other low-carbon fuels, as it can lead to improved biomass production and reduced GHG emissions.;;;;;;;;;;;;;;;;;;;;;;;;;
273;Biodiversity Protection & Conservation - Urban Nature;;+;1.0;;;;;;;;;;;;;;;;Hydrogen Distribution;;The protection and conservation of urban nature can enable the distribution of hydrogen, as it can lead to improved energy efficiency and reduced GHG emissions.;;;;;;;;;;;;;;;;;;;;;;;;;
274;Biodiversity Protection & Conservation - Urban Nature;;+;1.0;;;;;;;;;;;;;;;;Urban Mobility;;The protection and conservation of urban nature can create conditions that further urban mobility, as it can lead to improved air quality and reduced pollution.;;;;;;;;;;;;;;;;;;;;;;;;;
275;Biodiversity Protection & Conservation - Urban Nature;;+;1.0;;;;;;;;;;;;;;;;Transport Logistics;;The protection and conservation of urban nature can reinforce the development of sustainable transport logistics, as it can lead to improved biomass production and reduced GHG emissions.;;;;;;;;;;;;;;;;;;;;;;;;;
276;GHG Reduction;;;;;;2.0;;;;;;;;;;;;;;;;Circularity/Recycling;The implementation of GHG reduction targets can reinforce circular economy and recycling efforts by promoting sustainable consumption and production patterns.;;;;;;;;;;;;;;;;;;;;;;;
277;GHG Reduction;;;;;;-1.0;;;;;;;;;;;;;;;;Critical Raw Materials - Extraction & Import;The implementation of GHG reduction targets may constrain the extraction and import of critical raw materials, potentially limiting the availability of resources for key technologies.;;;;;;;;;;;;;;;;;;;;;;;
278;GHG Reduction;;;;;;1.0;;;;;;;;;;;;;;;;Net-Zero Technology - Manufacturing;The implementation of GHG reduction targets can enable the development and manufacturing of net-zero technologies, creating conditions for their deployment.;;;;;;;;;;;;;;;;;;;;;;;
279;Terrestrial Ecosystems Restoration;;;;;;1.0;;;;;;;;;;;;;;;;Waste Reduction;The restoration of terrestrial ecosystems can create conditions for waste reduction efforts by promoting sustainable land use and reducing waste generation.;;;;;;;;;;;;;;;;;;;;;;;
280;Terrestrial Ecosystems Restoration;;;;;;1.0;;;;;;;;;;;;;;;;Circularity/Recycling;The restoration of terrestrial ecosystems can create conditions for circular economy and recycling efforts by promoting sustainable land use and reducing waste generation.;;;;;;;;;;;;;;;;;;;;;;;
281;Terrestrial Ecosystems Restoration;;;;;;-2.0;;;;;;;;;;;;;;;;Critical Raw Materials - Extraction & Import;The restoration of terrestrial ecosystems may counteract the extraction and import of critical raw materials, potentially limiting the availability of resources for key technologies.;;;;;;;;;;;;;;;;;;;;;;;
282;Terrestrial Ecosystems Restoration;;;;;;1.0;;;;;;;;;;;;;;;;Net-Zero Technology - Manufacturing;The restoration of terrestrial ecosystems can enable the development and manufacturing of net-zero technologies, creating conditions for their deployment.;;;;;;;;;;;;;;;;;;;;;;;
283;Biodiversity Protection & Conservation;;;;;;2.0;;;;;;;;;;;;;;;;Waste Reduction;The protection and conservation of biodiversity can reinforce waste reduction efforts by promoting sustainable consumption and production patterns and reducing waste generation.;;;;;;;;;;;;;;;;;;;;;;;
284;Biodiversity Protection & Conservation;;;;;;2.0;;;;;;;;;;;;;;;;Circularity/Recycling;The protection and conservation of biodiversity can reinforce circular economy and recycling efforts by promoting sustainable consumption and production patterns.;;;;;;;;;;;;;;;;;;;;;;;
285;Biodiversity Protection & Conservation;;;;;;-1.0;;;;;;;;;;;;;;;;Critical Raw Materials - Extraction & Import;The protection and conservation of biodiversity may constrain the extraction and import of critical raw materials, potentially limiting the availability of resources for key technologies.;;;;;;;;;;;;;;;;;;;;;;;
286;Biodiversity Protection & Conservation;;;;;;1.0;;;;;;;;;;;;;;;;Net-Zero Technology - Manufacturing;The protection and conservation of biodiversity can enable the development and manufacturing of net-zero technologies, creating conditions for their deployment.;;;;;;;;;;;;;;;;;;;;;;;
287;Waste Reduction;;;;;;3.0;;;;;;;;;;;;;;;;Circularity/Recycling;The reduction of waste can be inextricably linked to the implementation of circular economy and recycling measures, as reducing waste generation is a key component of a circular economy.;;;;;;;;;;;;;;;;;;;;;;;
288;Waste Reduction;;;;;;-2.0;;;;;;;;;;;;;;;;Critical Raw Materials - Extraction & Import;The reduction of waste may counteract the extraction and import of critical raw materials, potentially limiting the availability of resources for key technologies.;;;;;;;;;;;;;;;;;;;;;;;
289;Waste Reduction;;;;;;1.0;;;;;;;;;;;;;;;;Net-Zero Technology - Manufacturing;The reduction of waste can enable the development and manufacturing of net-zero technologies, creating conditions for their deployment.;;;;;;;;;;;;;;;;;;;;;;;
290;Circularity/Recycling;;;;;;-1.0;;;;;;;;;;;;;;;;Critical Raw Materials - Extraction & Import;The implementation of circular economy and recycling measures may constrain the extraction and import of critical raw materials, potentially limiting the availability of resources for key technologies.;;;;;;;;;;;;;;;;;;;;;;;
291;Circularity/Recycling;;;;;;1.0;;;;;;;;;;;;;;;;Net-Zero Technology - Manufacturing;The implementation of circular economy and recycling measures can enable the development and manufacturing of net-zero technologies, creating conditions for their deployment.;;;;;;;;;;;;;;;;;;;;;;;
292;Critical Raw Materials - Extraction & Import;;;;;;-3.0;;;;;;;;;;;;;;;;Net-Zero Technology - Manufacturing;The extraction and import of critical raw materials may make it impossible to reach net-zero technology manufacturing targets, as the availability of resources may be limited.;;;;;;;;;;;;;;;;;;;;;;;
293;;;;;;;;;GHG Reduction;Food affordability;+;1.0;Implementing GHG reduction targets can lead to increased food prices, affecting food affordability.;;;;;;;;;;;;;;;;;;;;;;;;;;;;;;;;;;
294;;;;;;;;;GHG Reduction;Food quality;+;1.0;Reducing GHG emissions can lead to changes in agricultural practices, potentially affecting food quality.;;;;;;;;;;;;;;;;;;;;;;;;;;;;;;;;;;
295;;;;;;;;;GHG Reduction;Food quality - Animal Welfare;+;1.0;GHG reduction targets may lead to changes in animal farming practices, impacting animal welfare.;;;;;;;;;;;;;;;;;;;;;;;;;;;;;;;;;;
296;;;;;;;;;GHG Reduction;Food quality - Healthy Food;+;1.0;Reducing GHG emissions can lead to increased consumption of plant-based diets, promoting healthy food options.;;;;;;;;;;;;;;;;;;;;;;;;;;;;;;;;;;
297;;;;;;;;;GHG Reduction;Pesticides Reduction;-;1.0;Implementing GHG reduction targets may lead to increased use of pesticides, hindering pesticide reduction efforts.;;;;;;;;;;;;;;;;;;;;;;;;;;;;;;;;;;
298;;;;;;;;;GHG Reduction;Competitive Agriculture;+;1.0;Reducing GHG emissions can lead to increased focus on sustainable agriculture, supporting competitive agriculture.;;;;;;;;;;;;;;;;;;;;;;;;;;;;;;;;;;
299;;;;;;;;;GHG Reduction;Social Security - Workers Protection;+;1.0;Implementing GHG reduction targets can lead to job creation in the renewable energy sector, supporting social security and worker protection.;;;;;;;;;;;;;;;;;;;;;;;;;;;;;;;;;;
300;;;;;;;;;Food affordability;Waste Reduction;-;1.0;Reducing food waste can lead to increased food prices, affecting food affordability.;;;;;;;;;;;;;;;;;;;;;;;;;;;;;;;;;;
301;;;;;;;;;Food affordability;Waste Reduction - Municipal Waste;-;1.0;Implementing waste reduction targets can lead to increased costs for food production and distribution, affecting food affordability.;;;;;;;;;;;;;;;;;;;;;;;;;;;;;;;;;;
302;;;;;;;;;Food affordability;Waste Reduction - Food Waste;-;1.0;Reducing food waste can lead to increased food prices, affecting food affordability.;;;;;;;;;;;;;;;;;;;;;;;;;;;;;;;;;;
303;;;;;;;;;Food affordability;Waste Reduction - Plastic & Packaging;-;1.0;Implementing waste reduction targets can lead to increased costs for food packaging, affecting food affordability.;;;;;;;;;;;;;;;;;;;;;;;;;;;;;;;;;;
304;;;;;;;;;Food quality;Circularity/Recycling;+;1.0;Implementing food quality targets can lead to increased demand for sustainable food production, supporting circularity and recycling efforts.;;;;;;;;;;;;;;;;;;;;;;;;;;;;;;;;;;
305;;;;;;;;;Food quality - Animal Welfare;Circularity/Recycling;+;1.0;Promoting animal welfare in food production can lead to increased adoption of circular and recycling practices.;;;;;;;;;;;;;;;;;;;;;;;;;;;;;;;;;;
306;;;;;;;;;Food quality - Healthy Food;Circularity/Recycling;+;1.0;Promoting healthy food options can lead to increased demand for sustainable food production, supporting circularity and recycling efforts.;;;;;;;;;;;;;;;;;;;;;;;;;;;;;;;;;;
307;;;;;;;;;Pesticides Reduction;Competitive Agriculture;+;2.0;Reducing pesticide use can lead to increased adoption of sustainable agricultural practices, supporting competitive agriculture.;;;;;;;;;;;;;;;;;;;;;;;;;;;;;;;;;;
308;;;;;;;;;Pesticides Reduction;Social Security - Workers Protection;+;1.0;Reducing pesticide use can lead to improved working conditions for farmers and agricultural workers, supporting social security and worker protection.;;;;;;;;;;;;;;;;;;;;;;;;;;;;;;;;;;
309;;;;;;;;;Competitive Agriculture;Social Security - Workers Protection;+;2.0;Supporting competitive agriculture can lead to increased income and job opportunities for farmers and agricultural workers, supporting social security and worker protection.;;;;;;;;;;;;;;;;;;;;;;;;;;;;;;;;;;
310;;;;;;;;;Social Security - Workers Protection;Waste Reduction;+;1.0;Implementing social security and worker protection measures can lead to increased adoption of waste reduction and recycling practices.;;;;;;;;;;;;;;;;;;;;;;;;;;;;;;;;;;
311;;;;;;;;;Social Security - Workers Protection;Waste Reduction - Municipal Waste;+;1.0;Supporting worker protection can lead to increased adoption of waste reduction and recycling practices in the municipal waste sector.;;;;;;;;;;;;;;;;;;;;;;;;;;;;;;;;;;
312;;;;;;;;;Social Security - Workers Protection;Waste Reduction - Food Waste;+;1.0;Implementing social security and worker protection measures can lead to increased adoption of food waste reduction and recycling practices.;;;;;;;;;;;;;;;;;;;;;;;;;;;;;;;;;;
313;;;;;;;;;Social Security - Workers Protection;Waste Reduction - Plastic & Packaging;+;1.0;Supporting worker protection can lead to increased adoption of waste reduction and recycling practices in the plastic and packaging sector.;;;;;;;;;;;;;;;;;;;;;;;;;;;;;;;;;;
314;;;;;;;;;Circularity/Recycling;Waste Reduction;+;3.0;Implementing circularity and recycling targets can lead to significant reductions in waste, supporting waste reduction efforts.;;;;;;;;;;;;;;;;;;;;;;;;;;;;;;;;;;
315;;;;;;;;;Circularity/Recycling - Municipal Waste;Waste Reduction - Municipal Waste;+;2.0;Implementing circularity and recycling targets in the municipal waste sector can lead to significant reductions in municipal waste, supporting waste reduction efforts.;;;;;;;;;;;;;;;;;;;;;;;;;;;;;;;;;;
316;;;;;;;;;Circularity/Recycling - Textile Waste;Waste Reduction - Municipal Waste;+;1.0;Implementing circularity and recycling targets in the textile waste sector can lead to increased adoption of waste reduction practices in the municipal waste sector.;;;;;;;;;;;;;;;;;;;;;;;;;;;;;;;;;;
317;;;;;;;;;Circularity/Recycling - Plastic & Packaging;Waste Reduction - Plastic & Packaging;+;2.0;Implementing circularity and recycling targets in the plastic and packaging sector can lead to significant reductions in plastic waste, supporting waste reduction efforts.;;;;;;;;;;;;;;;;;;;;;;;;;;;;;;;;;;
318;;;;;;;;;Circularity/Recycling - Vehicle Circularity;Waste Reduction;+;1.0;Implementing circularity and recycling targets in the vehicle sector can lead to increased adoption of waste reduction practices.;;;;;;;;;;;;;;;;;;;;;;;;;;;;;;;;;;
319;;;;;;;;;Circularity/Recycling - Critical Raw Materials - Batteries Recycling;Waste Reduction;+;2.0;Implementing circularity and recycling targets for critical raw materials can lead to significant reductions in waste, supporting waste reduction efforts.;;;;;;;;;;;;;;;;;;;;;;;;;;;;;;;;;;
320;;;;;;;;;Critical Raw Materials - Extraction & Import;Net-Zero Technology - Manufacturing;+;1.0;Implementing critical raw material extraction and import targets can lead to increased adoption of net-zero technology manufacturing.;;;;;;;;;;;;;;;;;;;;;;;;;;;;;;;;;;
321;GHG Reduction;;+;2.0;;;;;;;;;;;;;;;;Terrestrial Ecosystems Restoration - Agricultural Ecosystems;;;;;Reducing GHG emissions can also enable the restoration of agricultural ecosystems by promoting sustainable agriculture and reducing synthetic fertilizers and pesticides.;;;;;;;;;;;;;;;;;;;;;;
322;GHG Reduction;;+;2.0;;;;;;;;;;;;;;;;Terrestrial Ecosystems Restoration - Forests;;;;;The reduction of GHG emissions can also support the restoration of forests by promoting sustainable forest management and reducing deforestation.;;;;;;;;;;;;;;;;;;;;;;
323;GHG Reduction;;+;1.0;;;;;;;;;;;;;;;;Marine Ecosystem Restoration;;;;;Reducing GHG emissions can also contribute to the restoration of marine ecosystems by mitigating ocean acidification and promoting sustainable fishing practices.;;;;;;;;;;;;;;;;;;;;;;
324;GHG Reduction;;+;1.0;;;;;;;;;;;;;;;;Biodiversity Protection & Conservation;;;;;The implementation of GHG reduction targets can also support biodiversity protection and conservation by reducing pollution and promoting ecosystem services.;;;;;;;;;;;;;;;;;;;;;;
325;GHG Reduction;;+;1.0;;;;;;;;;;;;;;;;Biodiversity Protection & Conservation - Fisheries;;;;;Reducing GHG emissions can also support the protection and conservation of fisheries by promoting sustainable fishing practices and reducing pollution.;;;;;;;;;;;;;;;;;;;;;;
326;GHG Reduction;;+;1.0;;;;;;;;;;;;;;;;Biodiversity Protection & Conservation - Monitoring;;;;;The reduction of GHG emissions can also support biodiversity monitoring by promoting sustainable land use and reducing habitat destruction.;;;;;;;;;;;;;;;;;;;;;;
327;GHG Reduction;;+;1.0;;;;;;;;;;;;;;;;Biodiversity Protection & Conservation - Urban Nature;;;;;Reducing GHG emissions can also support urban nature conservation by promoting green infrastructure and reducing urban pollution.;;;;;;;;;;;;;;;;;;;;;;
328;GHG Reduction - Buildings;;+;2.0;;;;;;;;;;;;;;;;Terrestrial Ecosystems Restoration;;;;;The implementation of energy efficiency measures in buildings can reinforce the restoration of terrestrial ecosystems by reducing energy consumption and promoting sustainable land use.;;;;;;;;;;;;;;;;;;;;;;
329;GHG Reduction - Transports;;+;2.0;;;;;;;;;;;;;;;;Terrestrial Ecosystems Restoration;;;;;The reduction of GHG emissions from transport can also support the restoration of terrestrial ecosystems by promoting sustainable land use and reducing pollution.;;;;;;;;;;;;;;;;;;;;;;
330;GHG Removal;;+;1.0;;;;;;;;;;;;;;;;Terrestrial Ecosystems Restoration;;;;;The implementation of GHG removal measures can support the restoration of terrestrial ecosystems by promoting sustainable land management and reducing land degradation.;;;;;;;;;;;;;;;;;;;;;;
331;GHG Removal;;+;1.0;;;;;;;;;;;;;;;;Terrestrial Ecosystems Restoration - Agricultural Ecosystems;;;;;GHG removal measures can also support the restoration of agricultural ecosystems by promoting sustainable agriculture and reducing synthetic fertilizers and pesticides.;;;;;;;;;;;;;;;;;;;;;;
332;GHG Removal;;+;1.0;;;;;;;;;;;;;;;;Terrestrial Ecosystems Restoration - Forests;;;;;The implementation of GHG removal measures can also support the restoration of forests by promoting sustainable forest management and reducing deforestation.;;;;;;;;;;;;;;;;;;;;;;
333;GHG Removal;;+;1.0;;;;;;;;;;;;;;;;Marine Ecosystem Restoration;;;;;GHG removal measures can contribute to the restoration of marine ecosystems by mitigating ocean acidification and promoting sustainable fishing practices.;;;;;;;;;;;;;;;;;;;;;;
334;GHG Removal;;+;1.0;;;;;;;;;;;;;;;;Biodiversity Protection & Conservation;;;;;The implementation of GHG removal measures can support biodiversity protection and conservation by reducing pollution and promoting ecosystem services.;;;;;;;;;;;;;;;;;;;;;;
335;GHG Removal;;+;1.0;;;;;;;;;;;;;;;;Biodiversity Protection & Conservation - Fisheries;;;;;GHG removal measures can support the protection and conservation of fisheries by promoting sustainable fishing practices and reducing pollution.;;;;;;;;;;;;;;;;;;;;;;
336;GHG Removal;;+;1.0;;;;;;;;;;;;;;;;Biodiversity Protection & Conservation - Monitoring;;;;;The implementation of GHG removal measures can support biodiversity monitoring by promoting sustainable land use and reducing habitat destruction.;;;;;;;;;;;;;;;;;;;;;;
337;GHG Removal;;+;1.0;;;;;;;;;;;;;;;;Biodiversity Protection & Conservation - Urban Nature;;;;;GHG removal measures can support urban nature conservation by promoting green infrastructure and reducing urban pollution.;;;;;;;;;;;;;;;;;;;;;;
338;Climate Resilience;;+;2.0;;;;;;;;;;;;;;;;Terrestrial Ecosystems Restoration;;;;;The implementation of climate resilience measures can reinforce the restoration of terrestrial ecosystems by promoting sustainable land management and reducing the risk of climate-related disasters.;;;;;;;;;;;;;;;;;;;;;;
339;Climate Resilience;;+;2.0;;;;;;;;;;;;;;;;Terrestrial Ecosystems Restoration - Agricultural Ecosystems;;;;;Climate resilience measures can support the restoration of agricultural ecosystems by promoting sustainable agriculture and reducing synthetic fertilizers and pesticides.;;;;;;;;;;;;;;;;;;;;;;
340;Climate Resilience;;+;2.0;;;;;;;;;;;;;;;;Terrestrial Ecosystems Restoration - Forests;;;;;The implementation of climate resilience measures can also support the restoration of forests by promoting sustainable forest management and reducing deforestation.;;;;;;;;;;;;;;;;;;;;;;
341;Climate Resilience;;+;1.0;;;;;;;;;;;;;;;;Marine Ecosystem Restoration;;;;;Climate resilience measures can contribute to the restoration of marine ecosystems by mitigating ocean acidification and promoting sustainable fishing practices.;;;;;;;;;;;;;;;;;;;;;;
342;Climate Resilience;;+;1.0;;;;;;;;;;;;;;;;Biodiversity Protection & Conservation;;;;;The implementation of climate resilience measures can support biodiversity protection and conservation by reducing pollution and promoting ecosystem services.;;;;;;;;;;;;;;;;;;;;;;
343;Climate Resilience;;+;1.0;;;;;;;;;;;;;;;;Biodiversity Protection & Conservation - Fisheries;;;;;Climate resilience measures can support the protection and conservation of fisheries by promoting sustainable fishing practices and reducing pollution.;;;;;;;;;;;;;;;;;;;;;;
344;Climate Resilience;;+;1.0;;;;;;;;;;;;;;;;Biodiversity Protection & Conservation - Monitoring;;;;;Climate resilience measures can support biodiversity monitoring by promoting sustainable land use and reducing habitat destruction.;;;;;;;;;;;;;;;;;;;;;;
345;Climate Resilience;;+;1.0;;;;;;;;;;;;;;;;Biodiversity Protection & Conservation - Urban Nature;;;;;Climate resilience measures can support urban nature conservation by promoting green infrastructure and reducing urban pollution.;;;;;;;;;;;;;;;;;;;;;;
346;;;;;;;;;GHG Reduction;GHG Reduction - Buildings;+;2.0;Implementing GHG reduction targets can reinforce the implementation of GHG reduction targets in buildings, as both aim to reduce emissions and promote sustainable practices.;;;;;;;;;;;;;;;;;;;;;;;;;;;;;;;;;;
347;;;;;;;;;GHG Reduction;GHG Reduction - Transports;+;2.0;Reducing GHG emissions can aid in the transition to low-carbon transportation, supporting the implementation of GHG reduction targets in the transport sector.;;;;;;;;;;;;;;;;;;;;;;;;;;;;;;;;;;
348;;;;;;;;;GHG Reduction;Food affordability;+;1.0;Reducing GHG emissions can lead to increased food production and security, enabling more affordable and sustainable food options.;;;;;;;;;;;;;;;;;;;;;;;;;;;;;;;;;;
349;;;;;;;;;GHG Reduction;Pesticides Reduction;+;1.0;Lower GHG emissions can result in reduced pollution and healthier ecosystems, making it easier to reduce pesticide use and promote sustainable agriculture.;;;;;;;;;;;;;;;;;;;;;;;;;;;;;;;;;;
350;;;;;;;;;GHG Reduction;Competitive Agriculture;+;1.0;A low-carbon economy can support sustainable agriculture, enabling farmers to adopt more environmentally friendly practices and increase their competitiveness.;;;;;;;;;;;;;;;;;;;;;;;;;;;;;;;;;;
351;;;;;;;;;GHG Reduction;Social Security - Workers Protection;+;1.0;A just transition to a low-carbon economy can protect workers' rights and promote social cohesion, supporting the implementation of social security and worker protection measures.;;;;;;;;;;;;;;;;;;;;;;;;;;;;;;;;;;
352;;;;;;;;;GHG Reduction - Buildings;GHG Reduction;+;2.0;Implementing GHG reduction targets in buildings can reinforce the overall GHG reduction strategy, supporting the achievement of EU climate goals.;;;;;;;;;;;;;;;;;;;;;;;;;;;;;;;;;;
353;;;;;;;;;GHG Reduction - Transports;GHG Reduction;+;2.0;Transitioning to low-carbon transportation can aid in reducing emissions and promoting sustainable practices, reinforcing the implementation of GHG reduction targets.;;;;;;;;;;;;;;;;;;;;;;;;;;;;;;;;;;
354;;;;;;;;;Food quality;Food affordability;+;1.0;Promoting sustainable food systems can lead to increased food affordability, supporting the implementation of food affordability targets.;;;;;;;;;;;;;;;;;;;;;;;;;;;;;;;;;;
355;;;;;;;;;Food quality - Animal Welfare;Food quality - Healthy Food;+;1.0;Improving animal welfare and promoting healthy diets can support the implementation of food quality targets, enabling the production of healthier and more sustainable food options.;;;;;;;;;;;;;;;;;;;;;;;;;;;;;;;;;;
356;;;;;;;;;Food affordability;Pesticides Reduction;+;1.0;Reducing food waste and promoting sustainable agriculture can support the reduction of pesticide use, enabling the implementation of pesticide reduction targets.;;;;;;;;;;;;;;;;;;;;;;;;;;;;;;;;;;
357;;;;;;;;;Pesticides Reduction;Competitive Agriculture;+;1.0;Reducing pesticide use can support sustainable agriculture, enabling farmers to adopt more environmentally friendly practices and increase their competitiveness.;;;;;;;;;;;;;;;;;;;;;;;;;;;;;;;;;;
358;;;;;;;;;Competitive Agriculture;Social Security - Workers Protection;+;1.0;Promoting competitive and sustainable agriculture can support the implementation of social security and worker protection measures, protecting farmers' livelihoods and promoting social cohesion.;;;;;;;;;;;;;;;;;;;;;;;;;;;;;;;;;;
359;GHG Reduction;;+;1.0;;;;;;;;;;;;;;;;;;;;;;GHG Reduction - Buildings;The implementation of GHG reduction targets in List A can enable the achievement of GHG reduction targets in the building sector in List B by promoting the use of energy-efficient technologies and renewable energy sources in buildings, which can lead to a reduction in greenhouse gas emissions from buildings.;;;;;;;;;;;;;;;;;;;;
360;GHG Reduction - Transports;;+;1.0;;;;;;;;;;;;;;;;;;;;;;GHG Removal;The implementation of GHG reduction targets in the transport sector in List B can enable the achievement of GHG removal targets by promoting the use of low-carbon fuels and increasing energy efficiency in the transport sector, which can lead to a reduction in greenhouse gas emissions from transportation and increase the removal of CO2 from the atmosphere.;;;;;;;;;;;;;;;;;;;;
361;Net-Zero Technology - Road Vehicles;;+;2.0;;;;;;;;;;;;;;;;;;;;;;GHG Reduction - Transports;The implementation of net-zero technology targets for road vehicles in List A can reinforce the achievement of GHG reduction targets in the transport sector in List B by promoting the use of low-carbon fuels and increasing energy efficiency in the transport sector, which can lead to a reduction in greenhouse gas emissions from transportation.;;;;;;;;;;;;;;;;;;;;
362;Net-Zero Technology - Maritime Transport;;+;2.0;;;;;;;;;;;;;;;;;;;;;;GHG Reduction - Transports;The implementation of net-zero technology targets for maritime transport in List A can reinforce the achievement of GHG reduction targets in the transport sector in List B by promoting the use of low-carbon fuels and increasing energy efficiency in the transport sector, which can lead to a reduction in greenhouse gas emissions from transportation.;;;;;;;;;;;;;;;;;;;;
363;Net-Zero Technology - Aviation;;+;2.0;;;;;;;;;;;;;;;;;;;;;;GHG Reduction - Transports;The implementation of net-zero technology targets for aviation in List A can reinforce the achievement of GHG reduction targets in the transport sector in List B by promoting the use of low-carbon fuels and increasing energy efficiency in the transport sector, which can lead to a reduction in greenhouse gas emissions from transportation.;;;;;;;;;;;;;;;;;;;;
364;Biofuels;;+;1.0;;;;;;;;;;;;;;;;;;;;;;GHG Reduction - Transports;The implementation of biofuels targets in List A can enable the achievement of GHG reduction targets in the transport sector in List B by promoting the use of low-carbon fuels in the transport sector, which can lead to a reduction in greenhouse gas emissions from transportation.;;;;;;;;;;;;;;;;;;;;
365;Other Low-Carbon Fuels;;+;1.0;;;;;;;;;;;;;;;;;;;;;;GHG Reduction - Transports;The implementation of other low-carbon fuels targets in List A can enable the achievement of GHG reduction targets in the transport sector in List B by promoting the use of low-carbon fuels in the transport sector, which can lead to a reduction in greenhouse gas emissions from transportation.;;;;;;;;;;;;;;;;;;;;
366;Hydrogen Distribution;;+;1.0;;;;;;;;;;;;;;;;;;;;;;GHG Reduction - Transports;The implementation of hydrogen distribution targets in List A can enable the achievement of GHG reduction targets in the transport sector in List B by promoting the use of low-carbon fuels in the transport sector, which can lead to a reduction in greenhouse gas emissions from transportation.;;;;;;;;;;;;;;;;;;;;
367;Urban Mobility;;+;1.0;;;;;;;;;;;;;;;;;;;;;;GHG Reduction - Transports;The implementation of urban mobility targets in List A can enable the achievement of GHG reduction targets in the transport sector in List B by promoting sustainable and low-carbon transportation options, which can lead to a reduction in greenhouse gas emissions from transportation.;;;;;;;;;;;;;;;;;;;;
368;Transport Logistics;;+;1.0;;;;;;;;;;;;;;;;;;;;;;GHG Reduction - Transports;The implementation of transport logistics targets in List A can enable the achievement of GHG reduction targets in the transport sector in List B by promoting energy-efficient transportation options and reducing energy consumption, which can lead to a reduction in greenhouse gas emissions from transportation.;;;;;;;;;;;;;;;;;;;;
369;Climate Resilience;;+;2.0;;;;;;;;;;;;;;;;;;;;;;GHG Reduction;The implementation of climate resilience targets in List B can reinforce the achievement of GHG reduction targets in List A by promoting climate-resilient technologies and practices, which can lead to a reduction in greenhouse gas emissions and increase energy efficiency.;;;;;;;;;;;;;;;;;;;;
370;GHG Reduction - Buildings;;+;1.0;;;;;;;;;;;;;;;;;;;;;;GHG Reduction;The implementation of GHG reduction targets in the building sector in List B can enable the achievement of GHG reduction targets in List A by promoting energy-efficient technologies and renewable energy sources in buildings, which can lead to a reduction in greenhouse gas emissions from buildings.;;;;;;;;;;;;;;;;;;;;
371;GHG Reduction - Transports;;+;2.0;;;;;;;;;;;;;;;;;;;;;;GHG Reduction;The implementation of GHG reduction targets in the transport sector in List B can reinforce the achievement of GHG reduction targets in List A by promoting low-carbon fuels and increasing energy efficiency in the transport sector, which can lead to a reduction in greenhouse gas emissions from transportation.;;;;;;;;;;;;;;;;;;;;
372;GHG Reduction;Energy Efficiency;+;2.0;;;;;;;;;;;;;;;;;;;;;;;;Reducing GHG emissions can also reinforce energy efficiency measures, as a reduction in energy consumption can lead to lower emissions.;;;;;;;;;;;;;;;;;;;
373;GHG Reduction;Energy Infrastructure;+;2.0;;;;;;;;;;;;;;;;;;;;;;;;The reduction of GHG emissions can also lead to the development of new energy infrastructure, enabling the integration of renewable energy sources into the grid.;;;;;;;;;;;;;;;;;;;
374;Renewable Energy;Energy Efficiency;+;2.0;;;;;;;;;;;;;;;;;;;;;;;;The development of renewable energy can enable energy efficiency measures, such as smart grids and energy storage, to optimize energy distribution and consumption.;;;;;;;;;;;;;;;;;;;
375;Renewable Energy;Energy Infrastructure;+;2.0;;;;;;;;;;;;;;;;;;;;;;;;The expansion of renewable energy can drive the development of new energy infrastructure, including transmission and distribution networks, to support the integration of renewable energy sources.;;;;;;;;;;;;;;;;;;;
376;Renewable Energy;Hydrogen Distribution;+;1.0;;;;;;;;;;;;;;;;;;;;;;;;The production of renewable energy can create conditions for the development of hydrogen distribution infrastructure, enabling the use of hydrogen as a low-carbon fuel.;;;;;;;;;;;;;;;;;;;
377;Renewable Energy;Urban Mobility;+;1.0;;;;;;;;;;;;;;;;;;;;;;;;The integration of renewable energy into urban mobility can create conditions for the development of low-carbon transportation systems, including electric and hybrid vehicles.;;;;;;;;;;;;;;;;;;;
378;Energy Efficiency;Energy Infrastructure;+;2.0;;;;;;;;;;;;;;;;;;;;;;;;Energy efficiency measures can reinforce the development of energy infrastructure, enabling the optimization of energy distribution and consumption.;;;;;;;;;;;;;;;;;;;
379;Energy Efficiency;Social Security - Energy;+;1.0;;;;;;;;;;;;;;;;;;;;;;;;Energy efficiency measures can create conditions for social security policies, ensuring that energy poverty is addressed and vulnerable populations have access to affordable energy.;;;;;;;;;;;;;;;;;;;
380;Energy Infrastructure;Hydrogen Distribution;+;1.0;;;;;;;;;;;;;;;;;;;;;;;;The development of energy infrastructure can create conditions for the distribution of hydrogen, enabling its use as a low-carbon fuel.;;;;;;;;;;;;;;;;;;;
381;Energy Infrastructure;Urban Mobility;+;1.0;;;;;;;;;;;;;;;;;;;;;;;;The expansion of energy infrastructure can enable the development of urban mobility systems, including low-carbon transportation options.;;;;;;;;;;;;;;;;;;;
382;Hydrogen Distribution;Urban Mobility;+;1.0;;;;;;;;;;;;;;;;;;;;;;;;The distribution of hydrogen can create conditions for the development of low-carbon transportation systems, including fuel cell vehicles.;;;;;;;;;;;;;;;;;;;
383;Social Security - Energy;Urban Mobility;+;1.0;;;;;;;;;;;;;;;;;;;;;;;;Social security policies can create conditions for the development of urban mobility systems, ensuring that vulnerable populations have access to affordable and low-carbon transportation options.;;;;;;;;;;;;;;;;;;;
384;Renewable Energy - Heating & Cooling;Renewable Energy - Hydrogen Production;+;2.0;;;;;;;;;;;;;;;;;;;;;;;;The development of renewable energy for heating and cooling can reinforce the production of renewable hydrogen, enabling the use of low-carbon fuels for energy generation.;;;;;;;;;;;;;;;;;;;
385;Renewable Energy - Hydrogen Production;Energy Efficiency - Buildings;+;2.0;;;;;;;;;;;;;;;;;;;;;;;;The production of renewable hydrogen can enable energy efficiency measures in buildings, optimizing energy consumption and reducing emissions.;;;;;;;;;;;;;;;;;;;
386;Renewable Energy - Ocean/Offshore;Renewable Energy - Solar;+;2.0;;;;;;;;;;;;;;;;;;;;;;;;The development of offshore renewable energy can reinforce the development of solar energy, enabling the integration of renewable energy sources into the energy mix.;;;;;;;;;;;;;;;;;;;
387;Renewable Energy - Solar;Energy Efficiency;+;2.0;;;;;;;;;;;;;;;;;;;;;;;;The development of solar energy can enable energy efficiency measures, optimizing energy distribution and consumption.;;;;;;;;;;;;;;;;;;;
388;Renewable Energy - Solar;Energy Infrastructure;+;2.0;;;;;;;;;;;;;;;;;;;;;;;;The expansion of solar energy can drive the development of new energy infrastructure, including transmission and distribution networks, to support the integration of renewable energy sources.;;;;;;;;;;;;;;;;;;;
389;;;;;;;;;GHG Reduction;Renewable Energy;+;2.0;Implementing GHG reduction targets can reinforce the transition to renewable energy sources, as both are interlinked in reducing emissions and promoting sustainable energy production.;;;;;;;;;;;;;;;;;;;;;;;;;;;;;;;;;;
390;;;;;;;;;GHG Reduction;Renewable Energy - Heating & Cooling;+;1.0;Reducing GHG emissions can create conditions for the development of renewable energy sources for heating and cooling, enabling a low-carbon energy mix.;;;;;;;;;;;;;;;;;;;;;;;;;;;;;;;;;;
391;;;;;;;;;GHG Reduction;Energy Efficiency;+;1.0;GHG reduction efforts can enable energy efficiency measures by reducing energy demand, thus facilitating the implementation of energy-efficient technologies and practices.;;;;;;;;;;;;;;;;;;;;;;;;;;;;;;;;;;
392;;;;;;;;;GHG Reduction;Energy Efficiency - Buildings;+;1.0;Reducing GHG emissions can create conditions for improving energy efficiency in buildings, as lower energy consumption can facilitate the adoption of energy-efficient technologies and practices.;;;;;;;;;;;;;;;;;;;;;;;;;;;;;;;;;;
393;;;;;;;;;GHG Reduction;Renewable Energy - Hydrogen Production;+;2.0;Implementing GHG reduction targets can reinforce the development of renewable hydrogen production, as both are interlinked in reducing emissions and promoting sustainable energy production.;;;;;;;;;;;;;;;;;;;;;;;;;;;;;;;;;;
394;;;;;;;;;GHG Reduction;Renewable Energy - Ocean/Offshore;+;1.0;Reducing GHG emissions can create conditions for the development of offshore renewable energy sources, enabling a low-carbon energy mix and promoting sustainable energy production.;;;;;;;;;;;;;;;;;;;;;;;;;;;;;;;;;;
395;;;;;;;;;GHG Reduction;Renewable Energy - Solar;+;1.0;Implementing GHG reduction targets can facilitate the transition to solar energy, as both are interlinked in reducing emissions and promoting sustainable energy production.;;;;;;;;;;;;;;;;;;;;;;;;;;;;;;;;;;
396;;;;;;;;;Food quality;Food affordability;+;1.0;Improving food quality can create conditions for ensuring food affordability, as sustainable food production practices can lead to more efficient food systems and reduced food waste.;;;;;;;;;;;;;;;;;;;;;;;;;;;;;;;;;;
397;;;;;;;;;Food quality - Animal Welfare;Food affordability;+;1.0;Promoting animal welfare in food production can create conditions for ensuring food affordability, as sustainable farming practices can lead to more efficient food systems and reduced food waste.;;;;;;;;;;;;;;;;;;;;;;;;;;;;;;;;;;
398;;;;;;;;;Food quality - Healthy Food;Food affordability;+;1.0;Encouraging healthy and sustainable food choices can create conditions for ensuring food affordability, as sustainable food production practices can lead to more efficient food systems and reduced food waste.;;;;;;;;;;;;;;;;;;;;;;;;;;;;;;;;;;
399;;;;;;;;;Pesticides Reduction;Competitive Agriculture;+;2.0;Reducing pesticide use can reinforce sustainable agricultural practices, enabling the development of more resilient and productive farming systems, and promoting fair economic viability for farmers.;;;;;;;;;;;;;;;;;;;;;;;;;;;;;;;;;;
400;;;;;;;;;Competitive Agriculture;Social Security - Workers Protection;+;1.0;Promoting competitive agriculture can create conditions for protecting workers' rights and social protection, as fair economic viability for farmers can lead to better working conditions and social protection for agricultural workers.;;;;;;;;;;;;;;;;;;;;;;;;;;;;;;;;;;
401;;;;;;;;;Social Security - Workers Protection;Renewable Energy;+;1.0;Protecting workers' rights and social protection can create conditions for a just transition to renewable energy sources, enabling the development of sustainable and inclusive energy systems.;;;;;;;;;;;;;;;;;;;;;;;;;;;;;;;;;;
402;;;;;;;;;Renewable Energy;Renewable Energy - Heating & Cooling;+;2.0;Developing renewable energy sources can reinforce the transition to renewable energy sources for heating and cooling, enabling a low-carbon energy mix and promoting sustainable energy production.;;;;;;;;;;;;;;;;;;;;;;;;;;;;;;;;;;
403;;;;;;;;;Renewable Energy - Heating & Cooling;Energy Efficiency - Buildings;+;1.0;Implementing renewable energy sources for heating and cooling can create conditions for improving energy efficiency in buildings, as lower energy consumption can facilitate the adoption of energy-efficient technologies and practices.;;;;;;;;;;;;;;;;;;;;;;;;;;;;;;;;;;
404;;;;;;;;;Renewable Energy - Hydrogen Production;Energy Efficiency;+;1.0;Developing renewable hydrogen production can create conditions for improving energy efficiency, as hydrogen can be used as a low-carbon energy carrier and storage medium.;;;;;;;;;;;;;;;;;;;;;;;;;;;;;;;;;;
405;;;;;;;;;Renewable Energy - Ocean/Offshore;Renewable Energy - Solar;+;1.0;Developing offshore renewable energy sources can create conditions for the transition to solar energy, as both are interlinked in reducing emissions and promoting sustainable energy production.;;;;;;;;;;;;;;;;;;;;;;;;;;;;;;;;;;
406;;;;;;;;;Renewable Energy - Solar;Energy Efficiency;+;1.0;Implementing solar energy can create conditions for improving energy efficiency, as solar energy can facilitate the adoption of energy-efficient technologies and practices.;;;;;;;;;;;;;;;;;;;;;;;;;;;;;;;;;;
407;GHG Reduction;;+;1.0;;;;;;;;;;;;;;;;;;;;;;;;;Terrestrial Ecosystems Restoration;Reducing GHG emissions can enable the restoration of terrestrial ecosystems by promoting sustainable land use and reducing the impact of climate change on ecosystems.;;;;;;;;;;;;;;;;;
408;GHG Reduction;;+;1.0;;;;;;;;;;;;;;;;;;;;;;;;;Marine Ecosystem Restoration;GHG reduction can aid in the restoration of marine ecosystems by mitigating the effects of ocean acidification and promoting sustainable fishing and aquaculture practices.;;;;;;;;;;;;;;;;;
409;GHG Reduction;;+;2.0;;;;;;;;;;;;;;;;;;;;;;;;;Renewable Energy;The transition to renewable energy sources can be facilitated by reducing GHG emissions, which in turn can enable the implementation of renewable energy targets and promote energy efficiency.;;;;;;;;;;;;;;;;;
410;GHG Reduction;;+;2.0;;;;;;;;;;;;;;;;;;;;;;;;;Energy Efficiency;Reducing GHG emissions can reinforce energy efficiency efforts by promoting the use of renewable energy sources and reducing energy consumption, which can help achieve energy efficiency targets.;;;;;;;;;;;;;;;;;
411;GHG Reduction;;+;1.0;;;;;;;;;;;;;;;;;;;;;;;;;Energy Efficiency - Buildings;GHG reduction can enable energy efficiency in buildings by promoting the use of renewable energy sources and reducing energy consumption, which can help achieve building-related energy efficiency targets.;;;;;;;;;;;;;;;;;
412;Biodiversity Protection & Conservation;;+;3.0;;;;;;;;;;;;;;;;;;;;;;;;;Terrestrial Ecosystems Restoration;The protection and conservation of biodiversity can be indivisibly linked to the restoration of terrestrial ecosystems, as preserving biodiversity is essential for maintaining ecosystem services and promoting ecological restoration.;;;;;;;;;;;;;;;;;
413;Biodiversity Protection & Conservation;;+;2.0;;;;;;;;;;;;;;;;;;;;;;;;;Terrestrial Ecosystems Restoration - Agricultural Ecosystems;Biodiversity protection and conservation efforts can reinforce the restoration of agricultural ecosystems by promoting sustainable agricultural practices and reducing the use of harmful pesticides and fertilizers.;;;;;;;;;;;;;;;;;
414;Biodiversity Protection & Conservation;;+;2.0;;;;;;;;;;;;;;;;;;;;;;;;;Terrestrial Ecosystems Restoration - Forests;The conservation of biodiversity can aid in the restoration of forests by promoting sustainable forestry practices and reducing deforestation, which can help protect and restore forest ecosystems.;;;;;;;;;;;;;;;;;
415;Biodiversity Protection & Conservation;;+;2.0;;;;;;;;;;;;;;;;;;;;;;;;;Marine Ecosystem Restoration;Biodiversity conservation efforts can reinforce marine ecosystem restoration by promoting sustainable fishing and aquaculture practices and reducing pollution, which can help protect and restore marine ecosystems.;;;;;;;;;;;;;;;;;
416;Biodiversity Protection & Conservation - Fisheries;;+;1.0;;;;;;;;;;;;;;;;;;;;;;;;;Renewable Energy - Solar;The conservation of biodiversity in fisheries can enable the implementation of solar energy targets by promoting sustainable fishing practices and reducing the environmental impact of the fishing industry.;;;;;;;;;;;;;;;;;
417;Biodiversity Protection & Conservation - Monitoring;;+;1.0;;;;;;;;;;;;;;;;;;;;;;;;;Renewable Energy - Heating & Cooling;The monitoring of biodiversity can aid in the implementation of renewable energy targets in the heating and cooling sector by promoting sustainable and energy-efficient practices.;;;;;;;;;;;;;;;;;
418;Terrestrial Ecosystems Restoration;;+;1.0;;;;;;;;;;;;;;;;;;;;;;;;;Renewable Energy;The restoration of terrestrial ecosystems can enable the implementation of renewable energy targets by promoting sustainable land use and reducing the environmental impact of energy production.;;;;;;;;;;;;;;;;;
419;Terrestrial Ecosystems Restoration - Agricultural Ecosystems;;+;1.0;;;;;;;;;;;;;;;;;;;;;;;;;Energy Efficiency;The restoration of agricultural ecosystems can aid in achieving energy efficiency targets by promoting sustainable agricultural practices and reducing energy consumption.;;;;;;;;;;;;;;;;;
420;Terrestrial Ecosystems Restoration - Rivers;;+;1.0;;;;;;;;;;;;;;;;;;;;;;;;;Renewable Energy - Hydrogen Production;The restoration of rivers can enable the implementation of hydrogen production targets by promoting sustainable water management practices and reducing the environmental impact of energy production.;;;;;;;;;;;;;;;;;
421;Terrestrial Ecosystems Restoration - Forests;;+;1.0;;;;;;;;;;;;;;;;;;;;;;;;;Renewable Energy - Ocean/Offshore;The restoration of forests can aid in achieving renewable energy targets in the ocean and offshore sector by promoting sustainable forestry practices and reducing the environmental impact of energy production.;;;;;;;;;;;;;;;;;
422;Marine Ecosystem Restoration;;+;1.0;;;;;;;;;;;;;;;;;;;;;;;;;Renewable Energy - Solar;The restoration of marine ecosystems can enable the implementation of solar energy targets by promoting sustainable fishing and aquaculture practices and reducing pollution.;;;;;;;;;;;;;;;;;
423;Biodiversity Protection & Conservation;;+;2.0;;;;;;;;;;;;;;;;;;;;;;;;;Social Security - Energy;Biodiversity conservation efforts can reinforce social security and energy targets by promoting sustainable and equitable energy access and reducing energy poverty.;;;;;;;;;;;;;;;;;
424;GHG Reduction;;;;;;2.0;;;;;;;;;;;;;;;;;;;;;;Improve Air Quality;;Reinforcing;Reducing GHG emissions can also improve air quality by decreasing the amount of air pollutants released into the atmosphere, which can have positive impacts on human health and the environment.;;;;;;;;;;;;;;;
425;GHG Reduction;;;;;;2.0;;;;;;;;;;;;;;;;;;;;;;Improve Water Quality;;Reinforcing;Furthermore, reducing GHG emissions can help improve water quality by decreasing the amount of pollutants released into water bodies, which can have positive impacts on aquatic ecosystems and human health.;;;;;;;;;;;;;;;
426;GHG Reduction;;;;;;2.0;;;;;;;;;;;;;;;;;;;;;;Improve Soils Health;;Reinforcing;The implementation of GHG reduction targets can also reinforce efforts to improve soil health by promoting sustainable agriculture practices and reducing soil pollution, which can help maintain soil fertility and support ecosystem services.;;;;;;;;;;;;;;;
427;GHG Reduction;;;;;;1.0;;;;;;;;;;;;;;;;;;;;;;Noise Reduction;;Enabling;Reducing GHG emissions can enable efforts to reduce noise pollution by promoting the use of cleaner and quieter technologies, such as electric vehicles, which can help reduce noise pollution in urban areas.;;;;;;;;;;;;;;;
428;GHG Reduction;;;;;;1.0;;;;;;;;;;;;;;;;;;;;;;Social Security - Sanitation;;Enabling;Additionally, reducing GHG emissions can enable efforts to improve sanitation and public health by providing access to clean water and sanitation facilities, which can help reduce the spread of diseases and improve overall public health.;;;;;;;;;;;;;;;
429;Biodiversity Protection & Conservation;;;;;;3.0;;;;;;;;;;;;;;;;;;;;;;Terrestrial Ecosystems Restoration;;Indivisible;The protection and conservation of biodiversity is inextricably linked to the restoration of terrestrial ecosystems, as the health of these ecosystems is crucial for maintaining biodiversity and ecosystem services.;;;;;;;;;;;;;;;
430;Biodiversity Protection & Conservation;;;;;;3.0;;;;;;;;;;;;;;;;;;;;;;Terrestrial Ecosystems Restoration - Rivers;;Indivisible;The conservation of biodiversity in rivers and wetlands is also closely tied to the restoration of these ecosystems, as they provide critical habitat for many aquatic species and support ecosystem services such as water filtration and nutrient cycling.;;;;;;;;;;;;;;;
431;Biodiversity Protection & Conservation;;;;;;3.0;;;;;;;;;;;;;;;;;;;;;;Terrestrial Ecosystems Restoration - Agricultural Ecosystems;;Indivisible;Similarly, the conservation of biodiversity in agricultural ecosystems is closely linked to the restoration of these ecosystems, as sustainable agriculture practices can help maintain ecosystem services and support biodiversity.;;;;;;;;;;;;;;;
432;Biodiversity Protection & Conservation;;;;;;3.0;;;;;;;;;;;;;;;;;;;;;;Terrestrial Ecosystems Restoration - Forests;;Indivisible;The protection and conservation of biodiversity in forests is also inextricably linked to the restoration of these ecosystems, as forests provide critical habitat for many species and support ecosystem services such as carbon sequestration and air and water filtration.;;;;;;;;;;;;;;;
433;Biodiversity Protection & Conservation;;;;;;3.0;;;;;;;;;;;;;;;;;;;;;;Marine Ecosystem Restoration;;Indivisible;The conservation of biodiversity in marine ecosystems is closely tied to the restoration of these ecosystems, as the health of marine ecosystems is crucial for maintaining biodiversity and ecosystem services such as coastal protection and water filtration.;;;;;;;;;;;;;;;
434;Biodiversity Protection & Conservation - Fisheries;;;;;;2.0;;;;;;;;;;;;;;;;;;;;;;Improve Water Quality;;Reinforcing;The conservation of biodiversity in fisheries can reinforce efforts to improve water quality by promoting sustainable fishing practices and reducing pollution from fishing activities, which can help maintain the health of aquatic ecosystems.;;;;;;;;;;;;;;;
435;Biodiversity Protection & Conservation - Monitoring;;;;;;1.0;;;;;;;;;;;;;;;;;;;;;;Improve Air Quality;;Enabling;The monitoring of biodiversity can enable efforts to improve air quality by providing data on the impacts of air pollution on ecosystems and supporting the development of effective conservation strategies.;;;;;;;;;;;;;;;
436;Biodiversity Protection & Conservation - Urban Nature;;;;;;1.0;;;;;;;;;;;;;;;;;;;;;;Improve Soils Health;;Enabling;The conservation of biodiversity in urban areas can enable efforts to improve soil health by promoting sustainable urban planning and reducing soil pollution, which can help maintain soil fertility and support ecosystem services.;;;;;;;;;;;;;;;
437;Forest Bioeconomy;;;;;;2.0;;;;;;;;;;;;;;;;;;;;;;Terrestrial Ecosystems Restoration;;Reinforcing;The development of a forest bioeconomy can reinforce efforts to restore terrestrial ecosystems by promoting sustainable forest management practices and reducing deforestation, which can help maintain ecosystem services and support biodiversity.;;;;;;;;;;;;;;;
438;Improve Air Quality;;;;;;2.0;;;;;;;;;;;;;;;;;;;;;;Improve Water Quality;;Reinforcing;Improving air quality can reinforce efforts to improve water quality by reducing the amount of air pollutants released into water bodies, which can help maintain the health of aquatic ecosystems.;;;;;;;;;;;;;;;
439;Improve Water Quality;;;;;;2.0;;;;;;;;;;;;;;;;;;;;;;Improve Soils Health;;Reinforcing;Improving water quality can also reinforce efforts to improve soil health by reducing the amount of pollutants released into soil and promoting sustainable agriculture practices, which can help maintain soil fertility and support ecosystem services.;;;;;;;;;;;;;;;
440;Improve Soils Health;;;;;;1.0;;;;;;;;;;;;;;;;;;;;;;Noise Reduction;;Enabling;Improving soil health can enable efforts to reduce noise pollution by promoting the use of quieter agricultural practices and reducing soil pollution, which can help maintain soil fertility and support ecosystem services.;;;;;;;;;;;;;;;
441;Social Security - Sanitation;;;;;;2.0;;;;;;;;;;;;;;;;;;;;;;Improve Water Quality;;Reinforcing;Improving sanitation and public health can reinforce efforts to improve water quality by providing access to clean water and sanitation facilities, which can help reduce the spread of diseases and improve overall public health.;;;;;;;;;;;;;;;
442;;;;;;;;;GHG Reduction;Net-Zero Technology - Road Vehicles;+;2.0;Implementing GHG reduction targets can reinforce the development of net-zero technology for road vehicles, as reducing emissions can create demand for low-carbon fuels and technologies.;;;;;;;;;;;;;;;;;;;;;;;;;;;;;;;;;;
443;;;;;;;;;GHG Reduction;Food affordability;+;1.0;Reducing GHG emissions can lead to increased food production costs, which may impact food affordability, but this can also create opportunities for sustainable food systems and fair pricing.;;;;;;;;;;;;;;;;;;;;;;;;;;;;;;;;;;
444;;;;;;;;;GHG Reduction;Pesticides Reduction;+;2.0;Reducing GHG emissions can aid in the reduction of pesticide use, as sustainable agriculture practices are often promoted as a means to achieve both GHG reduction and pesticide reduction targets.;;;;;;;;;;;;;;;;;;;;;;;;;;;;;;;;;;
445;;;;;;;;;GHG Reduction;Competitive Agriculture;+;1.0;Achieving GHG reduction targets can enable the development of competitive and sustainable agricultural practices, supporting the growth of the agricultural sector.;;;;;;;;;;;;;;;;;;;;;;;;;;;;;;;;;;
446;;;;;;;;;GHG Reduction;Social Security - Workers Protection;+;1.0;Reducing GHG emissions can lead to job creation and protection in the renewable energy sector, supporting social security and worker protection.;;;;;;;;;;;;;;;;;;;;;;;;;;;;;;;;;;
447;;;;;;;;;Net-Zero Technology - Road Vehicles;Food affordability;-;1.0;The implementation of net-zero technology for road vehicles may lead to increased costs for low-carbon fuels, impacting food affordability and potentially constraining agricultural production.;;;;;;;;;;;;;;;;;;;;;;;;;;;;;;;;;;
448;;;;;;;;;Net-Zero Technology - Road Vehicles;Pesticides Reduction;+;2.0;The development of net-zero technology for road vehicles can support the reduction of pesticide use, as electric vehicles can be powered by renewable energy sources, reducing the need for fossil fuels and promoting sustainable agriculture practices.;;;;;;;;;;;;;;;;;;;;;;;;;;;;;;;;;;
449;;;;;;;;;Net-Zero Technology - Road Vehicles;Competitive Agriculture;+;1.0;The growth of the net-zero technology market for road vehicles can create opportunities for sustainable agriculture and support the competitiveness of the agricultural sector.;;;;;;;;;;;;;;;;;;;;;;;;;;;;;;;;;;
450;;;;;;;;;Net-Zero Technology - Road Vehicles;Social Security - Workers Protection;+;1.0;The expansion of the net-zero technology market for road vehicles can lead to job creation and protection in the automotive sector, supporting social security and worker protection.;;;;;;;;;;;;;;;;;;;;;;;;;;;;;;;;;;
451;;;;;;;;;Food affordability;Pesticides Reduction;-;2.0;Increased food production costs due to sustainable agriculture practices can constrain the reduction of pesticide use, as farmers may prioritize cost-effective pest control methods over sustainable ones.;;;;;;;;;;;;;;;;;;;;;;;;;;;;;;;;;;
452;;;;;;;;;Food affordability;Competitive Agriculture;-;1.0;Higher food production costs can impact the competitiveness of the agricultural sector, potentially constraining its growth and development.;;;;;;;;;;;;;;;;;;;;;;;;;;;;;;;;;;
453;;;;;;;;;Food affordability;Social Security - Workers Protection;-;1.0;Increased food costs can negatively impact low-income households, potentially affecting social security and worker protection, as workers in the food sector may face reduced purchasing power and job insecurity.;;;;;;;;;;;;;;;;;;;;;;;;;;;;;;;;;;
454;;;;;;;;;Pesticides Reduction;Competitive Agriculture;+;2.0;Reducing pesticide use can support the growth of sustainable and competitive agricultural practices, promoting biodiversity and ecosystem services.;;;;;;;;;;;;;;;;;;;;;;;;;;;;;;;;;;
455;;;;;;;;;Pesticides Reduction;Social Security - Workers Protection;+;1.0;The reduction of pesticide use can lead to improved working conditions and protection for agricultural workers, supporting social security and worker protection.;;;;;;;;;;;;;;;;;;;;;;;;;;;;;;;;;;
456;;;;;;;;;Competitive Agriculture;Social Security - Workers Protection;+;2.0;Supporting competitive agriculture can lead to job creation and protection in the agricultural sector, supporting social security and worker protection, as well as promoting sustainable agricultural practices.;;;;;;;;;;;;;;;;;;;;;;;;;;;;;;;;;;
457;GHG Reduction;;+;2.0;;;;;;;;;;;;;;;;;;;Circularity/Recycling;;;;;;;;;;The reduction of GHG emissions can also enable the transition to a more circular economy by promoting the use of renewable energy sources and low-carbon technologies, which can lead to a decrease in waste generation and an increase in recycling rates.;;;;;;;;;;;;;;
458;GHG Reduction;;+;1.0;;;;;;;;;;;;;;;;;;;Net-Zero Technology - Road Vehicles;;;;;;;;;;The implementation of GHG reduction targets can enable the development and deployment of net-zero technology in road vehicles, which can lead to a decrease in emissions from the transport sector.;;;;;;;;;;;;;;
459;GHG Reduction;;+;1.0;;;;;;;;;;;;;;;;;;;Net-Zero Technology - Maritime Transport;;;;;;;;;;The reduction of GHG emissions can also enable the development and deployment of net-zero technology in maritime transport, which can lead to a decrease in emissions from the maritime sector.;;;;;;;;;;;;;;
460;GHG Reduction;;+;1.0;;;;;;;;;;;;;;;;;;;Net-Zero Technology - Aviation;;;;;;;;;;The implementation of GHG reduction targets can enable the development and deployment of net-zero technology in aviation, which can lead to a decrease in emissions from the aviation sector.;;;;;;;;;;;;;;
461;GHG Reduction;;+;1.0;;;;;;;;;;;;;;;;;;;Biofuels;;;;;;;;;;The reduction of GHG emissions can enable the development and use of biofuels, which can lead to a decrease in emissions from the transport sector.;;;;;;;;;;;;;;
462;GHG Reduction;;+;1.0;;;;;;;;;;;;;;;;;;;Other Low-Carbon Fuels;;;;;;;;;;The implementation of GHG reduction targets can enable the development and use of other low-carbon fuels, which can lead to a decrease in emissions from the transport sector.;;;;;;;;;;;;;;
463;GHG Reduction;;+;1.0;;;;;;;;;;;;;;;;;;;Hydrogen Distribution;;;;;;;;;;The reduction of GHG emissions can enable the development and deployment of hydrogen distribution infrastructure, which can lead to an increase in the use of low-carbon fuels in the transport sector.;;;;;;;;;;;;;;
464;GHG Reduction;;+;1.0;;;;;;;;;;;;;;;;;;;Urban Mobility;;;;;;;;;;The implementation of GHG reduction targets can enable the development and deployment of low-carbon technologies in urban mobility, which can lead to a decrease in emissions from the transport sector.;;;;;;;;;;;;;;
465;GHG Reduction;;+;1.0;;;;;;;;;;;;;;;;;;;Transport Logistics;;;;;;;;;;The reduction of GHG emissions can enable the development and deployment of low-carbon technologies in transport logistics, which can lead to a decrease in emissions from the transport sector.;;;;;;;;;;;;;;
466;Circularity/Recycling;;+;2.0;;;;;;;;;;;;;;;;;;;Waste Reduction;;;;;;;;;;The implementation of circular economy and recycling targets can reinforce waste reduction efforts by promoting the use of recycled materials and reducing waste generation.;;;;;;;;;;;;;;
467;Circularity/Recycling;;+;1.0;;;;;;;;;;;;;;;;;;;Net-Zero Technology - Road Vehicles;;;;;;;;;;The transition to a circular economy can enable the development and deployment of net-zero technology in road vehicles, which can lead to a decrease in emissions from the transport sector.;;;;;;;;;;;;;;
468;Circularity/Recycling;;+;1.0;;;;;;;;;;;;;;;;;;;Net-Zero Technology - Maritime Transport;;;;;;;;;;The implementation of circular economy and recycling targets can enable the development and deployment of net-zero technology in maritime transport, which can lead to a decrease in emissions from the maritime sector.;;;;;;;;;;;;;;
469;Circularity/Recycling;;+;1.0;;;;;;;;;;;;;;;;;;;Net-Zero Technology - Aviation;;;;;;;;;;The transition to a circular economy can enable the development and deployment of net-zero technology in aviation, which can lead to a decrease in emissions from the aviation sector.;;;;;;;;;;;;;;
470;Circularity/Recycling;;+;1.0;;;;;;;;;;;;;;;;;;;Biofuels;;;;;;;;;;The implementation of circular economy and recycling targets can enable the development and use of biofuels, which can lead to a decrease in emissions from the transport sector.;;;;;;;;;;;;;;
471;Circularity/Recycling;;+;1.0;;;;;;;;;;;;;;;;;;;Other Low-Carbon Fuels;;;;;;;;;;The transition to a circular economy can enable the development and use of other low-carbon fuels, which can lead to a decrease in emissions from the transport sector.;;;;;;;;;;;;;;
472;Circularity/Recycling;;+;1.0;;;;;;;;;;;;;;;;;;;Hydrogen Distribution;;;;;;;;;;The implementation of circular economy and recycling targets can enable the development and deployment of hydrogen distribution infrastructure, which can lead to an increase in the use of low-carbon fuels in the transport sector.;;;;;;;;;;;;;;
473;Circularity/Recycling;;+;1.0;;;;;;;;;;;;;;;;;;;Urban Mobility;;;;;;;;;;The transition to a circular economy can enable the development and deployment of low-carbon technologies in urban mobility, which can lead to a decrease in emissions from the transport sector.;;;;;;;;;;;;;;
474;Circularity/Recycling;;+;1.0;;;;;;;;;;;;;;;;;;;Transport Logistics;;;;;;;;;;The implementation of circular economy and recycling targets can enable the development and deployment of low-carbon technologies in transport logistics, which can lead to a decrease in emissions from the transport sector.;;;;;;;;;;;;;;
475;Net-Zero Technology - Road Vehicles;;+;2.0;;;;;;;;;;;;;;;;;;;Waste Reduction;;;;;;;;;;The development and deployment of net-zero technology in road vehicles can reinforce waste reduction efforts by promoting the use of recycled materials and reducing waste generation.;;;;;;;;;;;;;;
476;Net-Zero Technology - Road Vehicles;;+;2.0;;;;;;;;;;;;;;;;;;;Circularity/Recycling;;;;;;;;;;The implementation of net-zero technology in road vehicles can enable the transition to a circular economy by promoting the use of recycled materials and reducing waste generation.;;;;;;;;;;;;;;
477;Net-Zero Technology - Maritime Transport;;+;2.0;;;;;;;;;;;;;;;;;;;Waste Reduction;;;;;;;;;;The development and deployment of net-zero technology in maritime transport can reinforce waste reduction efforts by promoting the use of recycled materials and reducing waste generation.;;;;;;;;;;;;;;
478;Net-Zero Technology - Maritime Transport;;+;2.0;;;;;;;;;;;;;;;;;;;Circularity/Recycling;;;;;;;;;;The implementation of net-zero technology in maritime transport can enable the transition to a circular economy by promoting the use of recycled materials and reducing waste generation.;;;;;;;;;;;;;;
479;Net-Zero Technology - Aviation;;+;2.0;;;;;;;;;;;;;;;;;;;Waste Reduction;;;;;;;;;;The development and deployment of net-zero technology in aviation can reinforce waste reduction efforts by promoting the use of recycled materials and reducing waste generation.;;;;;;;;;;;;;;
480;Net-Zero Technology - Aviation;;+;2.0;;;;;;;;;;;;;;;;;;;Circularity/Recycling;;;;;;;;;;The implementation of net-zero technology in aviation can enable the transition to a circular economy by promoting the use of recycled materials and reducing waste generation.;;;;;;;;;;;;;;
481;Biofuels;;+;1.0;;;;;;;;;;;;;;;;;;;Waste Reduction;;;;;;;;;;The development and use of biofuels can enable waste reduction efforts by promoting the use of recycled materials and reducing waste generation.;;;;;;;;;;;;;;
482;Biofuels;;+;1.0;;;;;;;;;;;;;;;;;;;Circularity/Recycling;;;;;;;;;;The implementation of biofuels can enable the transition to a circular economy by promoting the use of recycled materials and reducing waste generation.;;;;;;;;;;;;;;
483;Other Low-Carbon Fuels;;+;1.0;;;;;;;;;;;;;;;;;;;Waste Reduction;;;;;;;;;;The development and use of other low-carbon fuels can enable waste reduction efforts by promoting the use of recycled materials and reducing waste generation.;;;;;;;;;;;;;;
484;Other Low-Carbon Fuels;;+;1.0;;;;;;;;;;;;;;;;;;;Circularity/Recycling;;;;;;;;;;The implementation of other low-carbon fuels can enable the transition to a circular economy by promoting the use of recycled materials and reducing waste generation.;;;;;;;;;;;;;;
485;Hydrogen Distribution;;+;1.0;;;;;;;;;;;;;;;;;;;Waste Reduction;;;;;;;;;;The development and deployment of hydrogen distribution infrastructure can enable waste reduction efforts by promoting the use of recycled materials and reducing waste generation.;;;;;;;;;;;;;;
486;Hydrogen Distribution;;+;1.0;;;;;;;;;;;;;;;;;;;Circularity/Recycling;;;;;;;;;;The implementation of hydrogen distribution can enable the transition to a circular economy by promoting the use of recycled materials and reducing waste generation.;;;;;;;;;;;;;;
487;Urban Mobility;;+;1.0;;;;;;;;;;;;;;;;;;;Waste Reduction;;;;;;;;;;The development and deployment of low-carbon technologies in urban mobility can enable waste reduction efforts by promoting the use of recycled materials and reducing waste generation.;;;;;;;;;;;;;;
488;Urban Mobility;;+;1.0;;;;;;;;;;;;;;;;;;;Circularity/Recycling;;;;;;;;;;The implementation of low-carbon technologies in urban mobility can enable the transition to a circular economy by promoting the use of recycled materials and reducing waste generation.;;;;;;;;;;;;;;
489;Transport Logistics;;+;1.0;;;;;;;;;;;;;;;;;;;Waste Reduction;;;;;;;;;;The development and deployment of low-carbon technologies in transport logistics can enable waste reduction efforts by promoting the use of recycled materials and reducing waste generation.;;;;;;;;;;;;;;
490;Transport Logistics;;+;1.0;;;;;;;;;;;;;;;;;;;Circularity/Recycling;;;;;;;;;;The implementation of low-carbon technologies in transport logistics can enable the transition to a circular economy by promoting the use of recycled materials and reducing waste generation.;;;;;;;;;;;;;;
491;;;;;;;;;GHG Reduction;Terrestrial Ecosystems Restoration;+;2.0;Implementing GHG reduction targets can reinforce terrestrial ecosystems restoration by reducing pollution and promoting sustainable land use, thus creating a positive impact on the restoration of ecosystems.;;;;;;;;;;;;;;;;;;;;;;;;;;;;;;;;;;
492;;;;;;;;;GHG Reduction;Terrestrial Ecosystems Restoration - Agricultural Ecosystems;+;1.0;Reducing GHG emissions can enable the restoration of agricultural ecosystems by promoting sustainable agriculture practices and reducing the environmental impact of farming.;;;;;;;;;;;;;;;;;;;;;;;;;;;;;;;;;;
493;;;;;;;;;GHG Reduction;Terrestrial Ecosystems Restoration - Forests;+;2.0;GHG reduction efforts can support the restoration of forests by reducing the risk of wildfires and promoting sustainable forest management.;;;;;;;;;;;;;;;;;;;;;;;;;;;;;;;;;;
494;;;;;;;;;GHG Reduction;Marine Ecosystem Restoration;+;1.0;Reducing GHG emissions can help restore marine ecosystems by mitigating the effects of ocean acidification and promoting sustainable fishing practices.;;;;;;;;;;;;;;;;;;;;;;;;;;;;;;;;;;
495;;;;;;;;;GHG Reduction;Biodiversity Protection & Conservation;+;2.0;Implementing GHG reduction targets can reinforce biodiversity protection and conservation efforts by reducing pollution and promoting sustainable land use, thus creating a positive impact on biodiversity.;;;;;;;;;;;;;;;;;;;;;;;;;;;;;;;;;;
496;;;;;;;;;GHG Reduction;Biodiversity Protection & Conservation - Fisheries;+;1.0;Reducing GHG emissions can support biodiversity protection and conservation in fisheries by promoting sustainable fishing practices and reducing bycatch.;;;;;;;;;;;;;;;;;;;;;;;;;;;;;;;;;;
497;;;;;;;;;GHG Reduction;Biodiversity Protection & Conservation - Monitoring;+;1.0;GHG reduction efforts can support biodiversity monitoring by providing data and promoting sustainable land use, thus creating conditions for effective biodiversity conservation.;;;;;;;;;;;;;;;;;;;;;;;;;;;;;;;;;;
498;;;;;;;;;GHG Reduction;Biodiversity Protection & Conservation - Urban Nature;+;1.0;Reducing GHG emissions can support biodiversity protection and conservation in urban areas by promoting sustainable urban planning and reducing air pollution.;;;;;;;;;;;;;;;;;;;;;;;;;;;;;;;;;;
499;;;;;;;;;Terrestrial Ecosystems Restoration;Food quality;+;1.0;Restoring terrestrial ecosystems can support food quality by promoting sustainable agriculture practices and reducing the use of pesticides and fertilizers.;;;;;;;;;;;;;;;;;;;;;;;;;;;;;;;;;;
500;;;;;;;;;Terrestrial Ecosystems Restoration - Agricultural Ecosystems;Food affordability;+;1.0;Restoring agricultural ecosystems can support food affordability by promoting sustainable agriculture practices and reducing food waste.;;;;;;;;;;;;;;;;;;;;;;;;;;;;;;;;;;
501;;;;;;;;;Terrestrial Ecosystems Restoration - Forests;Pesticides Reduction;+;2.0;Restoring forests can support pesticide reduction efforts by promoting sustainable forest management and reducing the use of pesticides.;;;;;;;;;;;;;;;;;;;;;;;;;;;;;;;;;;
502;;;;;;;;;Marine Ecosystem Restoration;Competitive Agriculture;+;1.0;Restoring marine ecosystems can support competitive agriculture by promoting sustainable fishing practices and reducing the environmental impact of fishing.;;;;;;;;;;;;;;;;;;;;;;;;;;;;;;;;;;
503;;;;;;;;;Biodiversity Protection & Conservation;Food quality - Animal Welfare;+;2.0;Protecting biodiversity can support animal welfare by promoting sustainable agriculture practices and reducing the use of pesticides and fertilizers, thus creating better conditions for animal health.;;;;;;;;;;;;;;;;;;;;;;;;;;;;;;;;;;
504;;;;;;;;;Biodiversity Protection & Conservation - Fisheries;Food quality - Healthy Food;+;1.0;Protecting biodiversity in fisheries can support healthy food production by promoting sustainable fishing practices and reducing the use of harmful substances.;;;;;;;;;;;;;;;;;;;;;;;;;;;;;;;;;;
505;;;;;;;;;Biodiversity Protection & Conservation - Monitoring;Social Security - Workers Protection;+;1.0;Monitoring biodiversity can support social security and worker protection by providing data and promoting sustainable land use, thus creating conditions for fair labor practices.;;;;;;;;;;;;;;;;;;;;;;;;;;;;;;;;;;
506;;;;;;;;;Biodiversity Protection & Conservation - Urban Nature;Food affordability;+;1.0;Protecting urban nature can support food affordability by promoting sustainable urban planning and reducing food waste.;;;;;;;;;;;;;;;;;;;;;;;;;;;;;;;;;;
507;;;;;;;;;GHG Reduction;Terrestrial Ecosystems Restoration;+;2.0;The implementation of GHG reduction targets can reinforce the restoration of terrestrial ecosystems, as reducing emissions can lead to increased carbon sequestration in forests and other ecosystems, which in turn can support biodiversity conservation and ecosystem services.;;;;;;;;;;;;;;;;;;;;;;;;;;;;;;;;;;
508;;;;;;;;;GHG Reduction;Terrestrial Ecosystems Restoration - Agricultural Ecosystems;+;1.0;Reducing GHG emissions can create conditions that further the restoration of agricultural ecosystems, as it can lead to increased use of sustainable agricultural practices and reduced synthetic fertilizer use, which can improve soil health and reduce pollution.;;;;;;;;;;;;;;;;;;;;;;;;;;;;;;;;;;
509;;;;;;;;;GHG Reduction;Marine Ecosystem Restoration;+;1.0;Reducing GHG emissions can create conditions that further the restoration of marine ecosystems, as it can lead to reduced ocean acidification and increased marine biodiversity.;;;;;;;;;;;;;;;;;;;;;;;;;;;;;;;;;;
510;;;;;;;;;GHG Reduction;Biodiversity Protection & Conservation;+;2.0;The implementation of GHG reduction targets can aid the protection and conservation of biodiversity, as reducing emissions can lead to improved air and water quality, which can support the health and resilience of ecosystems and species.;;;;;;;;;;;;;;;;;;;;;;;;;;;;;;;;;;
511;;;;;;;;;GHG Reduction;Biodiversity Protection & Conservation - Fisheries;+;1.0;Reducing GHG emissions can create conditions that further the protection and conservation of fisheries, as it can lead to reduced pollution and improved water quality, which can support the health and resilience of aquatic ecosystems.;;;;;;;;;;;;;;;;;;;;;;;;;;;;;;;;;;
512;;;;;;;;;Net-Zero Technology - Road Vehicles;Terrestrial Ecosystems Restoration;+;2.0;The development and deployment of net-zero technology in road vehicles can reinforce the restoration of terrestrial ecosystems, as it can lead to increased use of renewable energy sources and reduced emissions, which can support biodiversity conservation and ecosystem services.;;;;;;;;;;;;;;;;;;;;;;;;;;;;;;;;;;
513;;;;;;;;;Net-Zero Technology - Road Vehicles;Terrestrial Ecosystems Restoration - Agricultural Ecosystems;+;1.0;The implementation of net-zero technology in road vehicles can create conditions that further the restoration of agricultural ecosystems, as it can lead to increased use of sustainable agricultural practices and reduced synthetic fertilizer use, which can improve soil health and reduce pollution.;;;;;;;;;;;;;;;;;;;;;;;;;;;;;;;;;;
514;;;;;;;;;Net-Zero Technology - Road Vehicles;Marine Ecosystem Restoration;+;1.0;The development and deployment of net-zero technology in road vehicles can create conditions that further the restoration of marine ecosystems, as it can lead to reduced pollution and improved water quality, which can support the health and resilience of aquatic ecosystems.;;;;;;;;;;;;;;;;;;;;;;;;;;;;;;;;;;
515;;;;;;;;;Net-Zero Technology - Road Vehicles;Biodiversity Protection & Conservation;+;2.0;The implementation of net-zero technology in road vehicles can aid the protection and conservation of biodiversity, as it can lead to improved air and water quality, which can support the health and resilience of ecosystems and species.;;;;;;;;;;;;;;;;;;;;;;;;;;;;;;;;;;
516;;;;;;;;;Net-Zero Technology - Road Vehicles;Biodiversity Protection & Conservation - Fisheries;+;1.0;The development and deployment of net-zero technology in road vehicles can create conditions that further the protection and conservation of fisheries, as it can lead to reduced pollution and improved water quality, which can support the health and resilience of aquatic ecosystems.;;;;;;;;;;;;;;;;;;;;;;;;;;;;;;;;;;
517;;;;;;;;;Biofuels;Terrestrial Ecosystems Restoration;+;1.0;The production and use of biofuels can create conditions that further the restoration of terrestrial ecosystems, as it can lead to increased use of sustainable land-use practices and reduced emissions, which can support biodiversity conservation and ecosystem services.;;;;;;;;;;;;;;;;;;;;;;;;;;;;;;;;;;
518;;;;;;;;;Biofuels;Terrestrial Ecosystems Restoration - Agricultural Ecosystems;+;1.0;The implementation of biofuels can create conditions that further the restoration of agricultural ecosystems, as it can lead to increased use of sustainable agricultural practices and reduced synthetic fertilizer use, which can improve soil health and reduce pollution.;;;;;;;;;;;;;;;;;;;;;;;;;;;;;;;;;;
519;;;;;;;;;Biofuels;Marine Ecosystem Restoration;+;1.0;The production and use of biofuels can create conditions that further the restoration of marine ecosystems, as it can lead to reduced pollution and improved water quality, which can support the health and resilience of aquatic ecosystems.;;;;;;;;;;;;;;;;;;;;;;;;;;;;;;;;;;
520;;;;;;;;;Biofuels;Biodiversity Protection & Conservation;+;2.0;The implementation of biofuels can aid the protection and conservation of biodiversity, as it can lead to improved air and water quality, which can support the health and resilience of ecosystems and species.;;;;;;;;;;;;;;;;;;;;;;;;;;;;;;;;;;
521;;;;;;;;;Biofuels;Biodiversity Protection & Conservation - Fisheries;+;1.0;The production and use of biofuels can create conditions that further the protection and conservation of fisheries, as it can lead to reduced pollution and improved water quality, which can support the health and resilience of aquatic ecosystems.;;;;;;;;;;;;;;;;;;;;;;;;;;;;;;;;;;
522;;;;;;;;;Other Low-Carbon Fuels;Terrestrial Ecosystems Restoration;+;1.0;The production and use of other low-carbon fuels can create conditions that further the restoration of terrestrial ecosystems, as it can lead to increased use of sustainable land-use practices and reduced emissions, which can support biodiversity conservation and ecosystem services.;;;;;;;;;;;;;;;;;;;;;;;;;;;;;;;;;;
523;;;;;;;;;Other Low-Carbon Fuels;Terrestrial Ecosystems Restoration - Agricultural Ecosystems;+;1.0;The implementation of other low-carbon fuels can create conditions that further the restoration of agricultural ecosystems, as it can lead to increased use of sustainable agricultural practices and reduced synthetic fertilizer use, which can improve soil health and reduce pollution.;;;;;;;;;;;;;;;;;;;;;;;;;;;;;;;;;;
524;;;;;;;;;Other Low-Carbon Fuels;Marine Ecosystem Restoration;+;1.0;The production and use of other low-carbon fuels can create conditions that further the restoration of marine ecosystems, as it can lead to reduced pollution and improved water quality, which can support the health and resilience of aquatic ecosystems.;;;;;;;;;;;;;;;;;;;;;;;;;;;;;;;;;;
525;;;;;;;;;Other Low-Carbon Fuels;Biodiversity Protection & Conservation;+;2.0;The implementation of other low-carbon fuels can aid the protection and conservation of biodiversity, as it can lead to improved air and water quality, which can support the health and resilience of ecosystems and species.;;;;;;;;;;;;;;;;;;;;;;;;;;;;;;;;;;
526;;;;;;;;;Other Low-Carbon Fuels;Biodiversity Protection & Conservation - Fisheries;+;1.0;The production and use of other low-carbon fuels can create conditions that further the protection and conservation of fisheries, as it can lead to reduced pollution and improved water quality, which can support the health and resilience of aquatic ecosystems.;;;;;;;;;;;;;;;;;;;;;;;;;;;;;;;;;;
527;;;;;;;;;Hydrogen Distribution;Terrestrial Ecosystems Restoration;+;1.0;The development and deployment of hydrogen distribution infrastructure can create conditions that further the restoration of terrestrial ecosystems, as it can lead to increased use of renewable energy sources and reduced emissions, which can support biodiversity conservation and ecosystem services.;;;;;;;;;;;;;;;;;;;;;;;;;;;;;;;;;;
528;;;;;;;;;Hydrogen Distribution;Terrestrial Ecosystems Restoration - Agricultural Ecosystems;+;1.0;The implementation of hydrogen distribution can create conditions that further the restoration of agricultural ecosystems, as it can lead to increased use of sustainable agricultural practices and reduced synthetic fertilizer use, which can improve soil health and reduce pollution.;;;;;;;;;;;;;;;;;;;;;;;;;;;;;;;;;;
529;;;;;;;;;Hydrogen Distribution;Marine Ecosystem Restoration;+;1.0;The development and deployment of hydrogen distribution infrastructure can create conditions that further the restoration of marine ecosystems, as it can lead to reduced pollution and improved water quality, which can support the health and resilience of aquatic ecosystems.;;;;;;;;;;;;;;;;;;;;;;;;;;;;;;;;;;
530;;;;;;;;;Hydrogen Distribution;Biodiversity Protection & Conservation;+;2.0;The implementation of hydrogen distribution can aid the protection and conservation of biodiversity, as it can lead to improved air and water quality, which can support the health and resilience of ecosystems and species.;;;;;;;;;;;;;;;;;;;;;;;;;;;;;;;;;;
531;;;;;;;;;Hydrogen Distribution;Biodiversity Protection & Conservation - Fisheries;+;1.0;The development and deployment of hydrogen distribution infrastructure can create conditions that further the protection and conservation of fisheries, as it can lead to reduced pollution and improved water quality, which can support the health and resilience of aquatic ecosystems.;;;;;;;;;;;;;;;;;;;;;;;;;;;;;;;;;;
532;;;;;;;;;Urban Mobility;Terrestrial Ecosystems Restoration;+;1.0;The development and implementation of urban mobility solutions can create conditions that further the restoration of terrestrial ecosystems, as it can lead to increased use of sustainable land-use practices and reduced emissions, which can support biodiversity conservation and ecosystem services.;;;;;;;;;;;;;;;;;;;;;;;;;;;;;;;;;;
533;;;;;;;;;Urban Mobility;Terrestrial Ecosystems Restoration - Agricultural Ecosystems;+;1.0;The implementation of urban mobility can create conditions that further the restoration of agricultural ecosystems, as it can lead to increased use of sustainable agricultural practices and reduced synthetic fertilizer use, which can improve soil health and reduce pollution.;;;;;;;;;;;;;;;;;;;;;;;;;;;;;;;;;;
534;;;;;;;;;Urban Mobility;Marine Ecosystem Restoration;+;1.0;The development and implementation of urban mobility solutions can create conditions that further the restoration of marine ecosystems, as it can lead to reduced pollution and improved water quality, which can support the health and resilience of aquatic ecosystems.;;;;;;;;;;;;;;;;;;;;;;;;;;;;;;;;;;
535;;;;;;;;;Urban Mobility;Biodiversity Protection & Conservation;+;2.0;The implementation of urban mobility can aid the protection and conservation of biodiversity, as it can lead to improved air and water quality, which can support the health and resilience of ecosystems and species.;;;;;;;;;;;;;;;;;;;;;;;;;;;;;;;;;;
536;;;;;;;;;Urban Mobility;Biodiversity Protection & Conservation - Fisheries;+;1.0;The development and implementation of urban mobility solutions can create conditions that further the protection and conservation of fisheries, as it can lead to reduced pollution and improved water quality, which can support the health and resilience of aquatic ecosystems.;;;;;;;;;;;;;;;;;;;;;;;;;;;;;;;;;;
537;;;;;;;;;Transport Logistics;Terrestrial Ecosystems Restoration;+;1.0;The development and implementation of transport logistics solutions can create conditions that further the restoration of terrestrial ecosystems, as it can lead to increased use of sustainable land-use practices and reduced emissions, which can support biodiversity conservation and ecosystem services.;;;;;;;;;;;;;;;;;;;;;;;;;;;;;;;;;;
538;;;;;;;;;Transport Logistics;Terrestrial Ecosystems Restoration - Agricultural Ecosystems;+;1.0;The implementation of transport logistics can create conditions that further the restoration of agricultural ecosystems, as it can lead to increased use of sustainable agricultural practices and reduced synthetic fertilizer use, which can improve soil health and reduce pollution.;;;;;;;;;;;;;;;;;;;;;;;;;;;;;;;;;;
539;;;;;;;;;Transport Logistics;Marine Ecosystem Restoration;+;1.0;The development and implementation of transport logistics solutions can create conditions that further the restoration of marine ecosystems, as it can lead to reduced pollution and improved water quality, which can support the health and resilience of aquatic ecosystems.;;;;;;;;;;;;;;;;;;;;;;;;;;;;;;;;;;
540;;;;;;;;;Transport Logistics;Biodiversity Protection & Conservation;+;2.0;The implementation of transport logistics can aid the protection and conservation of biodiversity, as it can lead to improved air and water quality, which can support the health and resilience of ecosystems and species.;;;;;;;;;;;;;;;;;;;;;;;;;;;;;;;;;;
541;;;;;;;;;Transport Logistics;Biodiversity Protection & Conservation - Fisheries;+;1.0;The development and implementation of transport logistics solutions can create conditions that further the protection and conservation of fisheries, as it can lead to reduced pollution and improved water quality, which can support the health and resilience of aquatic ecosystems.;;;;;;;;;;;;;;;;;;;;;;;;;;;;;;;;;;
542;GHG Reduction;;;;;;1.0;;;;;;;;;;GHG Removal;;;;;;;;;;;;;;Enabling;;;The implementation of GHG reduction targets can enable the achievement of GHG removal by creating conditions that support the development and deployment of carbon removal technologies.;;;;;;;;;;;;;
543;GHG Reduction - Buildings;;;;;;3.0;;;;;;;;;;GHG Reduction;;;;;;;;;;;;;;Indivisible;;;The implementation of GHG reduction targets in buildings is inextricably linked to the achievement of overall GHG reduction, as buildings account for a significant portion of GHG emissions.;;;;;;;;;;;;;
544;GHG Reduction - Buildings;;;;;;2.0;;;;;;;;;;GHG Removal;;;;;;;;;;;;;;Reinforcing;;;The implementation of GHG reduction targets in buildings can reinforce the achievement of GHG removal by promoting the use of low-carbon technologies and energy-efficient practices in the building sector, which can support the development and deployment of carbon removal technologies.;;;;;;;;;;;;;
545;GHG Reduction - Transports;;;;;;1.0;;;;;;;;;;GHG Reduction;;;;;;;;;;;;;;Enabling;;;The implementation of GHG reduction targets in transport can enable the achievement of overall GHG reduction by creating conditions that support the development and deployment of low-carbon technologies and energy-efficient practices in the transport sector.;;;;;;;;;;;;;
546;GHG Reduction - Transports;;;;;;2.0;;;;;;;;;;GHG Removal;;;;;;;;;;;;;;Reinforcing;;;The implementation of GHG reduction targets in transport can reinforce the achievement of GHG removal by promoting the use of low-carbon technologies and energy-efficient practices in the transport sector, which can support the development and deployment of carbon removal technologies.;;;;;;;;;;;;;
547;Improve Air Quality;;;;;;2.0;;;;;;;;;;GHG Reduction;;;;;;;;;;;;;;Reinforcing;;;The implementation of air quality improvement targets can reinforce the achievement of GHG reduction by promoting the use of low-carbon technologies and energy-efficient practices that reduce air pollution and GHG emissions.;;;;;;;;;;;;;
548;Improve Air Quality;;;;;;1.0;;;;;;;;;;GHG Reduction - Buildings;;;;;;;;;;;;;;Enabling;;;The implementation of air quality improvement targets can enable the achievement of GHG reduction in buildings by creating conditions that support the development and deployment of low-carbon technologies and energy-efficient practices in the building sector.;;;;;;;;;;;;;
549;Improve Air Quality;;;;;;2.0;;;;;;;;;;GHG Reduction - Transports;;;;;;;;;;;;;;Reinforcing;;;The implementation of air quality improvement targets can reinforce the achievement of GHG reduction in transport by promoting the use of low-carbon technologies and energy-efficient practices in the transport sector, which can support the development and deployment of carbon removal technologies.;;;;;;;;;;;;;
550;Improve Water Quality;;;;;;1.0;;;;;;;;;;GHG Reduction;;;;;;;;;;;;;;Enabling;;;The implementation of water quality improvement targets can enable the achievement of GHG reduction by creating conditions that support the development and deployment of low-carbon technologies and energy-efficient practices that reduce water pollution and GHG emissions.;;;;;;;;;;;;;
551;Improve Water Quality;;;;;;2.0;;;;;;;;;;GHG Reduction - Buildings;;;;;;;;;;;;;;Reinforcing;;;The implementation of water quality improvement targets can reinforce the achievement of GHG reduction in buildings by promoting the use of low-carbon technologies and energy-efficient practices in the building sector, which can support the development and deployment of carbon removal technologies.;;;;;;;;;;;;;
552;Improve Water Quality;;;;;;1.0;;;;;;;;;;GHG Reduction - Transports;;;;;;;;;;;;;;Enabling;;;The implementation of water quality improvement targets can enable the achievement of GHG reduction in transport by creating conditions that support the development and deployment of low-carbon technologies and energy-efficient practices in the transport sector.;;;;;;;;;;;;;
553;Improve Soils Health;;;;;;2.0;;;;;;;;;;GHG Reduction;;;;;;;;;;;;;;Reinforcing;;;The implementation of soil health improvement targets can reinforce the achievement of GHG reduction by promoting the use of low-carbon technologies and energy-efficient practices that reduce soil degradation and GHG emissions.;;;;;;;;;;;;;
554;Improve Soils Health;;;;;;1.0;;;;;;;;;;GHG Reduction - Buildings;;;;;;;;;;;;;;Enabling;;;The implementation of soil health improvement targets can enable the achievement of GHG reduction in buildings by creating conditions that support the development and deployment of low-carbon technologies and energy-efficient practices in the building sector.;;;;;;;;;;;;;
555;Improve Soils Health;;;;;;2.0;;;;;;;;;;GHG Reduction - Transports;;;;;;;;;;;;;;Reinforcing;;;The implementation of soil health improvement targets can reinforce the achievement of GHG reduction in transport by promoting the use of low-carbon technologies and energy-efficient practices in the transport sector, which can support the development and deployment of carbon removal technologies.;;;;;;;;;;;;;
556;Noise Reduction;;;;;;1.0;;;;;;;;;;GHG Reduction;;;;;;;;;;;;;;Enabling;;;The implementation of noise reduction targets can enable the achievement of GHG reduction by creating conditions that support the development and deployment of low-carbon technologies and energy-efficient practices that reduce noise pollution and GHG emissions.;;;;;;;;;;;;;
557;Noise Reduction;;;;;;2.0;;;;;;;;;;GHG Reduction - Buildings;;;;;;;;;;;;;;Reinforcing;;;The implementation of noise reduction targets can reinforce the achievement of GHG reduction in buildings by promoting the use of low-carbon technologies and energy-efficient practices in the building sector, which can support the development and deployment of carbon removal technologies.;;;;;;;;;;;;;
558;Noise Reduction;;;;;;1.0;;;;;;;;;;GHG Reduction - Transports;;;;;;;;;;;;;;Enabling;;;The implementation of noise reduction targets can enable the achievement of GHG reduction in transport by creating conditions that support the development and deployment of low-carbon technologies and energy-efficient practices in the transport sector.;;;;;;;;;;;;;
559;Social Security - Sanitation;;;;;;1.0;;;;;;;;;;GHG Reduction;;;;;;;;;;;;;;Enabling;;;The implementation of social security and sanitation targets can enable the achievement of GHG reduction by creating conditions that support the development and deployment of low-carbon technologies and energy-efficient practices that reduce GHG emissions and improve sanitation.;;;;;;;;;;;;;
560;Social Security - Sanitation;;;;;;2.0;;;;;;;;;;GHG Reduction - Buildings;;;;;;;;;;;;;;Reinforcing;;;The implementation of social security and sanitation targets can reinforce the achievement of GHG reduction in buildings by promoting the use of low-carbon technologies and energy-efficient practices in the building sector, which can support the development and deployment of carbon removal technologies.;;;;;;;;;;;;;
561;Social Security - Sanitation;;;;;;1.0;;;;;;;;;;GHG Reduction - Transports;;;;;;;;;;;;;;Enabling;;;The implementation of social security and sanitation targets can enable the achievement of GHG reduction in transport by creating conditions that support the development and deployment of low-carbon technologies and energy-efficient practices in the transport sector.;;;;;;;;;;;;;
562;GHG Reduction;Energy Efficiency;;;;;2.0;;;;;;;;;;;;;;;;;;;;;;;;Reinforcing;;;;The reduction of GHG emissions can reinforce energy efficiency measures by promoting the use of low-carbon technologies and reducing energy waste, which in turn supports the transition to a low-carbon economy.;;;;;;;;;;;;
563;Improve Air Quality;Renewable Energy - Heating & Cooling;;;;;1.0;;;;;;;;;;;;;;;;;;;;;;;;Enabling;;;;Improving air quality can enable the increased adoption of renewable heating and cooling solutions, as cleaner air can improve the efficiency and effectiveness of these systems.;;;;;;;;;;;;
564;Improve Soils Health;Renewable Energy - Solar;;;;;1.0;;;;;;;;;;;;;;;;;;;;;;;;Enabling;;;;Healthy soils can enable the expansion of solar energy by providing a stable and suitable environment for the installation of solar panels, particularly in agricultural areas.;;;;;;;;;;;;
565;Noise Reduction;Social Security - Sanitation;;;;;1.0;;;;;;;;;;;;;;;;;;;;;;;;Enabling;;;;Reducing noise pollution can enable the improvement of sanitation services by decreasing the negative impacts of noise on human health and increasing the accessibility of sanitation facilities.;;;;;;;;;;;;
566;Improve Water Quality;Energy Efficiency - Buildings;;;;;2.0;;;;;;;;;;;;;;;;;;;;;;;;Reinforcing;;;;Improving water quality can reinforce energy efficiency in buildings by reducing the energy needed for water treatment and promoting the use of energy-efficient appliances.;;;;;;;;;;;;
567;Improve Soils Health;Energy Infrastructure;;;;;2.0;;;;;;;;;;;;;;;;;;;;;;;;Reinforcing;;;;Healthy soils can reinforce the development of energy infrastructure by providing a stable environment for the construction and operation of energy facilities, such as wind farms and solar parks.;;;;;;;;;;;;
568;Improve Air Quality;Renewable Energy;;;;;2.0;;;;;;;;;;;;;;;;;;;;;;;;Reinforcing;;;;Improving air quality can reinforce the transition to renewable energy by reducing air pollution from fossil fuels and promoting the use of clean energy sources.;;;;;;;;;;;;
569;Improve Soils Health;Renewable Energy - Hydrogen Production;;;;;1.0;;;;;;;;;;;;;;;;;;;;;;;;Enabling;;;;Healthy soils can enable the production of renewable hydrogen by providing a suitable environment for the installation of electrolysis facilities and promoting the use of biomass for hydrogen production.;;;;;;;;;;;;
570;Noise Reduction;Energy Efficiency - Buildings;;;;;1.0;;;;;;;;;;;;;;;;;;;;;;;;Enabling;;;;Reducing noise pollution can enable the improvement of energy efficiency in buildings by promoting the use of soundproofing materials and reducing the energy needed for cooling and heating.;;;;;;;;;;;;
571;Improve Water Quality;Renewable Energy - Ocean/Offshore;;;;;1.0;;;;;;;;;;;;;;;;;;;;;;;;Enabling;;;;Improving water quality can enable the expansion of offshore renewable energy by reducing the environmental impacts of offshore energy production and promoting the use of ocean energy.;;;;;;;;;;;;
572;Improve Soils Health;Renewable Energy - Solar;;;;;2.0;;;;;;;;;;;;;;;;;;;;;;;;Reinforcing;;;;Healthy soils can reinforce the expansion of solar energy by providing a stable environment for the installation of solar panels and promoting the use of solar energy for soil conservation and sustainable agriculture.;;;;;;;;;;;;
573;Improve Air Quality;Energy Efficiency;;;;;2.0;;;;;;;;;;;;;;;;;;;;;;;;Reinforcing;;;;Improving air quality can reinforce energy efficiency measures by promoting the use of low-carbon technologies and reducing energy waste, thus supporting the transition to a low-carbon economy.;;;;;;;;;;;;
574;Improve Soils Health;Social Security - Energy;;;;;1.0;;;;;;;;;;;;;;;;;;;;;;;;Enabling;;;;Healthy soils can enable the improvement of energy access by providing a suitable environment for the installation of renewable energy facilities and promoting the use of energy-efficient appliances.;;;;;;;;;;;;
575;GHG Reduction;;+;1.0;;;;;;;;;;;;;;;;;;;;;;;;;;;Enabling;;;;;Improve Water Quality;Reducing GHG emissions can enable the improvement of water quality by decreasing the energy consumption needed for water treatment and increasing the use of renewable energy sources.;;;;;;;;;;
576;GHG Reduction;;+;1.0;;;;;;;;;;;;;;;;;;;;;;;;;;;Enabling;;;;;Noise Reduction;The implementation of GHG reduction targets can enable noise reduction by promoting the use of electric or hybrid vehicles, which are generally quieter than traditional vehicles.;;;;;;;;;;
577;GHG Reduction;;+;1.0;;;;;;;;;;;;;;;;;;;;;;;;;;;Enabling;;;;;Social Security - Sanitation;Reducing GHG emissions can enable the improvement of social security and sanitation by increasing access to clean energy and reducing the environmental impacts of energy production.;;;;;;;;;;
578;Biofuels;;+;2.0;;;;;;;;;;;;;;;;;;;;;;;;;;;Reinforcing;;;;;Improve Air Quality;The production and use of biofuels can reinforce the improvement of air quality by providing a cleaner alternative to traditional fossil fuels.;;;;;;;;;;
579;Biofuels;;+;1.0;;;;;;;;;;;;;;;;;;;;;;;;;;;Enabling;;;;;Improve Water Quality;The use of biofuels can enable the improvement of water quality by reducing the amount of pollutants released into water bodies.;;;;;;;;;;
580;Biofuels;;+;1.0;;;;;;;;;;;;;;;;;;;;;;;;;;;Enabling;;;;;Noise Reduction;The use of biofuels can enable noise reduction by promoting the use of quieter vehicles.;;;;;;;;;;
581;Biofuels;;+;1.0;;;;;;;;;;;;;;;;;;;;;;;;;;;Enabling;;;;;Social Security - Sanitation;The production and use of biofuels can enable the improvement of social security and sanitation by increasing access to clean energy and reducing the environmental impacts of energy production.;;;;;;;;;;
582;Other Low-Carbon Fuels;;+;2.0;;;;;;;;;;;;;;;;;;;;;;;;;;;Reinforcing;;;;;Improve Air Quality;The production and use of other low-carbon fuels can reinforce the improvement of air quality by providing cleaner alternatives to traditional fossil fuels.;;;;;;;;;;
583;Other Low-Carbon Fuels;;+;1.0;;;;;;;;;;;;;;;;;;;;;;;;;;;Enabling;;;;;Improve Water Quality;The use of other low-carbon fuels can enable the improvement of water quality by reducing the amount of pollutants released into water bodies.;;;;;;;;;;
584;Other Low-Carbon Fuels;;+;1.0;;;;;;;;;;;;;;;;;;;;;;;;;;;Enabling;;;;;Noise Reduction;The use of other low-carbon fuels can enable noise reduction by promoting the use of quieter vehicles.;;;;;;;;;;
585;Other Low-Carbon Fuels;;+;1.0;;;;;;;;;;;;;;;;;;;;;;;;;;;Enabling;;;;;Social Security - Sanitation;The production and use of other low-carbon fuels can enable the improvement of social security and sanitation by increasing access to clean energy and reducing the environmental impacts of energy production.;;;;;;;;;;
586;Hydrogen Distribution;;+;2.0;;;;;;;;;;;;;;;;;;;;;;;;;;;Reinforcing;;;;;Improve Air Quality;The distribution and use of hydrogen can reinforce the improvement of air quality by providing a cleaner alternative to traditional fossil fuels.;;;;;;;;;;
587;Hydrogen Distribution;;+;1.0;;;;;;;;;;;;;;;;;;;;;;;;;;;Enabling;;;;;Improve Water Quality;The use of hydrogen can enable the improvement of water quality by reducing the amount of pollutants released into water bodies.;;;;;;;;;;
588;Hydrogen Distribution;;+;1.0;;;;;;;;;;;;;;;;;;;;;;;;;;;Enabling;;;;;Noise Reduction;The use of hydrogen can enable noise reduction by promoting the use of quieter vehicles.;;;;;;;;;;
589;Hydrogen Distribution;;+;1.0;;;;;;;;;;;;;;;;;;;;;;;;;;;Enabling;;;;;Social Security - Sanitation;The production and use of hydrogen can enable the improvement of social security and sanitation by increasing access to clean energy and reducing the environmental impacts of energy production.;;;;;;;;;;
590;Urban Mobility;;+;2.0;;;;;;;;;;;;;;;;;;;;;;;;;;;Reinforcing;;;;;Improve Air Quality;The promotion of urban mobility can reinforce the improvement of air quality by reducing the need for personal vehicles and increasing the use of public transport.;;;;;;;;;;
591;Urban Mobility;;+;1.0;;;;;;;;;;;;;;;;;;;;;;;;;;;Enabling;;;;;Improve Water Quality;The promotion of urban mobility can enable the improvement of water quality by reducing the amount of pollutants released into water bodies.;;;;;;;;;;
592;Urban Mobility;;+;1.0;;;;;;;;;;;;;;;;;;;;;;;;;;;Enabling;;;;;Noise Reduction;The promotion of urban mobility can enable noise reduction by promoting the use of quieter vehicles.;;;;;;;;;;
593;Urban Mobility;;+;1.0;;;;;;;;;;;;;;;;;;;;;;;;;;;Enabling;;;;;Social Security - Sanitation;The promotion of urban mobility can enable the improvement of social security and sanitation by increasing access to clean energy and reducing the environmental impacts of energy production.;;;;;;;;;;
594;Transport Logistics;;+;2.0;;;;;;;;;;;;;;;;;;;;;;;;;;;Reinforcing;;;;;Improve Air Quality;The optimization of transport logistics can reinforce the improvement of air quality by reducing emissions from transportation.;;;;;;;;;;
595;Transport Logistics;;+;1.0;;;;;;;;;;;;;;;;;;;;;;;;;;;Enabling;;;;;Improve Water Quality;The optimization of transport logistics can enable the improvement of water quality by reducing the amount of pollutants released into water bodies.;;;;;;;;;;
596;Transport Logistics;;+;1.0;;;;;;;;;;;;;;;;;;;;;;;;;;;Enabling;;;;;Noise Reduction;The optimization of transport logistics can enable noise reduction by promoting the use of quieter vehicles.;;;;;;;;;;
597;Transport Logistics;;+;1.0;;;;;;;;;;;;;;;;;;;;;;;;;;;Enabling;;;;;Social Security - Sanitation;The optimization of transport logistics can enable the improvement of social security and sanitation by increasing access to clean energy and reducing the environmental impacts of energy production.;;;;;;;;;;
598;Rail;;+;2.0;;;;;;;;;;;;;;;;;;;;;;;;;;;Reinforcing;;;;;Improve Air Quality;The promotion of rail transport can reinforce the improvement of air quality by reducing emissions from transportation.;;;;;;;;;;
599;Rail;;+;1.0;;;;;;;;;;;;;;;;;;;;;;;;;;;Enabling;;;;;Improve Water Quality;The promotion of rail transport can enable the improvement of water quality by reducing the amount of pollutants released into water bodies.;;;;;;;;;;
600;Rail;;+;1.0;;;;;;;;;;;;;;;;;;;;;;;;;;;Enabling;;;;;Noise Reduction;The promotion of rail transport can enable noise reduction by promoting the use of quieter vehicles.;;;;;;;;;;
601;Rail;;+;1.0;;;;;;;;;;;;;;;;;;;;;;;;;;;Enabling;;;;;Social Security - Sanitation;The promotion of rail transport can enable the improvement of social security and sanitation by increasing access to clean energy and reducing the environmental impacts of energy production.;;;;;;;;;;
602;Net-Zero Technology - Road Vehicles;;+;2.0;;;;;;;;;;;;;;;;;;;;;;;;;;;Reinforcing;;;;;Improve Air Quality;The development and use of net-zero technology in road vehicles can reinforce the improvement of air quality by reducing emissions from transportation.;;;;;;;;;;
603;Net-Zero Technology - Road Vehicles;;+;1.0;;;;;;;;;;;;;;;;;;;;;;;;;;;Enabling;;;;;Improve Water Quality;The development and use of net-zero technology in road vehicles can enable the improvement of water quality by reducing the amount of pollutants released into water bodies.;;;;;;;;;;
604;Net-Zero Technology - Road Vehicles;;+;1.0;;;;;;;;;;;;;;;;;;;;;;;;;;;Enabling;;;;;Noise Reduction;The development and use of net-zero technology in road vehicles can enable noise reduction by promoting the use of quieter vehicles.;;;;;;;;;;
605;Net-Zero Technology - Road Vehicles;;+;1.0;;;;;;;;;;;;;;;;;;;;;;;;;;;Enabling;;;;;Social Security - Sanitation;The development and use of net-zero technology in road vehicles can enable the improvement of social security and sanitation by increasing access to clean energy and reducing the environmental impacts of energy production.;;;;;;;;;;
606;Net-Zero Technology - Maritime Transport;;+;2.0;;;;;;;;;;;;;;;;;;;;;;;;;;;Reinforcing;;;;;Improve Air Quality;The development and use of net-zero technology in maritime transport can reinforce the improvement of air quality by reducing emissions from transportation.;;;;;;;;;;
607;Net-Zero Technology - Maritime Transport;;+;1.0;;;;;;;;;;;;;;;;;;;;;;;;;;;Enabling;;;;;Improve Water Quality;The development and use of net-zero technology in maritime transport can enable the improvement of water quality by reducing the amount of pollutants released into water bodies.;;;;;;;;;;
608;Net-Zero Technology - Maritime Transport;;+;1.0;;;;;;;;;;;;;;;;;;;;;;;;;;;Enabling;;;;;Noise Reduction;The development and use of net-zero technology in maritime transport can enable noise reduction by promoting the use of quieter vehicles.;;;;;;;;;;
609;Net-Zero Technology - Maritime Transport;;+;1.0;;;;;;;;;;;;;;;;;;;;;;;;;;;Enabling;;;;;Social Security - Sanitation;The development and use of net-zero technology in maritime transport can enable the improvement of social security and sanitation by increasing access to clean energy and reducing the environmental impacts of energy production.;;;;;;;;;;
610;Net-Zero Technology - Aviation;;+;2.0;;;;;;;;;;;;;;;;;;;;;;;;;;;Reinforcing;;;;;Improve Air Quality;The development and use of net-zero technology in aviation can reinforce the improvement of air quality by reducing emissions from transportation.;;;;;;;;;;
611;Net-Zero Technology - Aviation;;+;1.0;;;;;;;;;;;;;;;;;;;;;;;;;;;Enabling;;;;;Improve Water Quality;The development and use of net-zero technology in aviation can enable the improvement of water quality by reducing the amount of pollutants released into water bodies.;;;;;;;;;;
612;Net-Zero Technology - Aviation;;+;1.0;;;;;;;;;;;;;;;;;;;;;;;;;;;Enabling;;;;;Noise Reduction;The development and use of net-zero technology in aviation can enable noise reduction by promoting the use of quieter vehicles.;;;;;;;;;;
613;Net-Zero Technology - Aviation;;+;1.0;;;;;;;;;;;;;;;;;;;;;;;;;;;Enabling;;;;;Social Security - Sanitation;The development and use of net-zero technology in aviation can enable the improvement of social security and sanitation by increasing access to clean energy and reducing the environmental impacts of energy production.;;;;;;;;;;
614;GHG Reduction;;+;2.0;;;;;;;;;;;;;GHG Reduction - Transports;;;;;;;;;;;;;;;;;;;;;The implementation of GHG reduction targets can aid the achievement of GHG reduction in transports by encouraging the adoption of low-carbon fuels and promoting the use of alternative modes of transport.;;;;;;;;;
615;GHG Reduction;;+;1.0;;;;;;;;;;;;;Waste Reduction;;;;;;;;;;;;;;;;;;;;;The implementation of GHG reduction targets can enable the achievement of waste reduction targets by promoting the recycling and reuse of materials and reducing waste generation.;;;;;;;;;
616;GHG Reduction;;+;1.0;;;;;;;;;;;;;Waste Reduction - Municipal Waste;;;;;;;;;;;;;;;;;;;;;The implementation of GHG reduction targets can facilitate the achievement of municipal waste reduction targets by encouraging the recycling and composting of organic waste and reducing the amount of waste sent to landfills.;;;;;;;;;
617;GHG Reduction;;+;1.0;;;;;;;;;;;;;Waste Reduction - Food Waste;;;;;;;;;;;;;;;;;;;;;The implementation of GHG reduction targets can aid the achievement of food waste reduction targets by promoting sustainable food systems and reducing food waste generation.;;;;;;;;;
618;GHG Reduction;;+;1.0;;;;;;;;;;;;;Waste Reduction - Plastic & Packaging;;;;;;;;;;;;;;;;;;;;;The implementation of GHG reduction targets can enable the achievement of plastic and packaging waste reduction targets by promoting the use of recyclable materials and reducing single-use plastics.;;;;;;;;;
619;GHG Reduction;;+;2.0;;;;;;;;;;;;;Circularity/Recycling;;;;;;;;;;;;;;;;;;;;;The implementation of GHG reduction targets can reinforce the achievement of circular economy and recycling targets by promoting the use of recycled materials and reducing waste generation.;;;;;;;;;
620;GHG Reduction;;+;2.0;;;;;;;;;;;;;Circularity/Recycling - Municipal Waste;;;;;;;;;;;;;;;;;;;;;The implementation of GHG reduction targets can aid the achievement of municipal waste recycling targets by promoting the recycling of municipal waste and reducing the amount of waste sent to landfills.;;;;;;;;;
621;GHG Reduction;;+;1.0;;;;;;;;;;;;;Circularity/Recycling - Textile Waste;;;;;;;;;;;;;;;;;;;;;The implementation of GHG reduction targets can enable the achievement of textile waste recycling targets by promoting the recycling and reuse of textiles and reducing textile waste generation.;;;;;;;;;
622;GHG Reduction;;+;2.0;;;;;;;;;;;;;Circularity/Recycling - Plastic & Packaging;;;;;;;;;;;;;;;;;;;;;The implementation of GHG reduction targets can reinforce the achievement of plastic and packaging recycling targets by promoting the recycling of plastics and reducing plastic waste generation.;;;;;;;;;
623;GHG Reduction;;+;1.0;;;;;;;;;;;;;Circularity/Recycling - Vehicle Circularity;;;;;;;;;;;;;;;;;;;;;The implementation of GHG reduction targets can aid the achievement of vehicle recycling targets by promoting the recycling and reuse of vehicle materials and reducing vehicle waste generation.;;;;;;;;;
624;GHG Reduction;;+;1.0;;;;;;;;;;;;;Critical Raw Materials - Extraction & Import;;;;;;;;;;;;;;;;;;;;;The implementation of GHG reduction targets can enable the achievement of critical raw materials extraction and import targets by promoting the sustainable extraction and trade of critical raw materials.;;;;;;;;;
625;GHG Reduction;;+;2.0;;;;;;;;;;;;;Net-Zero Technology - Manufacturing;;;;;;;;;;;;;;;;;;;;;The implementation of GHG reduction targets can reinforce the achievement of net-zero technology manufacturing targets by promoting the development and deployment of low-carbon technologies and increasing the use of renewable energy in manufacturing processes.;;;;;;;;;
626;GHG Reduction;;+;3.0;;;;;;;;;;;;;GHG Removal;;;;;;;;;;;;;;;;;;;;;The implementation of GHG reduction targets can aid the achievement of GHG removal targets by promoting the use of carbon capture and storage technologies and increasing the removal of CO2 from the atmosphere.;;;;;;;;;
627;Waste Reduction;;+;1.0;;;;;;;;;;;;;GHG Reduction;;;;;;;;;;;;;;;;;;;;;The implementation of waste reduction targets can enable the achievement of GHG reduction targets by reducing waste generation and promoting the recycling and reuse of materials.;;;;;;;;;
628;Waste Reduction - Municipal Waste;;+;1.0;;;;;;;;;;;;;GHG Reduction - Buildings;;;;;;;;;;;;;;;;;;;;;The implementation of municipal waste reduction targets can aid the achievement of GHG reduction in buildings by promoting the recycling and composting of organic waste and reducing the amount of waste sent to landfills.;;;;;;;;;
629;Waste Reduction - Food Waste;;+;1.0;;;;;;;;;;;;;GHG Reduction - Transports;;;;;;;;;;;;;;;;;;;;;The implementation of food waste reduction targets can enable the achievement of GHG reduction in transports by promoting sustainable food systems and reducing food waste generation.;;;;;;;;;
630;Waste Reduction - Plastic & Packaging;;+;2.0;;;;;;;;;;;;;Circularity/Recycling;;;;;;;;;;;;;;;;;;;;;The implementation of plastic and packaging waste reduction targets can reinforce the achievement of circular economy and recycling targets by promoting the use of recyclable materials and reducing single-use plastics.;;;;;;;;;
631;Circularity/Recycling;;+;2.0;;;;;;;;;;;;;GHG Reduction - Buildings;;;;;;;;;;;;;;;;;;;;;The implementation of circular economy and recycling targets can aid the achievement of GHG reduction in buildings by promoting the use of recycled materials and reducing waste generation.;;;;;;;;;
632;Circularity/Recycling - Municipal Waste;;+;1.0;;;;;;;;;;;;;GHG Reduction - Transports;;;;;;;;;;;;;;;;;;;;;The implementation of municipal waste recycling targets can enable the achievement of GHG reduction in transports by promoting the recycling and reuse of materials and reducing waste generation.;;;;;;;;;
633;Circularity/Recycling - Textile Waste;;+;1.0;;;;;;;;;;;;;Critical Raw Materials - Extraction & Import;;;;;;;;;;;;;;;;;;;;;The implementation of textile waste recycling targets can aid the achievement of critical raw materials extraction and import targets by promoting the recycling and reuse of textiles and reducing textile waste generation.;;;;;;;;;
634;Circularity/Recycling - Plastic & Packaging;;+;2.0;;;;;;;;;;;;;Net-Zero Technology - Manufacturing;;;;;;;;;;;;;;;;;;;;;The implementation of plastic and packaging recycling targets can reinforce the achievement of net-zero technology manufacturing targets by promoting the recycling and reuse of plastics and reducing plastic waste generation.;;;;;;;;;
635;Circularity/Recycling - Vehicle Circularity;;+;1.0;;;;;;;;;;;;;GHG Removal;;;;;;;;;;;;;;;;;;;;;The implementation of vehicle recycling targets can enable the achievement of GHG removal targets by promoting the recycling and reuse of vehicle materials and reducing vehicle waste generation.;;;;;;;;;
636;Critical Raw Materials - Extraction & Import;;+;1.0;;;;;;;;;;;;;GHG Reduction;;;;;;;;;;;;;;;;;;;;;The implementation of critical raw materials extraction and import targets can aid the achievement of GHG reduction targets by promoting the sustainable extraction and trade of critical raw materials.;;;;;;;;;
637;Net-Zero Technology - Manufacturing;;+;2.0;;;;;;;;;;;;;GHG Reduction - Buildings;;;;;;;;;;;;;;;;;;;;;The implementation of net-zero technology manufacturing targets can reinforce the achievement of GHG reduction in buildings by promoting the development and deployment of low-carbon technologies and increasing the use of renewable energy in manufacturing processes.;;;;;;;;;
638;GHG Removal;;+;3.0;;;;;;;;;;;;;Waste Reduction;;;;;;;;;;;;;;;;;;;;;The implementation of GHG removal targets can aid the achievement of waste reduction targets by promoting the use of carbon capture and storage technologies and increasing the removal of CO2 from the atmosphere.;;;;;;;;;
639;GHG Reduction;Energy Efficiency;;;;;2.0;;;;;;;;;;;;;;;;;;;;;;;;;;;;;;;;Reducing GHG emissions can also reinforce energy efficiency efforts by encouraging the optimization of energy use and the adoption of energy-efficient technologies.;;;;;;;;
640;GHG Reduction;Energy Efficiency - Buildings;;;;;2.0;;;;;;;;;;;;;;;;;;;;;;;;;;;;;;;;Improving energy efficiency in buildings can contribute to GHG emissions reduction by minimizing energy consumption and promoting the use of renewable energy sources.;;;;;;;;
641;GHG Reduction;Energy Infrastructure;;;;;2.0;;;;;;;;;;;;;;;;;;;;;;;;;;;;;;;;The development of energy infrastructure can support the integration of renewable energy sources and low-carbon technologies, thereby facilitating GHG emissions reduction.;;;;;;;;
642;GHG Reduction;Social Security - Energy;;;;;1.0;;;;;;;;;;;;;;;;;;;;;;;;;;;;;;;;The implementation of GHG reduction targets can create conditions for social security and energy policies by promoting a low-carbon economy and energy access.;;;;;;;;
643;Waste Reduction;Circularity/Recycling;;;;;3.0;;;;;;;;;;;;;;;;;;;;;;;;;;;;;;;;The implementation of waste reduction targets can be inextricably linked to the achievement of circular economy and recycling targets, as reducing waste generation can create opportunities for recycling and reuse.;;;;;;;;
644;Waste Reduction - Municipal Waste;Circularity/Recycling - Municipal Waste;;;;;3.0;;;;;;;;;;;;;;;;;;;;;;;;;;;;;;;;Reducing municipal waste can be inextricably linked to the achievement of recycling targets for municipal waste, as it can create a closed-loop system for waste management.;;;;;;;;
645;Waste Reduction - Food Waste;Circularity/Recycling - Food Waste;;;;;3.0;;;;;;;;;;;;;;;;;;;;;;;;;;;;;;;;Reducing food waste can be inextricably linked to the achievement of recycling targets for food waste, as it can create opportunities for recycling and reuse.;;;;;;;;
646;Waste Reduction - Plastic & Packaging;Circularity/Recycling - Plastic & Packaging;;;;;3.0;;;;;;;;;;;;;;;;;;;;;;;;;;;;;;;;Reducing plastic and packaging waste can be inextricably linked to the achievement of recycling targets for plastic and packaging waste, as it can create opportunities for recycling and reuse.;;;;;;;;
647;Circularity/Recycling;Renewable Energy - Heating & Cooling;;;;;2.0;;;;;;;;;;;;;;;;;;;;;;;;;;;;;;;;The implementation of circular economy and recycling targets can reinforce the achievement of renewable energy targets in the heating and cooling sector by promoting the use of recycled materials and reducing waste generation.;;;;;;;;
648;Circularity/Recycling - Textile Waste;Renewable Energy - Solar;;;;;1.0;;;;;;;;;;;;;;;;;;;;;;;;;;;;;;;;The implementation of textile waste recycling targets can create conditions for the development of renewable energy sources, such as solar energy, by promoting the use of recycled materials and reducing waste generation.;;;;;;;;
649;Circularity/Recycling - Plastic & Packaging;Renewable Energy - Hydrogen Production;;;;;1.0;;;;;;;;;;;;;;;;;;;;;;;;;;;;;;;;The implementation of plastic and packaging recycling targets can create conditions for the development of renewable energy sources, such as hydrogen production, by promoting the use of recycled materials and reducing waste generation.;;;;;;;;
650;Circularity/Recycling - Vehicle Circularity;Critical Raw Materials - Extraction & Import;;;;;2.0;;;;;;;;;;;;;;;;;;;;;;;;;;;;;;;;The implementation of vehicle circularity targets can reinforce the achievement of critical raw materials extraction and import targets by promoting the recycling and reuse of critical raw materials.;;;;;;;;
651;Critical Raw Materials - Extraction & Import;Net-Zero Technology - Manufacturing;;;;;2.0;;;;;;;;;;;;;;;;;;;;;;;;;;;;;;;;The extraction and import of critical raw materials can reinforce the development of net-zero technologies, such as advanced recycling technologies, by providing the necessary raw materials.;;;;;;;;
652;Net-Zero Technology - Manufacturing;Renewable Energy;;;;;2.0;;;;;;;;;;;;;;;;;;;;;;;;;;;;;;;;The development of net-zero technologies can reinforce the achievement of renewable energy targets by promoting the use of renewable energy sources and reducing GHG emissions.;;;;;;;;
653;;;;;;;;;Renewable Energy;Improve Air Quality;+;2.0;The implementation of renewable energy targets can aid in reducing air pollution by decreasing the reliance on fossil fuels, thus reinforcing the improvement of air quality.;;;;;;;;;;;;;;;;;;;;;;;;;;;;;;;;;;
654;;;;;;;;;Renewable Energy;Improve Water Quality;+;1.0;Renewable energy can enable the creation of conditions that further water quality targets, such as providing electricity for water treatment facilities.;;;;;;;;;;;;;;;;;;;;;;;;;;;;;;;;;;
655;;;;;;;;;Renewable Energy - Heating & Cooling;Energy Efficiency - Buildings;+;3.0;The targets for renewable energy in heating and cooling can have a significant positive impact on energy efficiency in buildings, as they can enable the use of renewable energy sources for heating, thus reinforcing energy efficiency efforts.;;;;;;;;;;;;;;;;;;;;;;;;;;;;;;;;;;
656;;;;;;;;;Renewable Energy - Hydrogen Production;Energy Infrastructure;+;2.0;The production of renewable hydrogen can aid in the development of energy infrastructure, such as fueling stations and storage facilities, thus reinforcing the energy infrastructure targets.;;;;;;;;;;;;;;;;;;;;;;;;;;;;;;;;;;
657;;;;;;;;;Renewable Energy - Ocean/Offshore;Energy Efficiency;+;1.0;The development of offshore renewable energy can create conditions that further energy efficiency targets, such as providing a stable and reliable source of electricity.;;;;;;;;;;;;;;;;;;;;;;;;;;;;;;;;;;
658;;;;;;;;;Renewable Energy - Solar;Social Security - Energy;+;1.0;The implementation of solar energy targets can enable the creation of conditions that further social security targets, such as providing access to affordable and reliable energy for low-income households.;;;;;;;;;;;;;;;;;;;;;;;;;;;;;;;;;;
659;;;;;;;;;Energy Efficiency;Improve Air Quality;+;2.0;Energy efficiency measures can aid in reducing air pollution by decreasing energy consumption, thus reinforcing the improvement of air quality.;;;;;;;;;;;;;;;;;;;;;;;;;;;;;;;;;;
660;;;;;;;;;Energy Efficiency - Buildings;Renewable Energy - Heating & Cooling;+;3.0;Energy efficiency measures in buildings can have a significant positive impact on the implementation of renewable energy targets in heating and cooling, as they can reduce energy demand, thus reinforcing renewable energy efforts.;;;;;;;;;;;;;;;;;;;;;;;;;;;;;;;;;;
661;;;;;;;;;Energy Infrastructure;Renewable Energy - Hydrogen Production;+;2.0;The development of energy infrastructure can aid in the production of renewable hydrogen, thus reinforcing the renewable energy targets.;;;;;;;;;;;;;;;;;;;;;;;;;;;;;;;;;;
662;;;;;;;;;Social Security - Energy;Improve Air Quality;+;1.0;Social security measures, such as providing access to affordable energy, can create conditions that further air quality targets, such as reducing the number of households using polluting fuels for heating.;;;;;;;;;;;;;;;;;;;;;;;;;;;;;;;;;;
663;GHG Reduction;;+;1.0;;;;;;;;;;;;;;;;;;;;;;;;;;;;;;;;;;;;Hydrogen Distribution;Enabling the development of low-carbon fuels for the transport sector.;;;;;;
664;GHG Reduction;;+;1.0;;;;;;;;;;;;;;;;;;;;;;;;;;;;;;;;;;;;Urban Mobility;Enabling the transition to low-carbon urban transport systems.;;;;;;
665;Improve Air Quality;;+;2.0;;;;;;;;;;;;;;;;;;;;;;;;;;;;;;;;;;;;Net-Zero Technology - Road Vehicles;Reducing emissions from vehicles can improve air quality in urban areas.;;;;;;
666;Improve Air Quality;;+;1.0;;;;;;;;;;;;;;;;;;;;;;;;;;;;;;;;;;;;Urban Mobility;Promoting sustainable urban mobility can reduce air pollution.;;;;;;
667;Improve Soils Health;;+;1.0;;;;;;;;;;;;;;;;;;;;;;;;;;;;;;;;;;;;Forest Bioeconomy;Sustainable forest management can help maintain healthy soils.;;;;;;
668;Improve Water Quality;;+;1.0;;;;;;;;;;;;;;;;;;;;;;;;;;;;;;;;;;;;Hydrogen Distribution;Reducing wastewater from hydrogen production can improve water quality.;;;;;;
669;Noise Reduction;;+;1.0;;;;;;;;;;;;;;;;;;;;;;;;;;;;;;;;;;;;Urban Mobility;Implementing noise-reducing measures in urban areas can improve overall environmental quality.;;;;;;
670;Social Security - Sanitation;;+;1.0;;;;;;;;;;;;;;;;;;;;;;;;;;;;;;;;;;;;Transport Logistics;Improving logistics and transportation can facilitate access to sanitation services.;;;;;;
671;Forest Bioeconomy;;+;2.0;;;;;;;;;;;;;;;;;;;;;;;;;;;;;;;;;;;;Biofuels;Sustainable biofuels can be produced from forest biomass, reinforcing the bioeconomy.;;;;;;
672;Improve Air Quality;;+;1.0;;;;;;;;;;;;;;;;;;;;;;;;;;;;;;;;;;;;Biofuels;Using biofuels can reduce air pollution from vehicles.;;;;;;
673;Improve Soils Health;;+;1.0;;;;;;;;;;;;;;;;;;;;;;;;;;;;;;;;;;;;Other Low-Carbon Fuels;Promoting sustainable land use for low-carbon fuels can help maintain soil health.;;;;;;
674;Improve Water Quality;;+;1.0;;;;;;;;;;;;;;;;;;;;;;;;;;;;;;;;;;;;Hydrogen Distribution;Producing hydrogen from renewable energy can reduce water pollution.;;;;;;
675;Noise Reduction;;+;1.0;;;;;;;;;;;;;;;;;;;;;;;;;;;;;;;;;;;;Net-Zero Technology - Road Vehicles;Electric vehicles can reduce noise pollution from transport.;;;;;;
676;Social Security - Sanitation;;+;1.0;;;;;;;;;;;;;;;;;;;;;;;;;;;;;;;;;;;;Urban Mobility;Access to sanitation is linked to urban planning and mobility.;;;;;;
677;;;;;;;;;Improve Air Quality;Waste Reduction;+;2.0;The implementation of air quality targets can reinforce waste reduction efforts by reducing pollution from waste management and promoting sustainable practices.;;;;;;;;;;;;;;;;;;;;;;;;;;;;;;;;;;
678;;;;;;;;;Improve Air Quality;Circularity/Recycling;+;2.0;Air quality improvements can aid the transition to a circular economy by reducing emissions from production and consumption, thus reinforcing recycling and waste reduction.;;;;;;;;;;;;;;;;;;;;;;;;;;;;;;;;;;
679;;;;;;;;;Improve Soils Health;Circularity/Recycling - Municipal Waste;+;1.0;Soil health improvements can enable more efficient waste management and recycling, particularly for municipal waste, by promoting sustainable land use and reducing waste generation.;;;;;;;;;;;;;;;;;;;;;;;;;;;;;;;;;;
680;;;;;;;;;Noise Reduction;Social Security - Sanitation;+;1.0;Reducing noise pollution can create conditions that further improve sanitation by promoting quieter and more efficient waste management systems, thus enabling better public health.;;;;;;;;;;;;;;;;;;;;;;;;;;;;;;;;;;
681;;;;;;;;;Improve Water Quality;Waste Reduction - Municipal Waste;+;2.0;Water quality improvements can constrain options for municipal waste management, as reducing water pollution can limit the amount of waste that can be discharged into water bodies, thus reinforcing waste reduction efforts.;;;;;;;;;;;;;;;;;;;;;;;;;;;;;;;;;;
682;;;;;;;;;Improve Water Quality;Circularity/Recycling - Plastic & Packaging;+;2.0;Water quality targets can reinforce the transition to a circular economy by reducing plastic pollution and promoting the recycling of plastic packaging, thus reducing waste and promoting sustainable consumption.;;;;;;;;;;;;;;;;;;;;;;;;;;;;;;;;;;
683;;;;;;;;;Forest Bioeconomy;Circularity/Recycling - Critical Raw Materials - Batteries Recycling;+;3.0;The development of a forest bioeconomy can create conditions that further the recycling of critical raw materials, particularly for batteries, by promoting sustainable forestry practices and reducing waste generation.;;;;;;;;;;;;;;;;;;;;;;;;;;;;;;;;;;
684;;;;;;;;;Improve Soils Health;Waste Reduction - Food Waste;+;1.0;Soil health improvements can enable more efficient food waste reduction by promoting sustainable agriculture and reducing food waste generation, thus reinforcing waste reduction efforts.;;;;;;;;;;;;;;;;;;;;;;;;;;;;;;;;;;
685;;;;;;;;;Improve Air Quality;Waste Reduction - Plastic & Packaging;+;2.0;Air quality improvements can reinforce waste reduction efforts by reducing pollution from plastic packaging and promoting sustainable consumption practices, thus reducing plastic waste.;;;;;;;;;;;;;;;;;;;;;;;;;;;;;;;;;;
686;;;;;;;;;Improve Air Quality;Circularity/Recycling - Vehicle Circularity;+;2.0;Air quality targets can aid the transition to a circular economy by promoting the recycling and reuse of vehicles, thus reducing waste and emissions from vehicle production and disposal.;;;;;;;;;;;;;;;;;;;;;;;;;;;;;;;;;;
687;;;;;;;;;Improve Soils Health;Critical Raw Materials - Extraction & Import;+;1.0;Soil health improvements can create conditions that further the extraction and import of critical raw materials by promoting sustainable land use and reducing the environmental impacts of extraction and import.;;;;;;;;;;;;;;;;;;;;;;;;;;;;;;;;;;
688;;;;;;;;;Improve Water Quality;Net-Zero Technology - Manufacturing;+;2.0;Water quality improvements can reinforce the development of net-zero technologies by reducing emissions from manufacturing and promoting sustainable water use, thus enabling the production of clean technologies.;;;;;;;;;;;;;;;;;;;;;;;;;;;;;;;;;;
689;;;;;;;;;Improve Air Quality;Circularity/Recycling - Textile Waste;+;1.0;Air quality targets can enable more efficient textile waste management by promoting sustainable consumption practices and reducing emissions from textile production, thus reinforcing recycling efforts.;;;;;;;;;;;;;;;;;;;;;;;;;;;;;;;;;;
690;GHG Reduction;;+;1.0;;;;;;;;;;;;;;;;Energy Efficiency;;;;;;;;;;;;;;;;;;;;;;Reducing GHG emissions can enable the implementation of energy efficiency measures, such as improving insulation and reducing energy consumption in buildings, which can lead to cost savings and increased comfort for occupants.;;;;;
691;GHG Reduction;;+;1.0;;;;;;;;;;;;;;;;Energy Efficiency - Buildings;;;;;;;;;;;;;;;;;;;;;;Implementing GHG reduction targets can facilitate the adoption of energy-efficient building technologies and practices, leading to reduced energy consumption and greenhouse gas emissions from buildings.;;;;;
692;GHG Reduction;;+;2.0;;;;;;;;;;;;;;;;Renewable Energy;;;;;;;;;;;;;;;;;;;;;;The implementation of GHG reduction targets can drive the transition to renewable energy sources, such as solar and wind power, which can reduce dependence on fossil fuels and decrease emissions.;;;;;
693;GHG Reduction;;+;1.0;;;;;;;;;;;;;;;;Renewable Energy - Heating & Cooling;;;;;;;;;;;;;;;;;;;;;;Reducing GHG emissions can support the development and deployment of renewable heating and cooling technologies, such as heat pumps and solar thermal systems, which can decrease emissions from the building sector.;;;;;
694;GHG Reduction;;+;1.0;;;;;;;;;;;;;;;;Renewable Energy - Hydrogen Production;;;;;;;;;;;;;;;;;;;;;;The implementation of GHG reduction targets can facilitate the production and use of renewable hydrogen, which can be used as a low-carbon energy carrier for various sectors, including industry and transport.;;;;;
695;GHG Reduction;;+;1.0;;;;;;;;;;;;;;;;Renewable Energy - Ocean/Offshore;;;;;;;;;;;;;;;;;;;;;;Reducing GHG emissions can support the development of offshore renewable energy technologies, such as offshore wind farms, which can contribute to a low-carbon energy mix.;;;;;
696;GHG Reduction;;+;1.0;;;;;;;;;;;;;;;;Renewable Energy - Solar;;;;;;;;;;;;;;;;;;;;;;Implementing GHG reduction targets can drive the adoption of solar energy technologies, such as photovoltaics, which can decrease emissions from the energy sector.;;;;;
697;GHG Reduction;;+;1.0;;;;;;;;;;;;;;;;Energy Infrastructure;;;;;;;;;;;;;;;;;;;;;;The implementation of GHG reduction targets can lead to investments in energy infrastructure, such as smart grids and energy storage, which can support the integration of renewable energy sources and reduce emissions.;;;;;
698;GHG Reduction;;+;1.0;;;;;;;;;;;;;;;;Social Security - Energy;;;;;;;;;;;;;;;;;;;;;;Reducing GHG emissions can support the implementation of social security measures, such as energy poverty alleviation and fair transition policies, which can protect vulnerable populations from the impacts of the energy transition.;;;;;
699;Renewable Energy;;+;2.0;;;;;;;;;;;;;;;;Terrestrial Ecosystems Restoration;;;;;;;;;;;;;;;;;;;;;;The development and deployment of renewable energy technologies can support the restoration of terrestrial ecosystems, as renewable energy can reduce emissions and support sustainable land use practices.;;;;;
700;Renewable Energy;;+;1.0;;;;;;;;;;;;;;;;Energy Efficiency;;;;;;;;;;;;;;;;;;;;;;The adoption of renewable energy sources can enable the implementation of energy efficiency measures, such as smart grids and energy storage, which can optimize energy distribution and reduce energy waste.;;;;;
701;Renewable Energy;;+;1.0;;;;;;;;;;;;;;;;Energy Efficiency - Buildings;;;;;;;;;;;;;;;;;;;;;;The integration of renewable energy sources into buildings can support the implementation of energy-efficient building technologies and practices, leading to reduced energy consumption and emissions.;;;;;
702;Renewable Energy;;+;1.0;;;;;;;;;;;;;;;;Renewable Energy - Heating & Cooling;;;;;;;;;;;;;;;;;;;;;;The development of renewable heating and cooling technologies, such as heat pumps and solar thermal systems, can support the transition to a low-carbon building sector.;;;;;
703;Renewable Energy;;+;1.0;;;;;;;;;;;;;;;;Renewable Energy - Hydrogen Production;;;;;;;;;;;;;;;;;;;;;;The production of renewable hydrogen can support the decarbonization of various sectors, including industry and transport, and reduce emissions.;;;;;
704;Renewable Energy;;+;1.0;;;;;;;;;;;;;;;;Renewable Energy - Ocean/Offshore;;;;;;;;;;;;;;;;;;;;;;The development of offshore renewable energy technologies, such as offshore wind farms, can contribute to a low-carbon energy mix and reduce emissions.;;;;;
705;Renewable Energy;;+;1.0;;;;;;;;;;;;;;;;Renewable Energy - Solar;;;;;;;;;;;;;;;;;;;;;;The adoption of solar energy technologies, such as photovoltaics, can decrease emissions from the energy sector and support a low-carbon transition.;;;;;
706;Renewable Energy;;+;1.0;;;;;;;;;;;;;;;;Energy Infrastructure;;;;;;;;;;;;;;;;;;;;;;The integration of renewable energy sources into energy infrastructure, such as smart grids and energy storage, can support the transition to a low-carbon energy system.;;;;;
707;Renewable Energy;;+;1.0;;;;;;;;;;;;;;;;Social Security - Energy;;;;;;;;;;;;;;;;;;;;;;The development of renewable energy technologies can support the implementation of social security measures, such as energy poverty alleviation and fair transition policies, which can protect vulnerable populations from the impacts of the energy transition.;;;;;
708;Energy Efficiency;;+;1.0;;;;;;;;;;;;;;;;Terrestrial Ecosystems Restoration;;;;;;;;;;;;;;;;;;;;;;Implementing energy efficiency measures, such as improving insulation and reducing energy consumption in buildings, can support the restoration of terrestrial ecosystems by reducing emissions and promoting sustainable land use practices.;;;;;
709;Energy Efficiency;;+;1.0;;;;;;;;;;;;;;;;Energy Efficiency - Buildings;;;;;;;;;;;;;;;;;;;;;;The adoption of energy-efficient building technologies and practices can support the implementation of energy efficiency measures in buildings, leading to reduced energy consumption and emissions.;;;;;
710;Energy Efficiency;;+;1.0;;;;;;;;;;;;;;;;Renewable Energy;;;;;;;;;;;;;;;;;;;;;;The implementation of energy efficiency measures can support the transition to renewable energy sources, such as solar and wind power, which can reduce dependence on fossil fuels and decrease emissions.;;;;;
711;Energy Efficiency;;+;1.0;;;;;;;;;;;;;;;;Renewable Energy - Heating & Cooling;;;;;;;;;;;;;;;;;;;;;;The development of energy-efficient heating and cooling technologies, such as heat pumps and solar thermal systems, can support the transition to a low-carbon building sector.;;;;;
712;Energy Efficiency;;+;1.0;;;;;;;;;;;;;;;;Renewable Energy - Hydrogen Production;;;;;;;;;;;;;;;;;;;;;;The production of renewable hydrogen can support the decarbonization of various sectors, including industry and transport, and reduce emissions.;;;;;
713;Energy Efficiency;;+;1.0;;;;;;;;;;;;;;;;Renewable Energy - Ocean/Offshore;;;;;;;;;;;;;;;;;;;;;;The development of offshore renewable energy technologies, such as offshore wind farms, can contribute to a low-carbon energy mix and reduce emissions.;;;;;
714;Energy Efficiency;;+;1.0;;;;;;;;;;;;;;;;Renewable Energy - Solar;;;;;;;;;;;;;;;;;;;;;;The adoption of solar energy technologies, such as photovoltaics, can decrease emissions from the energy sector and support a low-carbon transition.;;;;;
715;Energy Efficiency;;+;1.0;;;;;;;;;;;;;;;;Energy Infrastructure;;;;;;;;;;;;;;;;;;;;;;The integration of energy efficiency measures into energy infrastructure, such as smart grids and energy storage, can support the transition to a low-carbon energy system.;;;;;
716;Energy Efficiency;;+;1.0;;;;;;;;;;;;;;;;Social Security - Energy;;;;;;;;;;;;;;;;;;;;;;The implementation of energy efficiency measures can support the implementation of social security measures, such as energy poverty alleviation and fair transition policies, which can protect vulnerable populations from the impacts of the energy transition.;;;;;
717;Terrestrial Ecosystems Restoration;;+;2.0;;;;;;;;;;;;;;;;Renewable Energy;;;;;;;;;;;;;;;;;;;;;;The restoration of terrestrial ecosystems can support the development and deployment of renewable energy technologies, such as solar and wind power, which can reduce emissions and promote sustainable land use practices.;;;;;
718;Terrestrial Ecosystems Restoration;;+;1.0;;;;;;;;;;;;;;;;Energy Efficiency;;;;;;;;;;;;;;;;;;;;;;The restoration of terrestrial ecosystems can support the implementation of energy efficiency measures, such as improving insulation and reducing energy consumption in buildings, which can lead to cost savings and increased comfort for occupants.;;;;;
719;Terrestrial Ecosystems Restoration;;+;1.0;;;;;;;;;;;;;;;;Energy Efficiency - Buildings;;;;;;;;;;;;;;;;;;;;;;The restoration of terrestrial ecosystems can facilitate the adoption of energy-efficient building technologies and practices, leading to reduced energy consumption and emissions.;;;;;
720;Terrestrial Ecosystems Restoration;;+;1.0;;;;;;;;;;;;;;;;Renewable Energy - Heating & Cooling;;;;;;;;;;;;;;;;;;;;;;The restoration of terrestrial ecosystems can support the development and deployment of renewable heating and cooling technologies, such as heat pumps and solar thermal systems, which can decrease emissions from the building sector.;;;;;
721;Terrestrial Ecosystems Restoration;;+;1.0;;;;;;;;;;;;;;;;Renewable Energy - Hydrogen Production;;;;;;;;;;;;;;;;;;;;;;The production of renewable hydrogen can support the decarbonization of various sectors, including industry and transport, and reduce emissions.;;;;;
722;Terrestrial Ecosystems Restoration;;+;1.0;;;;;;;;;;;;;;;;Renewable Energy - Ocean/Offshore;;;;;;;;;;;;;;;;;;;;;;The development of offshore renewable energy technologies, such as offshore wind farms, can contribute to a low-carbon energy mix and reduce emissions.;;;;;
723;Terrestrial Ecosystems Restoration;;+;1.0;;;;;;;;;;;;;;;;Renewable Energy - Solar;;;;;;;;;;;;;;;;;;;;;;The adoption of solar energy technologies, such as photovoltaics, can decrease emissions from the energy sector and support a low-carbon transition.;;;;;
724;Terrestrial Ecosystems Restoration;;+;1.0;;;;;;;;;;;;;;;;Energy Infrastructure;;;;;;;;;;;;;;;;;;;;;;The restoration of terrestrial ecosystems can support the integration of renewable energy sources into energy infrastructure, such as smart grids and energy storage, which can support the transition to a low-carbon energy system.;;;;;
725;Terrestrial Ecosystems Restoration;;+;1.0;;;;;;;;;;;;;;;;Social Security - Energy;;;;;;;;;;;;;;;;;;;;;;The restoration of terrestrial ecosystems can support the implementation of social security measures, such as energy poverty alleviation and fair transition policies, which can protect vulnerable populations from the impacts of the energy transition.;;;;;
726;Marine Ecosystem Restoration;;+;1.0;;;;;;;;;;;;;;;;Renewable Energy;;;;;;;;;;;;;;;;;;;;;;The restoration of marine ecosystems can support the development and deployment of renewable energy technologies, such as offshore wind farms, which can reduce emissions and promote sustainable practices.;;;;;
727;Marine Ecosystem Restoration;;+;1.0;;;;;;;;;;;;;;;;Energy Efficiency;;;;;;;;;;;;;;;;;;;;;;The restoration of marine ecosystems can facilitate the implementation of energy efficiency measures, such as reducing energy consumption in maritime transport, which can lead to cost savings and reduced emissions.;;;;;
728;Marine Ecosystem Restoration;;+;1.0;;;;;;;;;;;;;;;;Energy Efficiency - Buildings;;;;;;;;;;;;;;;;;;;;;;The restoration of marine ecosystems can support the adoption of energy-efficient building technologies and practices, leading to reduced energy consumption and emissions.;;;;;
729;Marine Ecosystem Restoration;;+;1.0;;;;;;;;;;;;;;;;Renewable Energy - Heating & Cooling;;;;;;;;;;;;;;;;;;;;;;The development of renewable heating and cooling technologies, such as heat pumps and solar thermal systems, can support the transition to a low-carbon building sector.;;;;;
730;Marine Ecosystem Restoration;;+;1.0;;;;;;;;;;;;;;;;Renewable Energy - Hydrogen Production;;;;;;;;;;;;;;;;;;;;;;The production of renewable hydrogen can support the decarbonization of various sectors, including industry and transport, and reduce emissions.;;;;;
731;Marine Ecosystem Restoration;;+;1.0;;;;;;;;;;;;;;;;Renewable Energy - Ocean/Offshore;;;;;;;;;;;;;;;;;;;;;;The development of offshore renewable energy technologies, such as offshore wind farms, can contribute to a low-carbon energy mix and reduce emissions.;;;;;
732;Marine Ecosystem Restoration;;+;1.0;;;;;;;;;;;;;;;;Renewable Energy - Solar;;;;;;;;;;;;;;;;;;;;;;The adoption of solar energy technologies, such as photovoltaics, can decrease emissions from the energy sector and support a low-carbon transition.;;;;;
733;Marine Ecosystem Restoration;;+;1.0;;;;;;;;;;;;;;;;Energy Infrastructure;;;;;;;;;;;;;;;;;;;;;;The restoration of marine ecosystems can support the integration of renewable energy sources into energy infrastructure, such as smart grids and energy storage, which can support the transition to a low-carbon energy system.;;;;;
734;Marine Ecosystem Restoration;;+;1.0;;;;;;;;;;;;;;;;Social Security - Energy;;;;;;;;;;;;;;;;;;;;;;The restoration of marine ecosystems can support the implementation of social security measures, such as energy poverty alleviation and fair transition policies, which can protect vulnerable populations from the impacts of the energy transition.;;;;;
735;Biodiversity Protection & Conservation;;+;2.0;;;;;;;;;;;;;;;;Renewable Energy;;;;;;;;;;;;;;;;;;;;;;The protection and conservation of biodiversity can support the development and deployment of renewable energy technologies, such as solar and wind power, which can reduce emissions and promote sustainable practices.;;;;;
736;Biodiversity Protection & Conservation;;+;1.0;;;;;;;;;;;;;;;;Energy Efficiency;;;;;;;;;;;;;;;;;;;;;;The protection and conservation of biodiversity can facilitate the implementation of energy efficiency measures, such as reducing energy consumption in buildings, which can lead to cost savings and increased comfort for occupants.;;;;;
737;Biodiversity Protection & Conservation;;+;1.0;;;;;;;;;;;;;;;;Energy Efficiency - Buildings;;;;;;;;;;;;;;;;;;;;;;The protection and conservation of biodiversity can support the adoption of energy-efficient building technologies and practices, leading to reduced energy consumption and emissions.;;;;;
738;Biodiversity Protection & Conservation;;+;1.0;;;;;;;;;;;;;;;;Renewable Energy - Heating & Cooling;;;;;;;;;;;;;;;;;;;;;;The development of renewable heating and cooling technologies, such as heat pumps and solar thermal systems, can support the transition to a low-carbon building sector.;;;;;
739;Biodiversity Protection & Conservation;;+;1.0;;;;;;;;;;;;;;;;Renewable Energy - Hydrogen Production;;;;;;;;;;;;;;;;;;;;;;The production of renewable hydrogen can support the decarbonization of various sectors, including industry and transport, and reduce emissions.;;;;;
740;Biodiversity Protection & Conservation;;+;1.0;;;;;;;;;;;;;;;;Renewable Energy - Ocean/Offshore;;;;;;;;;;;;;;;;;;;;;;The development of offshore renewable energy technologies, such as offshore wind farms, can contribute to a low-carbon energy mix and reduce emissions.;;;;;
741;Biodiversity Protection & Conservation;;+;1.0;;;;;;;;;;;;;;;;Renewable Energy - Solar;;;;;;;;;;;;;;;;;;;;;;The adoption of solar energy technologies, such as photovoltaics, can decrease emissions from the energy sector and support a low-carbon transition.;;;;;
742;Biodiversity Protection & Conservation;;+;1.0;;;;;;;;;;;;;;;;Energy Infrastructure;;;;;;;;;;;;;;;;;;;;;;The protection and conservation of biodiversity can support the integration of renewable energy sources into energy infrastructure, such as smart grids and energy storage, which can support the transition to a low-carbon energy system.;;;;;
743;Biodiversity Protection & Conservation;;+;1.0;;;;;;;;;;;;;;;;Social Security - Energy;;;;;;;;;;;;;;;;;;;;;;The protection and conservation of biodiversity can support the implementation of social security measures, such as energy poverty alleviation and fair transition policies, which can protect vulnerable populations from the impacts of the energy transition.;;;;;
744;Biodiversity Protection & Conservation - Fisheries;;+;1.0;;;;;;;;;;;;;;;;Renewable Energy;;;;;;;;;;;;;;;;;;;;;;The protection and conservation of marine biodiversity can support the development and deployment of renewable energy technologies, such as offshore wind farms, which can reduce emissions and promote sustainable practices.;;;;;
745;Biodiversity Protection & Conservation - Monitoring;;+;1.0;;;;;;;;;;;;;;;;Renewable Energy;;;;;;;;;;;;;;;;;;;;;;The monitoring and assessment of biodiversity can support the implementation of renewable energy technologies, such as solar and wind power, which can reduce emissions and promote sustainable land use practices.;;;;;
746;Biodiversity Protection & Conservation - Urban Nature;;+;1.0;;;;;;;;;;;;;;;;Renewable Energy;;;;;;;;;;;;;;;;;;;;;;The protection and conservation of urban biodiversity can facilitate the adoption of renewable energy technologies, such as solar and wind power, which can reduce emissions and promote sustainable practices.;;;;;
747;Renewable Energy - Heating & Cooling;;+;1.0;;;;;;;;;;;;;;;;Energy Efficiency - Buildings;;;;;;;;;;;;;;;;;;;;;;The development of renewable heating and cooling technologies can support the implementation of energy-efficient building technologies and practices, leading to reduced energy consumption and emissions.;;;;;
748;Renewable Energy - Hydrogen Production;;+;1.0;;;;;;;;;;;;;;;;Energy Efficiency;;;;;;;;;;;;;;;;;;;;;;The production of renewable hydrogen can support the decarbonization of various sectors, including industry and transport, and reduce emissions.;;;;;
749;Renewable Energy - Ocean/Offshore;;+;1.0;;;;;;;;;;;;;;;;Renewable Energy - Solar;;;;;;;;;;;;;;;;;;;;;;The development of offshore renewable energy technologies can contribute to a low-carbon energy mix and reduce emissions, while the adoption of solar energy technologies can decrease emissions from the energy sector and support a low-carbon transition.;;;;;
750;Renewable Energy - Solar;;+;1.0;;;;;;;;;;;;;;;;Energy Infrastructure;;;;;;;;;;;;;;;;;;;;;;The adoption of solar energy technologies can support the integration of renewable energy sources into energy infrastructure, such as smart grids and energy storage, which can support the transition to a low-carbon energy system.;;;;;
751;Energy Infrastructure;;+;1.0;;;;;;;;;;;;;;;;Social Security - Energy;;;;;;;;;;;;;;;;;;;;;;The integration of renewable energy sources into energy infrastructure can support the implementation of social security measures, such as energy poverty alleviation and fair transition policies, which can protect vulnerable populations from the impacts of the energy transition.;;;;;
752;;;;;;;;;GHG Reduction;Food affordability;+;2.0;Implementing GHG reduction targets can lead to increased costs for food production, which may impact food affordability.;;;;;;;;;;;;;;;;;;;;;;;;;;;;;;;;;;
753;;;;;;;;;GHG Reduction;Food quality;+;1.0;Reducing GHG emissions can lead to more sustainable food production practices, positively impacting food quality.;;;;;;;;;;;;;;;;;;;;;;;;;;;;;;;;;;
754;;;;;;;;;GHG Reduction;Pesticides Reduction;+;2.0;Reducing GHG emissions can lead to more sustainable agricultural practices, reducing the need for pesticides and positively impacting pesticide reduction.;;;;;;;;;;;;;;;;;;;;;;;;;;;;;;;;;;
755;;;;;;;;;GHG Reduction;Competitive Agriculture;+;1.0;Reducing GHG emissions can lead to more sustainable agricultural practices, positively impacting agricultural competitiveness.;;;;;;;;;;;;;;;;;;;;;;;;;;;;;;;;;;
756;;;;;;;;;GHG Reduction;Social Security - Workers Protection;+;1.0;Reducing GHG emissions can lead to job creation in the renewable energy sector, positively impacting social security and worker protection.;;;;;;;;;;;;;;;;;;;;;;;;;;;;;;;;;;
757;;;;;;;;;Food affordability;Food quality;+;1.0;Improving food affordability can lead to increased access to healthy and nutritious food, positively impacting food quality.;;;;;;;;;;;;;;;;;;;;;;;;;;;;;;;;;;
758;;;;;;;;;Food affordability;Pesticides Reduction;+;2.0;Improving food affordability can lead to increased demand for sustainable food production practices, reducing the need for pesticides and positively impacting pesticide reduction.;;;;;;;;;;;;;;;;;;;;;;;;;;;;;;;;;;
759;;;;;;;;;Food affordability;Competitive Agriculture;+;1.0;Improving food affordability can lead to increased competitiveness in the agricultural sector, positively impacting agricultural competitiveness.;;;;;;;;;;;;;;;;;;;;;;;;;;;;;;;;;;
760;;;;;;;;;Food affordability;Social Security - Workers Protection;+;1.0;Improving food affordability can lead to job creation in the food sector, positively impacting social security and worker protection.;;;;;;;;;;;;;;;;;;;;;;;;;;;;;;;;;;
761;;;;;;;;;Food quality;Pesticides Reduction;+;2.0;Improving food quality can lead to reduced pesticide use, positively impacting pesticide reduction.;;;;;;;;;;;;;;;;;;;;;;;;;;;;;;;;;;
762;;;;;;;;;Food quality;Competitive Agriculture;+;1.0;Improving food quality can lead to increased competitiveness in the agricultural sector, positively impacting agricultural competitiveness.;;;;;;;;;;;;;;;;;;;;;;;;;;;;;;;;;;
763;;;;;;;;;Food quality;Social Security - Workers Protection;+;1.0;Improving food quality can lead to job creation in the food sector, positively impacting social security and worker protection.;;;;;;;;;;;;;;;;;;;;;;;;;;;;;;;;;;
764;;;;;;;;;Pesticides Reduction;Competitive Agriculture;+;1.0;Reducing pesticide use can lead to increased competitiveness in the agricultural sector, positively impacting agricultural competitiveness.;;;;;;;;;;;;;;;;;;;;;;;;;;;;;;;;;;
765;;;;;;;;;Pesticides Reduction;Social Security - Workers Protection;+;1.0;Reducing pesticide use can lead to job creation in the sustainable agriculture sector, positively impacting social security and worker protection.;;;;;;;;;;;;;;;;;;;;;;;;;;;;;;;;;;
766;;;;;;;;;Competitive Agriculture;Social Security - Workers Protection;+;1.0;Improving agricultural competitiveness can lead to job creation in the agricultural sector, positively impacting social security and worker protection.;;;;;;;;;;;;;;;;;;;;;;;;;;;;;;;;;;
767;;;;;;;;;Terrestrial Ecosystems Restoration;Biodiversity Protection & Conservation;+;3.0;Restoring terrestrial ecosystems can lead to increased biodiversity, positively impacting biodiversity protection and conservation.;;;;;;;;;;;;;;;;;;;;;;;;;;;;;;;;;;
768;;;;;;;;;Terrestrial Ecosystems Restoration;Biodiversity Protection & Conservation - Fisheries;+;2.0;Restoring terrestrial ecosystems can lead to increased biodiversity in aquatic ecosystems, positively impacting biodiversity protection and conservation in fisheries.;;;;;;;;;;;;;;;;;;;;;;;;;;;;;;;;;;
769;;;;;;;;;Terrestrial Ecosystems Restoration;Biodiversity Protection & Conservation - Monitoring;+;1.0;Restoring terrestrial ecosystems can lead to improved biodiversity monitoring, positively impacting biodiversity protection and conservation monitoring.;;;;;;;;;;;;;;;;;;;;;;;;;;;;;;;;;;
770;;;;;;;;;Terrestrial Ecosystems Restoration;Biodiversity Protection & Conservation - Urban Nature;+;1.0;Restoring terrestrial ecosystems can lead to increased urban biodiversity, positively impacting biodiversity protection and conservation in urban nature.;;;;;;;;;;;;;;;;;;;;;;;;;;;;;;;;;;
771;;;;;;;;;Terrestrial Ecosystems Restoration - Rivers;Biodiversity Protection & Conservation;+;2.0;Restoring rivers can lead to increased biodiversity, positively impacting biodiversity protection and conservation.;;;;;;;;;;;;;;;;;;;;;;;;;;;;;;;;;;
772;;;;;;;;;Terrestrial Ecosystems Restoration - Agricultural Ecosystems;Biodiversity Protection & Conservation;+;2.0;Restoring agricultural ecosystems can lead to increased biodiversity, positively impacting biodiversity protection and conservation.;;;;;;;;;;;;;;;;;;;;;;;;;;;;;;;;;;
773;;;;;;;;;Terrestrial Ecosystems Restoration - Forests;Biodiversity Protection & Conservation;+;2.0;Restoring forests can lead to increased biodiversity, positively impacting biodiversity protection and conservation.;;;;;;;;;;;;;;;;;;;;;;;;;;;;;;;;;;
774;;;;;;;;;Marine Ecosystem Restoration;Biodiversity Protection & Conservation;+;2.0;Restoring marine ecosystems can lead to increased biodiversity, positively impacting biodiversity protection and conservation.;;;;;;;;;;;;;;;;;;;;;;;;;;;;;;;;;;
775;;;;;;;;;Biodiversity Protection & Conservation;Biodiversity Protection & Conservation - Fisheries;+;1.0;Protecting biodiversity can lead to increased biodiversity in aquatic ecosystems, positively impacting biodiversity protection and conservation in fisheries.;;;;;;;;;;;;;;;;;;;;;;;;;;;;;;;;;;
776;;;;;;;;;Biodiversity Protection & Conservation;Biodiversity Protection & Conservation - Monitoring;+;1.0;Protecting biodiversity can lead to improved biodiversity monitoring, positively impacting biodiversity protection and conservation monitoring.;;;;;;;;;;;;;;;;;;;;;;;;;;;;;;;;;;
777;;;;;;;;;Biodiversity Protection & Conservation;Biodiversity Protection & Conservation - Urban Nature;+;1.0;Protecting biodiversity can lead to increased urban biodiversity, positively impacting biodiversity protection and conservation in urban nature.;;;;;;;;;;;;;;;;;;;;;;;;;;;;;;;;;;
778;GHG Reduction;;+;2.0;;;;;;;;;;;;;;;;;;;;;;;;;;;;;;;;;;;;;;;Net-Zero Technology - Road Vehicles;The achievement of GHG reduction targets can enable the development of net-zero technology in road vehicles, as it promotes the use of low-carbon energy sources, encourages innovation in clean technologies, and supports the transition to a low-carbon economy, which can drive the growth of the net-zero technology sector.;;;
779;GHG Reduction;;+;1.0;;;;;;;;;;;;;;;;;;;;;;;;;;;;;;;;;;;;;;;Biofuels;The implementation of GHG reduction targets can create conditions that further the development of biofuels, as it encourages the use of renewable energy sources, promotes sustainable land use, and supports the transition to a low-carbon economy, which can drive innovation in the biofuels sector.;;;
780;GHG Reduction;;+;1.0;;;;;;;;;;;;;;;;;;;;;;;;;;;;;;;;;;;;;;;Other Low-Carbon Fuels;The achievement of GHG reduction targets can enable the development of other low-carbon fuels, such as hydrogen, by promoting the use of low-carbon energy sources, encouraging innovation in clean technologies, and supporting the transition to a low-carbon economy, which can drive the growth of the low-carbon fuels sector.;;;
781;GHG Reduction;;+;1.0;;;;;;;;;;;;;;;;;;;;;;;;;;;;;;;;;;;;;;;Hydrogen Distribution;The implementation of GHG reduction targets can create conditions that further the development of hydrogen distribution, as it promotes the use of low-carbon energy sources, encourages innovation in clean technologies, and supports the transition to a low-carbon economy, which can drive innovation in the hydrogen distribution sector.;;;
782;GHG Reduction;;+;1.0;;;;;;;;;;;;;;;;;;;;;;;;;;;;;;;;;;;;;;;Urban Mobility;The achievement of GHG reduction targets can enable the development of urban mobility solutions, such as electric or hybrid vehicles, by promoting the use of low-carbon energy sources, encouraging innovation in clean technologies, and supporting the transition to a low-carbon economy, which can drive the growth of the urban mobility sector.;;;
783;GHG Reduction;;+;1.0;;;;;;;;;;;;;;;;;;;;;;;;;;;;;;;;;;;;;;;Transport Logistics;The implementation of GHG reduction targets can create conditions that further the development of transport logistics, as it encourages the use of renewable energy sources, promotes sustainable land use, and supports the transition to a low-carbon economy, which can drive innovation in the transport logistics sector.;;;
784;Waste Reduction;;-;1.0;;;;;;;;;;;;;;;;;;;;;;;;;;;;;;;;;;;;;;;Net-Zero Technology - Road Vehicles;The implementation of waste reduction targets can constrain the options for net-zero technology in road vehicles, as it may limit the availability of certain materials or increase costs, potentially hindering the development of low-carbon technologies.;;;
785;Waste Reduction;;-;1.0;;;;;;;;;;;;;;;;;;;;;;;;;;;;;;;;;;;;;;;Biofuels;The achievement of waste reduction targets can limit the options for biofuels, as it may reduce the availability of biomass for energy production, potentially constraining the growth of the biofuels sector.;;;
786;Waste Reduction;;-;1.0;;;;;;;;;;;;;;;;;;;;;;;;;;;;;;;;;;;;;;;Other Low-Carbon Fuels;The implementation of waste reduction targets can counteract the development of other low-carbon fuels, such as hydrogen, by reducing the availability of waste as a feedstock or increasing costs, potentially hindering innovation in the low-carbon fuels sector.;;;
787;Waste Reduction;;-;1.0;;;;;;;;;;;;;;;;;;;;;;;;;;;;;;;;;;;;;;;Hydrogen Distribution;The achievement of waste reduction targets can constrain the options for hydrogen distribution, as it may limit the availability of certain materials or increase costs, potentially hindering the development of low-carbon technologies.;;;
788;Waste Reduction;;-;1.0;;;;;;;;;;;;;;;;;;;;;;;;;;;;;;;;;;;;;;;Urban Mobility;The implementation of waste reduction targets can limit the options for urban mobility solutions, such as electric or hybrid vehicles, by reducing the availability of certain materials or increasing costs, potentially hindering innovation in the urban mobility sector.;;;
789;Waste Reduction;;-;1.0;;;;;;;;;;;;;;;;;;;;;;;;;;;;;;;;;;;;;;;Transport Logistics;The achievement of waste reduction targets can constrain the options for transport logistics, as it may reduce the availability of packaging materials or increase costs, potentially hindering the growth of the transport logistics sector.;;;
790;Circularity/Recycling;;+;2.0;;;;;;;;;;;;;;;;;;;;;;;;;;;;;;;;;;;;;;;Net-Zero Technology - Road Vehicles;The implementation of circularity and recycling targets can reinforce the development of net-zero technology in road vehicles, as it promotes the use of recycled materials, encourages innovation in clean technologies, and supports the transition to a low-carbon economy, which can drive the growth of the net-zero technology sector.;;;
791;Circularity/Recycling;;+;1.0;;;;;;;;;;;;;;;;;;;;;;;;;;;;;;;;;;;;;;;Biofuels;The achievement of circularity and recycling targets can enable the development of biofuels, as it encourages the use of renewable energy sources, promotes sustainable land use, and supports the transition to a low-carbon economy, which can drive innovation in the biofuels sector.;;;
792;Circularity/Recycling;;+;1.0;;;;;;;;;;;;;;;;;;;;;;;;;;;;;;;;;;;;;;;Other Low-Carbon Fuels;The implementation of circularity and recycling targets can create conditions that further the development of other low-carbon fuels, such as hydrogen, by promoting the use of low-carbon energy sources, encouraging innovation in clean technologies, and supporting the transition to a low-carbon economy, which can drive the growth of the low-carbon fuels sector.;;;
793;Circularity/Recycling;;+;1.0;;;;;;;;;;;;;;;;;;;;;;;;;;;;;;;;;;;;;;;Hydrogen Distribution;The achievement of circularity and recycling targets can enable the development of hydrogen distribution, as it promotes the use of low-carbon energy sources, encourages innovation in clean technologies, and supports the transition to a low-carbon economy, which can drive innovation in the hydrogen distribution sector.;;;
794;Circularity/Recycling;;+;1.0;;;;;;;;;;;;;;;;;;;;;;;;;;;;;;;;;;;;;;;Urban Mobility;The implementation of circularity and recycling targets can create conditions that further the development of urban mobility solutions, such as electric or hybrid vehicles, by promoting the use of renewable energy sources, encouraging innovation in clean technologies, and supporting the transition to a low-carbon economy, which can drive the growth of the urban mobility sector.;;;
795;Circularity/Recycling;;+;1.0;;;;;;;;;;;;;;;;;;;;;;;;;;;;;;;;;;;;;;;Transport Logistics;The achievement of circularity and recycling targets can enable the development of transport logistics, as it encourages the use of renewable energy sources, promotes sustainable land use, and supports the transition to a low-carbon economy, which can drive innovation in the transport logistics sector.;;;
796;Critical Raw Materials - Extraction & Import;;+;2.0;;;;;;;;;;;;;;;;;;;;;;;;;;;;;;;;;;;;;;;Net-Zero Technology - Road Vehicles;The implementation of critical raw materials extraction and import targets can reinforce the development of net-zero technology in road vehicles, as it ensures the availability of essential materials, promotes innovation in clean technologies, and supports the transition to a low-carbon economy, which can drive the growth of the net-zero technology sector.;;;
797;Critical Raw Materials - Extraction & Import;;+;1.0;;;;;;;;;;;;;;;;;;;;;;;;;;;;;;;;;;;;;;;Biofuels;The achievement of critical raw materials extraction and import targets can enable the development of biofuels, as it ensures the availability of essential materials, promotes innovation in clean technologies, and supports the transition to a low-carbon economy, which can drive the growth of the biofuels sector.;;;
798;Critical Raw Materials - Extraction & Import;;+;1.0;;;;;;;;;;;;;;;;;;;;;;;;;;;;;;;;;;;;;;;Other Low-Carbon Fuels;The implementation of critical raw materials extraction and import targets can create conditions that further the development of other low-carbon fuels, such as hydrogen, by ensuring the availability of essential materials, promoting innovation in clean technologies, and supporting the transition to a low-carbon economy, which can drive the growth of the low-carbon fuels sector.;;;
799;Critical Raw Materials - Extraction & Import;;+;1.0;;;;;;;;;;;;;;;;;;;;;;;;;;;;;;;;;;;;;;;Hydrogen Distribution;The achievement of critical raw materials extraction and import targets can enable the development of hydrogen distribution, as it ensures the availability of essential materials, promotes innovation in clean technologies, and supports the transition to a low-carbon economy, which can drive innovation in the hydrogen distribution sector.;;;
800;Critical Raw Materials - Extraction & Import;;+;1.0;;;;;;;;;;;;;;;;;;;;;;;;;;;;;;;;;;;;;;;Urban Mobility;The implementation of critical raw materials extraction and import targets can create conditions that further the development of urban mobility solutions, such as electric or hybrid vehicles, by ensuring the availability of essential materials, promoting innovation in clean technologies, and supporting the transition to a low-carbon economy, which can drive the growth of the urban mobility sector.;;;
801;Critical Raw Materials - Extraction & Import;;+;1.0;;;;;;;;;;;;;;;;;;;;;;;;;;;;;;;;;;;;;;;Transport Logistics;The achievement of critical raw materials extraction and import targets can enable the development of transport logistics, as it ensures the availability of essential materials, promotes innovation in clean technologies, and supports the transition to a low-carbon economy, which can drive innovation in the transport logistics sector.;;;
802;Net-Zero Technology - Manufacturing;;+;2.0;;;;;;;;;;;;;;;;;;;;;;;;;;;;;;;;;;;;;;;Rail;The implementation of net-zero technology manufacturing targets can reinforce the development of rail transport, as it promotes the use of low-carbon energy sources, encourages innovation in clean technologies, and supports the transition to a low-carbon economy, which can drive the growth of the rail sector.;;;
803;Net-Zero Technology - Manufacturing;;+;3.0;;;;;;;;;;;;;;;;;;;;;;;;;;;;;;;;;;;;;;;Net-Zero Technology - Road Vehicles;The achievement of net-zero technology manufacturing targets can enable the development of net-zero technology in road vehicles, as it ensures the availability of essential materials, promotes innovation in clean technologies, and supports the transition to a low-carbon economy, which can drive the growth of the net-zero technology sector.;;;
804;Net-Zero Technology - Manufacturing;;+;1.0;;;;;;;;;;;;;;;;;;;;;;;;;;;;;;;;;;;;;;;Biofuels;The implementation of net-zero technology manufacturing targets can create conditions that further the development of biofuels, as it promotes the use of renewable energy sources, encourages innovation in clean technologies, and supports the transition to a low-carbon economy, which can drive innovation in the biofuels sector.;;;
805;Net-Zero Technology - Manufacturing;;+;1.0;;;;;;;;;;;;;;;;;;;;;;;;;;;;;;;;;;;;;;;Other Low-Carbon Fuels;The achievement of net-zero technology manufacturing targets can enable the development of other low-carbon fuels, such as hydrogen, by promoting the use of low-carbon energy sources, encouraging innovation in clean technologies, and supporting the transition to a low-carbon economy, which can drive the growth of the low-carbon fuels sector.;;;
806;Net-Zero Technology - Manufacturing;;+;1.0;;;;;;;;;;;;;;;;;;;;;;;;;;;;;;;;;;;;;;;Hydrogen Distribution;The implementation of net-zero technology manufacturing targets can create conditions that further the development of hydrogen distribution, as it promotes the use of low-carbon energy sources, encourages innovation in clean technologies, and supports the transition to a low-carbon economy, which can drive innovation in the hydrogen distribution sector.;;;
807;Net-Zero Technology - Manufacturing;;+;1.0;;;;;;;;;;;;;;;;;;;;;;;;;;;;;;;;;;;;;;;Urban Mobility;The achievement of net-zero technology manufacturing targets can enable the development of urban mobility solutions, such as electric or hybrid vehicles, by promoting the use of renewable energy sources, encouraging innovation in clean technologies, and supporting the transition to a low-carbon economy, which can drive the growth of the urban mobility sector.;;;
808;Net-Zero Technology - Manufacturing;;+;1.0;;;;;;;;;;;;;;;;;;;;;;;;;;;;;;;;;;;;;;;Transport Logistics;The implementation of net-zero technology manufacturing targets can create conditions that further the development of transport logistics, as it promotes the use of renewable energy sources, encourages innovation in clean technologies, and supports the transition to a low-carbon economy, which can drive innovation in the transport logistics sector.;;;
809;;;;;;;;;GHG Reduction;Food quality;+;2.0;Implementing GHG reduction targets can reinforce food quality by reducing pollution and promoting sustainable agriculture, which in turn can improve food quality and safety.;;;;;;;;;;;;;;;;;;;;;;;;;;;;;;;;;;
810;;;;;;;;;GHG Reduction;Food affordability;+;1.0;Reducing GHG emissions can lead to increased food production and availability, enabling more people to access nutritious food, thus improving food affordability.;;;;;;;;;;;;;;;;;;;;;;;;;;;;;;;;;;
811;;;;;;;;;GHG Reduction;Pesticides Reduction;+;3.0;Reducing GHG emissions can lead to a decrease in the use of pesticides, as sustainable agriculture practices are promoted, which in turn can reduce the environmental impact of pesticides.;;;;;;;;;;;;;;;;;;;;;;;;;;;;;;;;;;
812;;;;;;;;;GHG Reduction;Competitive Agriculture;+;2.0;Implementing GHG reduction targets can aid the competitiveness of the agricultural sector by promoting sustainable practices, increasing efficiency, and reducing waste.;;;;;;;;;;;;;;;;;;;;;;;;;;;;;;;;;;
813;;;;;;;;;GHG Reduction;Social Security - Workers Protection;+;1.0;Reducing GHG emissions can lead to the creation of new job opportunities in the renewable energy and low-carbon sectors, thus supporting workers' protection and social security.;;;;;;;;;;;;;;;;;;;;;;;;;;;;;;;;;;
814;;;;;;;;;Waste Reduction;Food quality;+;1.0;Implementing waste reduction targets can lead to a decrease in food waste, which in turn can improve food quality and safety.;;;;;;;;;;;;;;;;;;;;;;;;;;;;;;;;;;
815;;;;;;;;;Waste Reduction;Food affordability;+;1.0;Reducing waste can lead to a decrease in food prices, making nutritious food more affordable for low-income households.;;;;;;;;;;;;;;;;;;;;;;;;;;;;;;;;;;
816;;;;;;;;;Waste Reduction;Pesticides Reduction;+;2.0;Reducing waste, particularly plastic waste, can decrease the use of pesticides in agriculture, thus reducing their environmental impact.;;;;;;;;;;;;;;;;;;;;;;;;;;;;;;;;;;
817;;;;;;;;;Waste Reduction;Competitive Agriculture;+;2.0;Implementing waste reduction targets can aid the competitiveness of the agricultural sector by reducing costs, increasing efficiency, and promoting sustainable practices.;;;;;;;;;;;;;;;;;;;;;;;;;;;;;;;;;;
818;;;;;;;;;Waste Reduction;Social Security - Workers Protection;+;1.0;Reducing waste can lead to the creation of new job opportunities in the recycling and waste management sectors, thus supporting workers' protection and social security.;;;;;;;;;;;;;;;;;;;;;;;;;;;;;;;;;;
819;;;;;;;;;Waste Reduction - Municipal Waste;Food quality;+;1.0;Implementing municipal waste reduction targets can lead to a decrease in food waste, which in turn can improve food quality and safety.;;;;;;;;;;;;;;;;;;;;;;;;;;;;;;;;;;
820;;;;;;;;;Waste Reduction - Municipal Waste;Food affordability;+;1.0;Reducing municipal waste can lead to a decrease in food prices, making nutritious food more affordable for low-income households.;;;;;;;;;;;;;;;;;;;;;;;;;;;;;;;;;;
821;;;;;;;;;Waste Reduction - Municipal Waste;Pesticides Reduction;+;2.0;Reducing municipal waste, particularly plastic waste, can decrease the use of pesticides in agriculture, thus reducing their environmental impact.;;;;;;;;;;;;;;;;;;;;;;;;;;;;;;;;;;
822;;;;;;;;;Waste Reduction - Municipal Waste;Competitive Agriculture;+;2.0;Implementing municipal waste reduction targets can aid the competitiveness of the agricultural sector by reducing costs, increasing efficiency, and promoting sustainable practices.;;;;;;;;;;;;;;;;;;;;;;;;;;;;;;;;;;
823;;;;;;;;;Waste Reduction - Municipal Waste;Social Security - Workers Protection;+;1.0;Reducing municipal waste can lead to the creation of new job opportunities in the recycling and waste management sectors, thus supporting workers' protection and social security.;;;;;;;;;;;;;;;;;;;;;;;;;;;;;;;;;;
824;;;;;;;;;Waste Reduction - Food Waste;Food quality;+;1.0;Implementing food waste reduction targets can lead to a decrease in food waste, which in turn can improve food quality and safety.;;;;;;;;;;;;;;;;;;;;;;;;;;;;;;;;;;
825;;;;;;;;;Waste Reduction - Food Waste;Food affordability;+;1.0;Reducing food waste can lead to a decrease in food prices, making nutritious food more affordable for low-income households.;;;;;;;;;;;;;;;;;;;;;;;;;;;;;;;;;;
826;;;;;;;;;Waste Reduction - Food Waste;Pesticides Reduction;+;2.0;Reducing food waste, particularly food packaging waste, can decrease the use of pesticides in agriculture, thus reducing their environmental impact.;;;;;;;;;;;;;;;;;;;;;;;;;;;;;;;;;;
827;;;;;;;;;Waste Reduction - Food Waste;Competitive Agriculture;+;2.0;Implementing food waste reduction targets can aid the competitiveness of the agricultural sector by reducing costs, increasing efficiency, and promoting sustainable practices.;;;;;;;;;;;;;;;;;;;;;;;;;;;;;;;;;;
828;;;;;;;;;Waste Reduction - Food Waste;Social Security - Workers Protection;+;1.0;Reducing food waste can lead to the creation of new job opportunities in the recycling and waste management sectors, thus supporting workers' protection and social security.;;;;;;;;;;;;;;;;;;;;;;;;;;;;;;;;;;
829;;;;;;;;;Waste Reduction - Plastic & Packaging;Food quality;+;1.0;Implementing plastic and packaging waste reduction targets can lead to a decrease in food waste, which in turn can improve food quality and safety.;;;;;;;;;;;;;;;;;;;;;;;;;;;;;;;;;;
830;;;;;;;;;Waste Reduction - Plastic & Packaging;Food affordability;+;1.0;Reducing plastic and packaging waste can lead to a decrease in food prices, making nutritious food more affordable for low-income households.;;;;;;;;;;;;;;;;;;;;;;;;;;;;;;;;;;
831;;;;;;;;;Waste Reduction - Plastic & Packaging;Pesticides Reduction;+;2.0;Reducing plastic and packaging waste, particularly single-use plastics, can decrease the use of pesticides in agriculture, thus reducing their environmental impact.;;;;;;;;;;;;;;;;;;;;;;;;;;;;;;;;;;
832;;;;;;;;;Waste Reduction - Plastic & Packaging;Competitive Agriculture;+;2.0;Implementing plastic and packaging waste reduction targets can aid the competitiveness of the agricultural sector by reducing costs, increasing efficiency, and promoting sustainable practices.;;;;;;;;;;;;;;;;;;;;;;;;;;;;;;;;;;
833;;;;;;;;;Waste Reduction - Plastic & Packaging;Social Security - Workers Protection;+;1.0;Reducing plastic and packaging waste can lead to the creation of new job opportunities in the recycling and waste management sectors, thus supporting workers' protection and social security.;;;;;;;;;;;;;;;;;;;;;;;;;;;;;;;;;;
834;;;;;;;;;Circularity/Recycling;Food quality;+;1.0;Implementing circularity and recycling targets can lead to a decrease in food waste, which in turn can improve food quality and safety.;;;;;;;;;;;;;;;;;;;;;;;;;;;;;;;;;;
835;;;;;;;;;Circularity/Recycling;Food affordability;+;1.0;Promoting circularity and recycling can lead to a decrease in food prices, making nutritious food more affordable for low-income households.;;;;;;;;;;;;;;;;;;;;;;;;;;;;;;;;;;
836;;;;;;;;;Circularity/Recycling;Pesticides Reduction;+;2.0;Implementing circularity and recycling targets, particularly for plastics, can decrease the use of pesticides in agriculture, thus reducing their environmental impact.;;;;;;;;;;;;;;;;;;;;;;;;;;;;;;;;;;
837;;;;;;;;;Circularity/Recycling;Competitive Agriculture;+;2.0;Promoting circularity and recycling can aid the competitiveness of the agricultural sector by reducing costs, increasing efficiency, and promoting sustainable practices.;;;;;;;;;;;;;;;;;;;;;;;;;;;;;;;;;;
838;;;;;;;;;Circularity/Recycling;Social Security - Workers Protection;+;1.0;Promoting circularity and recycling can lead to the creation of new job opportunities in the recycling and waste management sectors, thus supporting workers' protection and social security.;;;;;;;;;;;;;;;;;;;;;;;;;;;;;;;;;;
839;;;;;;;;;Circularity/Recycling - Municipal Waste;Food quality;+;1.0;Implementing circularity and recycling targets for municipal waste can lead to a decrease in food waste, which in turn can improve food quality and safety.;;;;;;;;;;;;;;;;;;;;;;;;;;;;;;;;;;
840;;;;;;;;;Circularity/Recycling - Municipal Waste;Food affordability;+;1.0;Promoting circularity and recycling in municipal waste management can lead to a decrease in food prices, making nutritious food more affordable for low-income households.;;;;;;;;;;;;;;;;;;;;;;;;;;;;;;;;;;
841;;;;;;;;;Circularity/Recycling - Municipal Waste;Pesticides Reduction;+;2.0;Implementing circularity and recycling targets for municipal waste, particularly for plastics, can decrease the use of pesticides in agriculture, thus reducing their environmental impact.;;;;;;;;;;;;;;;;;;;;;;;;;;;;;;;;;;
842;;;;;;;;;Circularity/Recycling - Municipal Waste;Competitive Agriculture;+;2.0;Promoting circularity and recycling in municipal waste management can aid the competitiveness of the agricultural sector by reducing costs, increasing efficiency, and promoting sustainable practices.;;;;;;;;;;;;;;;;;;;;;;;;;;;;;;;;;;
843;;;;;;;;;Circularity/Recycling - Municipal Waste;Social Security - Workers Protection;+;1.0;Promoting circularity and recycling in municipal waste management can lead to the creation of new job opportunities in the recycling and waste management sectors, thus supporting workers' protection and social security.;;;;;;;;;;;;;;;;;;;;;;;;;;;;;;;;;;
844;;;;;;;;;Circularity/Recycling - Textile Waste;Food quality;+;1.0;Implementing circularity and recycling targets for textile waste can lead to a decrease in food waste, which in turn can improve food quality and safety.;;;;;;;;;;;;;;;;;;;;;;;;;;;;;;;;;;
845;;;;;;;;;Circularity/Recycling - Textile Waste;Food affordability;+;1.0;Promoting circularity and recycling in textile waste management can lead to a decrease in food prices, making nutritious food more affordable for low-income households.;;;;;;;;;;;;;;;;;;;;;;;;;;;;;;;;;;
846;;;;;;;;;Circularity/Recycling - Textile Waste;Pesticides Reduction;+;2.0;Implementing circularity and recycling targets for textile waste can decrease the use of pesticides in agriculture, thus reducing their environmental impact.;;;;;;;;;;;;;;;;;;;;;;;;;;;;;;;;;;
847;;;;;;;;;Circularity/Recycling - Textile Waste;Competitive Agriculture;+;2.0;Promoting circularity and recycling in textile waste management can aid the competitiveness of the agricultural sector by reducing costs, increasing efficiency, and promoting sustainable practices.;;;;;;;;;;;;;;;;;;;;;;;;;;;;;;;;;;
848;;;;;;;;;Circularity/Recycling - Textile Waste;Social Security - Workers Protection;+;1.0;Promoting circularity and recycling in textile waste management can lead to the creation of new job opportunities in the recycling and waste management sectors, thus supporting workers' protection and social security.;;;;;;;;;;;;;;;;;;;;;;;;;;;;;;;;;;
849;;;;;;;;;Circularity/Recycling - Plastic & Packaging;Food quality;+;1.0;Implementing circularity and recycling targets for plastic and packaging waste can lead to a decrease in food waste, which in turn can improve food quality and safety.;;;;;;;;;;;;;;;;;;;;;;;;;;;;;;;;;;
850;;;;;;;;;Circularity/Recycling - Plastic & Packaging;Food affordability;+;1.0;Promoting circularity and recycling in plastic and packaging waste management can lead to a decrease in food prices, making nutritious food more affordable for low-income households.;;;;;;;;;;;;;;;;;;;;;;;;;;;;;;;;;;
851;;;;;;;;;Circularity/Recycling - Plastic & Packaging;Pesticides Reduction;+;2.0;Implementing circularity and recycling targets for plastic and packaging waste can decrease the use of pesticides in agriculture, thus reducing their environmental impact.;;;;;;;;;;;;;;;;;;;;;;;;;;;;;;;;;;
852;;;;;;;;;Circularity/Recycling - Plastic & Packaging;Competitive Agriculture;+;2.0;Promoting circularity and recycling in plastic and packaging waste management can aid the competitiveness of the agricultural sector by reducing costs, increasing efficiency, and promoting sustainable practices.;;;;;;;;;;;;;;;;;;;;;;;;;;;;;;;;;;
853;;;;;;;;;Circularity/Recycling - Plastic & Packaging;Social Security - Workers Protection;+;1.0;Promoting circularity and recycling in plastic and packaging waste management can lead to the creation of new job opportunities in the recycling and waste management sectors, thus supporting workers' protection and social security.;;;;;;;;;;;;;;;;;;;;;;;;;;;;;;;;;;
854;;;;;;;;;Circularity/Recycling - Plastic & Packaging - Bio-based plastics;Food quality;+;1.0;Implementing circularity and recycling targets for bio-based plastics can lead to a decrease in food waste, which in turn can improve food quality and safety.;;;;;;;;;;;;;;;;;;;;;;;;;;;;;;;;;;
855;;;;;;;;;Circularity/Recycling - Plastic & Packaging - Bio-based plastics;Food affordability;+;1.0;Promoting circularity and recycling in bio-based plastics waste management can lead to a decrease in food prices, making nutritious food more affordable for low-income households.;;;;;;;;;;;;;;;;;;;;;;;;;;;;;;;;;;
856;;;;;;;;;Circularity/Recycling - Plastic & Packaging - Bio-based plastics;Pesticides Reduction;+;2.0;Implementing circularity and recycling targets for bio-based plastics can decrease the use of pesticides in agriculture, thus reducing their environmental impact.;;;;;;;;;;;;;;;;;;;;;;;;;;;;;;;;;;
857;;;;;;;;;Circularity/Recycling - Plastic & Packaging - Bio-based plastics;Competitive Agriculture;+;2.0;Promoting circularity and recycling in bio-based plastics waste management can aid the competitiveness of the agricultural sector by reducing costs, increasing efficiency, and promoting sustainable practices.;;;;;;;;;;;;;;;;;;;;;;;;;;;;;;;;;;
858;;;;;;;;;Circularity/Recycling - Plastic & Packaging - Bio-based plastics;Social Security - Workers Protection;+;1.0;Promoting circularity and recycling in bio-based plastics waste management can lead to the creation of new job opportunities in the recycling and waste management sectors, thus supporting workers' protection and social security.;;;;;;;;;;;;;;;;;;;;;;;;;;;;;;;;;;
859;;;;;;;;;Circularity/Recycling - Vehicle Circularity;Food quality;+;1.0;Implementing circularity and recycling targets for vehicle waste can lead to a decrease in food waste, which in turn can improve food quality and safety.;;;;;;;;;;;;;;;;;;;;;;;;;;;;;;;;;;
860;;;;;;;;;Circularity/Recycling - Vehicle Circularity;Food affordability;+;1.0;Promoting circularity and recycling in vehicle waste management can lead to a decrease in food prices, making nutritious food more affordable for low-income households.;;;;;;;;;;;;;;;;;;;;;;;;;;;;;;;;;;
861;;;;;;;;;Circularity/Recycling - Vehicle Circularity;Pesticides Reduction;+;2.0;Implementing circularity and recycling targets for vehicle waste can decrease the use of pesticides in agriculture, thus reducing their environmental impact.;;;;;;;;;;;;;;;;;;;;;;;;;;;;;;;;;;
862;;;;;;;;;Circularity/Recycling - Vehicle Circularity;Competitive Agriculture;+;2.0;Promoting circularity and recycling in vehicle waste management can aid the competitiveness of the agricultural sector by reducing costs, increasing efficiency, and promoting sustainable practices.;;;;;;;;;;;;;;;;;;;;;;;;;;;;;;;;;;
863;;;;;;;;;Circularity/Recycling - Vehicle Circularity;Social Security - Workers Protection;+;1.0;Promoting circularity and recycling in vehicle waste management can lead to the creation of new job opportunities in the recycling and waste management sectors, thus supporting workers' protection and social security.;;;;;;;;;;;;;;;;;;;;;;;;;;;;;;;;;;
864;;;;;;;;;Circularity/Recycling - Critical Raw Materials - Batteries Recycling;Food quality;+;1.0;Implementing circularity and recycling targets for critical raw materials, particularly batteries, can lead to a decrease in food waste, which in turn can improve food quality and safety.;;;;;;;;;;;;;;;;;;;;;;;;;;;;;;;;;;
865;;;;;;;;;Circularity/Recycling - Critical Raw Materials - Batteries Recycling;Food affordability;+;1.0;Promoting circularity and recycling in critical raw materials waste management can lead to a decrease in food prices, making nutritious food more affordable for low-income households.;;;;;;;;;;;;;;;;;;;;;;;;;;;;;;;;;;
866;;;;;;;;;Circularity/Recycling - Critical Raw Materials - Batteries Recycling;Pesticides Reduction;+;2.0;Implementing circularity and recycling targets for critical raw materials can decrease the use of pesticides in agriculture, thus reducing their environmental impact.;;;;;;;;;;;;;;;;;;;;;;;;;;;;;;;;;;
867;;;;;;;;;Circularity/Recycling - Critical Raw Materials - Batteries Recycling;Competitive Agriculture;+;2.0;Promoting circularity and recycling in critical raw materials waste management can aid the competitiveness of the agricultural sector by reducing costs, increasing efficiency, and promoting sustainable practices.;;;;;;;;;;;;;;;;;;;;;;;;;;;;;;;;;;
868;;;;;;;;;Circularity/Recycling - Critical Raw Materials - Batteries Recycling;Social Security - Workers Protection;+;1.0;Promoting circularity and recycling in critical raw materials waste management can lead to the creation of new job opportunities in the recycling and waste management sectors, thus supporting workers' protection and social security.;;;;;;;;;;;;;;;;;;;;;;;;;;;;;;;;;;
869;;;;;;;;;Critical Raw Materials - Extraction & Import;Food quality;+;1.0;Implementing critical raw materials extraction and import targets can lead to a decrease in food waste, which in turn can improve food quality and safety.;;;;;;;;;;;;;;;;;;;;;;;;;;;;;;;;;;
870;;;;;;;;;Critical Raw Materials - Extraction & Import;Food affordability;+;1.0;Promoting critical raw materials extraction and import can lead to a decrease in food prices, making nutritious food more affordable for low-income households.;;;;;;;;;;;;;;;;;;;;;;;;;;;;;;;;;;
871;;;;;;;;;Critical Raw Materials - Extraction & Import;Pesticides Reduction;+;2.0;Implementing critical raw materials extraction and import targets can decrease the use of pesticides in agriculture, thus reducing their environmental impact.;;;;;;;;;;;;;;;;;;;;;;;;;;;;;;;;;;
872;;;;;;;;;Critical Raw Materials - Extraction & Import;Competitive Agriculture;+;2.0;Promoting critical raw materials extraction and import can aid the competitiveness of the agricultural sector by reducing costs, increasing efficiency, and promoting sustainable practices.;;;;;;;;;;;;;;;;;;;;;;;;;;;;;;;;;;
873;;;;;;;;;Critical Raw Materials - Extraction & Import;Social Security - Workers Protection;+;1.0;Promoting critical raw materials extraction and import can lead to the creation of new job opportunities in the extraction and import sectors, thus supporting workers' protection and social security.;;;;;;;;;;;;;;;;;;;;;;;;;;;;;;;;;;
874;;;;;;;;;Net-Zero Technology - Manufacturing;Food quality;+;1.0;Implementing net-zero technology manufacturing targets can lead to a decrease in food waste, which in turn can improve food quality and safety.;;;;;;;;;;;;;;;;;;;;;;;;;;;;;;;;;;
875;;;;;;;;;Net-Zero Technology - Manufacturing;Food affordability;+;1.0;Promoting net-zero technology manufacturing can lead to a decrease in food prices, making nutritious food more affordable for low-income households.;;;;;;;;;;;;;;;;;;;;;;;;;;;;;;;;;;
876;;;;;;;;;Net-Zero Technology - Manufacturing;Pesticides Reduction;+;2.0;Implementing net-zero technology manufacturing targets can decrease the use of pesticides in agriculture, thus reducing their environmental impact.;;;;;;;;;;;;;;;;;;;;;;;;;;;;;;;;;;
877;;;;;;;;;Net-Zero Technology - Manufacturing;Competitive Agriculture;+;2.0;Promoting net-zero technology manufacturing can aid the competitiveness of the agricultural sector by reducing costs, increasing efficiency, and promoting sustainable practices.;;;;;;;;;;;;;;;;;;;;;;;;;;;;;;;;;;
878;;;;;;;;;Net-Zero Technology - Manufacturing;Social Security - Workers Protection;+;1.0;Promoting net-zero technology manufacturing can lead to the creation of new job opportunities in the manufacturing sector, thus supporting workers' protection and social security.;;;;;;;;;;;;;;;;;;;;;;;;;;;;;;;;;;
879;;;;;;;;;GHG Reduction;Food quality;+;2.0;Implementing GHG reduction targets can reinforce food quality by reducing pollution and promoting sustainable agriculture practices, which in turn can improve food safety and quality.;;;;;;;;;;;;;;;;;;;;;;;;;;;;;;;;;;
880;;;;;;;;;GHG Reduction;Food affordability;+;1.0;Reducing GHG emissions can create conditions that further food affordability by promoting sustainable agriculture practices and reducing production costs.;;;;;;;;;;;;;;;;;;;;;;;;;;;;;;;;;;
881;;;;;;;;;GHG Reduction;Pesticides Reduction;+;3.0;Achieving GHG reduction targets is indivisibly linked to reducing pesticide use, as sustainable agriculture practices are essential for both climate change mitigation and pesticide reduction.;;;;;;;;;;;;;;;;;;;;;;;;;;;;;;;;;;
882;;;;;;;;;Competitive Agriculture;Food quality;+;2.0;Promoting competitive agriculture can reinforce food quality by supporting sustainable agriculture practices, improving food safety, and reducing the environmental impact of agriculture.;;;;;;;;;;;;;;;;;;;;;;;;;;;;;;;;;;
883;;;;;;;;;Competitive Agriculture;Food affordability;+;1.0;Improving agricultural competitiveness can create conditions that further food affordability by increasing efficiency and reducing production costs.;;;;;;;;;;;;;;;;;;;;;;;;;;;;;;;;;;
884;;;;;;;;;Social Security - Workers Protection;Food quality;+;2.0;Protecting workers' rights and promoting fair labour conditions can reinforce food quality by ensuring that food production and processing are done in a safe and healthy environment.;;;;;;;;;;;;;;;;;;;;;;;;;;;;;;;;;;
885;;;;;;;;;Social Security - Workers Protection;Food affordability;+;1.0;Promoting social security and workers' protection can create conditions that further food affordability by reducing poverty and improving access to nutritious food.;;;;;;;;;;;;;;;;;;;;;;;;;;;;;;;;;;
886;;;;;;;;;Pesticides Reduction;Food quality;+;3.0;Reducing pesticide use is indivisibly linked to improving food quality, as it reduces the risk of pesticide residues in food and promotes sustainable agriculture practices.;;;;;;;;;;;;;;;;;;;;;;;;;;;;;;;;;;
887;;;;;;;;;Pesticides Reduction;Food affordability;+;1.0;Reducing pesticide use can create conditions that further food affordability by reducing production costs and promoting sustainable agriculture practices.;;;;;;;;;;;;;;;;;;;;;;;;;;;;;;;;;;
888;;;;;;;;;Food quality;Improve Air Quality;+;2.0;Improving food quality can reinforce efforts to improve air quality, as sustainable agriculture practices can reduce air pollution and promote a healthier environment.;;;;;;;;;;;;;;;;;;;;;;;;;;;;;;;;;;
889;;;;;;;;;Food quality;Improve Water Quality;+;2.0;Promoting food quality can reinforce efforts to improve water quality, as sustainable agriculture practices can reduce water pollution and promote a healthier environment.;;;;;;;;;;;;;;;;;;;;;;;;;;;;;;;;;;
890;;;;;;;;;Food affordability;Improve Soils Health;+;1.0;Improving food affordability can create conditions that further soil health by promoting sustainable agriculture practices and reducing soil degradation.;;;;;;;;;;;;;;;;;;;;;;;;;;;;;;;;;;
891;;;;;;;;;Food affordability;Noise Reduction;+;1.0;Reducing food waste and improving food distribution can create conditions that further noise reduction by reducing the need for transportation and promoting local food systems.;;;;;;;;;;;;;;;;;;;;;;;;;;;;;;;;;;
892;GHG Reduction;;;;;;1.0;;;;;;;;;;;;;;;;;;;;;;;;;;;;;Improve Water Quality;;;;;;;;;Reducing greenhouse gas emissions can create conditions that further water quality targets by decreasing the energy consumption and pollution from industrial processes, enabling more efficient water treatment and management.;;
893;GHG Reduction;;;;;;1.0;;;;;;;;;;;;;;;;;;;;;;;;;;;;;Improve Soils Health;;;;;;;;;The implementation of GHG reduction targets can enable soil health by promoting sustainable land use and reducing pollution from industrial activities, thus creating conditions for better soil management and conservation.;;
894;GHG Reduction;;;;;;1.0;;;;;;;;;;;;;;;;;;;;;;;;;;;;;Noise Reduction;;;;;;;;;Reducing greenhouse gas emissions can create conditions that further noise reduction targets by promoting the use of cleaner and quieter energy sources, enabling more efficient noise pollution mitigation.;;
895;GHG Reduction;;;;;;1.0;;;;;;;;;;;;;;;;;;;;;;;;;;;;;Social Security - Sanitation;;;;;;;;;The achievement of GHG reduction targets can enable access to sanitation by providing access to energy for water treatment and management, thus creating conditions for better sanitation and hygiene.;;
896;Waste Reduction;;;;;;3.0;;;;;;;;;;;;;;;;;;;;;;;;;;;;;Circularity/Recycling;;;;;;;;;The implementation of waste reduction targets is inextricably linked to the achievement of circularity and recycling targets, as reducing waste generation is a crucial step in promoting recycling and the circular economy.;;
897;Waste Reduction - Municipal Waste;;;;;;3.0;;;;;;;;;;;;;;;;;;;;;;;;;;;;;Circularity/Recycling - Municipal Waste;;;;;;;;;The reduction of municipal waste is closely tied to the recycling of municipal waste, as reducing waste generation in this sector is essential for increasing recycling rates and promoting a circular economy.;;
898;Waste Reduction - Food Waste;;;;;;2.0;;;;;;;;;;;;;;;;;;;;;;;;;;;;;Circularity/Recycling - Food Waste;;;;;;;;;Reducing food waste can aid in the achievement of food waste recycling targets by creating a market for recycled food waste and promoting a culture of sustainability in the food sector.;;
899;Waste Reduction - Plastic & Packaging;;;;;;3.0;;;;;;;;;;;;;;;;;;;;;;;;;;;;;Circularity/Recycling - Plastic & Packaging;;;;;;;;;The reduction of plastic and packaging waste is inextricably linked to the recycling of these materials, as reducing waste generation is crucial for increasing recycling rates and promoting a circular economy.;;
900;Circularity/Recycling;;;;;;1.0;;;;;;;;;;;;;;;;;;;;;;;;;;;;;Critical Raw Materials - Extraction & Import;;;;;;;;;The promotion of circularity and recycling can create conditions that further critical raw material extraction and import targets by reducing the demand for primary raw materials and promoting the use of recycled materials.;;
901;Circularity/Recycling - Vehicle Circularity;;;;;;2.0;;;;;;;;;;;;;;;;;;;;;;;;;;;;;Critical Raw Materials - Extraction & Import;;;;;;;;;The implementation of vehicle circularity targets can aid in the achievement of critical raw material extraction and import targets by promoting the recycling and reuse of critical raw materials in the automotive sector.;;
902;Circularity/Recycling - Critical Raw Materials - Batteries Recycling;;;;;;2.0;;;;;;;;;;;;;;;;;;;;;;;;;;;;;Net-Zero Technology - Manufacturing;;;;;;;;;The recycling of batteries can reinforce the development of net-zero technology manufacturing by providing a source of critical raw materials and promoting a circular economy in the manufacturing sector.;;
903;GHG Reduction;;;;;;1.0;;;;;;;;;;;;;Marine Ecosystem Restoration;;;;;;;;;;;;;;;;;;;;;;;;;;Reducing GHG emissions can create conditions that further marine ecosystem restoration by mitigating the impacts of ocean acidification and promoting the health of marine ecosystems.;
904;GHG Reduction;;;;;;1.0;;;;;;;;;;;;;Biodiversity Protection & Conservation;;;;;;;;;;;;;;;;;;;;;;;;;;The reduction of GHG emissions can enable biodiversity conservation by reducing pollution and protecting ecosystems, which in turn supports the conservation of species and their habitats.;
905;Waste Reduction;;;;;;1.0;;;;;;;;;;;;;Terrestrial Ecosystems Restoration;;;;;;;;;;;;;;;;;;;;;;;;;;Implementing waste reduction targets can create conditions that further terrestrial ecosystems restoration by reducing waste and pollution, which can support ecosystem services and biodiversity conservation.;
906;Waste Reduction;;;;;;2.0;;;;;;;;;;;;;Marine Ecosystem Restoration;;;;;;;;;;;;;;;;;;;;;;;;;;Reducing waste can reinforce marine ecosystem restoration by reducing marine pollution and promoting the health of marine ecosystems, which can support biodiversity conservation and ecosystem services.;
907;Waste Reduction;;;;;;1.0;;;;;;;;;;;;;Biodiversity Protection & Conservation;;;;;;;;;;;;;;;;;;;;;;;;;;The reduction of waste can enable biodiversity conservation by reducing pollution and protecting ecosystems, which in turn supports the conservation of species and their habitats.;
908;Circularity/Recycling;;;;;;1.0;;;;;;;;;;;;;Terrestrial Ecosystems Restoration;;;;;;;;;;;;;;;;;;;;;;;;;;Implementing circular economy and recycling targets can create conditions that further terrestrial ecosystems restoration by promoting the recycling of materials and reducing waste, which can support ecosystem services and biodiversity conservation.;
909;Circularity/Recycling;;;;;;1.0;;;;;;;;;;;;;Marine Ecosystem Restoration;;;;;;;;;;;;;;;;;;;;;;;;;;The implementation of circular economy and recycling targets can enable marine ecosystem restoration by reducing marine pollution and promoting the recycling of materials, which can support biodiversity conservation and ecosystem services.;
910;Circularity/Recycling;;;;;;1.0;;;;;;;;;;;;;Biodiversity Protection & Conservation;;;;;;;;;;;;;;;;;;;;;;;;;;The promotion of circular economy and recycling can enable biodiversity conservation by reducing pollution and protecting ecosystems, which in turn supports the conservation of species and their habitats.;
911;Critical Raw Materials - Extraction & Import;;;;;;1.0;;;;;;;;;;;;;Terrestrial Ecosystems Restoration;;;;;;;;;;;;;;;;;;;;;;;;;;The extraction and import of critical raw materials can create conditions that further terrestrial ecosystems restoration by promoting the recycling of materials and reducing waste, which can support ecosystem services and biodiversity conservation.;
912;Critical Raw Materials - Extraction & Import;;;;;;1.0;;;;;;;;;;;;;Marine Ecosystem Restoration;;;;;;;;;;;;;;;;;;;;;;;;;;The extraction and import of critical raw materials can enable marine ecosystem restoration by reducing marine pollution and promoting the recycling of materials, which can support biodiversity conservation and ecosystem services.;
913;Critical Raw Materials - Extraction & Import;;;;;;1.0;;;;;;;;;;;;;Biodiversity Protection & Conservation;;;;;;;;;;;;;;;;;;;;;;;;;;The extraction and import of critical raw materials can enable biodiversity conservation by reducing pollution and protecting ecosystems, which in turn supports the conservation of species and their habitats.;
914;Net-Zero Technology - Manufacturing;;;;;;1.0;;;;;;;;;;;;;Terrestrial Ecosystems Restoration;;;;;;;;;;;;;;;;;;;;;;;;;;The development of net-zero technologies can create conditions that further terrestrial ecosystems restoration by promoting the recycling of materials and reducing waste, which can support ecosystem services and biodiversity conservation.;
915;Net-Zero Technology - Manufacturing;;;;;;1.0;;;;;;;;;;;;;Marine Ecosystem Restoration;;;;;;;;;;;;;;;;;;;;;;;;;;The implementation of net-zero technologies can enable marine ecosystem restoration by reducing marine pollution and promoting the recycling of materials, which can support biodiversity conservation and ecosystem services.;
916;Net-Zero Technology - Manufacturing;;;;;;1.0;;;;;;;;;;;;;Biodiversity Protection & Conservation;;;;;;;;;;;;;;;;;;;;;;;;;;The promotion of net-zero technologies can enable biodiversity conservation by reducing pollution and protecting ecosystems, which in turn supports the conservation of species and their habitats.;
917;GHG Reduction;Energy Efficiency;+;2.0;;;;;;;;;;;;;;;;;;;;;;;;;;;;;;;;;;;;;;;;;;;Reducing GHG emissions can also reinforce energy efficiency efforts, as energy savings can be achieved through the use of renewable energy sources and energy-efficient technologies.
918;GHG Reduction;Energy Infrastructure;+;2.0;;;;;;;;;;;;;;;;;;;;;;;;;;;;;;;;;;;;;;;;;;;The reduction of GHG emissions can also lead to the development of new energy infrastructure, such as renewable energy plants and energy storage facilities, which can support the transition to a low-carbon economy.
919;Renewable Energy;Energy Efficiency;+;2.0;;;;;;;;;;;;;;;;;;;;;;;;;;;;;;;;;;;;;;;;;;;The growth of renewable energy can enable energy efficiency measures, such as smart grids and energy storage, which can optimize energy distribution and reduce energy waste.
920;Renewable Energy;Energy Infrastructure;+;2.0;;;;;;;;;;;;;;;;;;;;;;;;;;;;;;;;;;;;;;;;;;;The expansion of renewable energy can drive the development of new energy infrastructure, including transmission and distribution networks, to support the integration of variable renewable energy sources.
921;Renewable Energy;Social Security - Energy;+;1.0;;;;;;;;;;;;;;;;;;;;;;;;;;;;;;;;;;;;;;;;;;;The increased use of renewable energy can lead to job creation in the energy sector, contributing to social security and reducing energy poverty.
922;Renewable Energy - Heating & Cooling;Energy Efficiency - Buildings;+;2.0;;;;;;;;;;;;;;;;;;;;;;;;;;;;;;;;;;;;;;;;;;;The development of renewable heating and cooling solutions can reinforce energy efficiency efforts in buildings, reducing energy consumption and greenhouse gas emissions.
923;Renewable Energy - Hydrogen Production;Net-Zero Technology - Road Vehicles;+;2.0;;;;;;;;;;;;;;;;;;;;;;;;;;;;;;;;;;;;;;;;;;;The production of renewable hydrogen can support the transition to net-zero emissions in road transport, enabling the use of fuel-cell vehicles and reducing dependence on fossil fuels.
924;Renewable Energy - Ocean/Offshore;Transport Logistics;+;1.0;;;;;;;;;;;;;;;;;;;;;;;;;;;;;;;;;;;;;;;;;;;The development of offshore renewable energy can support the decarbonization of maritime transport, reducing emissions from shipping and increasing the use of low-carbon fuels.
925;Renewable Energy - Solar;Energy Efficiency;+;2.0;;;;;;;;;;;;;;;;;;;;;;;;;;;;;;;;;;;;;;;;;;;The growth of solar energy can enable energy efficiency measures, such as building-integrated photovoltaics and solar water heaters, which can reduce energy consumption and greenhouse gas emissions.
926;Energy Efficiency;Energy Efficiency - Buildings;+;3.0;;;;;;;;;;;;;;;;;;;;;;;;;;;;;;;;;;;;;;;;;;;Energy efficiency measures, such as building insulation and efficient lighting, can significantly reduce energy consumption in buildings, supporting the achievement of energy efficiency targets.
927;Energy Efficiency - Buildings;Social Security - Energy;+;1.0;;;;;;;;;;;;;;;;;;;;;;;;;;;;;;;;;;;;;;;;;;;Energy-efficient buildings can contribute to social security by reducing energy poverty and improving the health and wellbeing of building occupants.
928;Energy Infrastructure;Net-Zero Technology - Road Vehicles;+;2.0;;;;;;;;;;;;;;;;;;;;;;;;;;;;;;;;;;;;;;;;;;;The development of energy infrastructure, including charging points and hydrogen refueling stations, can support the transition to net-zero emissions in road transport, enabling the use of electric and hydrogen fuel-cell vehicles.
929;Social Security - Energy;Transport Logistics;+;1.0;;;;;;;;;;;;;;;;;;;;;;;;;;;;;;;;;;;;;;;;;;;Social security policies, such as those addressing energy poverty, can support the transition to a low-carbon economy by ensuring that the benefits of renewable energy and energy efficiency are shared fairly and that no one is left behind.
930;Rail;Net-Zero Technology - Road Vehicles;+;2.0;;;;;;;;;;;;;;;;;;;;;;;;;;;;;;;;;;;;;;;;;;;The development of rail transport can support the transition to net-zero emissions in road transport, enabling the use of electric and hydrogen fuel-cell vehicles and reducing emissions from freight transport.
931;Net-Zero Technology - Road Vehicles;Biofuels;+;1.0;;;;;;;;;;;;;;;;;;;;;;;;;;;;;;;;;;;;;;;;;;;The transition to net-zero emissions in road transport can be supported by the use of biofuels, which can provide a low-carbon alternative to fossil fuels and support the achievement of renewable energy targets.
932;Net-Zero Technology - Road Vehicles;Other Low-Carbon Fuels;+;1.0;;;;;;;;;;;;;;;;;;;;;;;;;;;;;;;;;;;;;;;;;;;The development of net-zero technology in road transport can be supported by the use of other low-carbon fuels, such as renewable natural gas and methanol, which can reduce emissions and support the achievement of renewable energy targets.
933;Net-Zero Technology - Road Vehicles;Hydrogen Distribution;+;2.0;;;;;;;;;;;;;;;;;;;;;;;;;;;;;;;;;;;;;;;;;;;The transition to net-zero emissions in road transport can be supported by the development of hydrogen distribution infrastructure, enabling the use of hydrogen fuel-cell vehicles and reducing dependence on fossil fuels.
934;Urban Mobility;Transport Logistics;+;1.0;;;;;;;;;;;;;;;;;;;;;;;;;;;;;;;;;;;;;;;;;;;Urban mobility solutions, such as electric and hybrid vehicles, can support the transition to a low-carbon economy by reducing emissions from transport and increasing the use of low-carbon fuels.
935;Transport Logistics;Biofuels;+;1.0;;;;;;;;;;;;;;;;;;;;;;;;;;;;;;;;;;;;;;;;;;;The use of biofuels in transport logistics can support the achievement of renewable energy targets and reduce emissions from freight transport.
936;;;;;;;;;GHG Reduction;Renewable Energy;+;2.0;Implementing GHG reduction targets can reinforce the transition to renewable energy sources, as reducing emissions from fossil fuels can create space for renewable energy to fill the gap.;;;;;;;;;;;;;;;;;;;;;;;;;;;;;;;;;;
937;;;;;;;;;GHG Reduction;Renewable Energy - Heating & Cooling;+;2.0;Reducing GHG emissions can lead to increased adoption of renewable energy sources for heating and cooling, such as heat pumps and solar thermal systems.;;;;;;;;;;;;;;;;;;;;;;;;;;;;;;;;;;
938;;;;;;;;;GHG Reduction;Renewable Energy - Hydrogen Production;+;2.0;Lower GHG emissions can facilitate the production and use of renewable hydrogen, which can be used as a low-carbon energy carrier.;;;;;;;;;;;;;;;;;;;;;;;;;;;;;;;;;;
939;;;;;;;;;GHG Reduction;Renewable Energy - Ocean/Offshore;+;2.0;Reducing GHG emissions can lead to increased investment in offshore renewable energy, such as offshore wind farms.;;;;;;;;;;;;;;;;;;;;;;;;;;;;;;;;;;
940;;;;;;;;;GHG Reduction;Renewable Energy - Solar;+;2.0;Implementing GHG reduction targets can lead to increased adoption of solar energy, as it is a key renewable energy source.;;;;;;;;;;;;;;;;;;;;;;;;;;;;;;;;;;
941;;;;;;;;;GHG Reduction;Energy Efficiency;+;2.0;Reducing energy consumption through energy efficiency measures can lower GHG emissions and support the transition to a low-carbon economy.;;;;;;;;;;;;;;;;;;;;;;;;;;;;;;;;;;
942;;;;;;;;;GHG Reduction;Energy Efficiency - Buildings;+;2.0;Improving energy efficiency in buildings can reduce energy consumption and lower GHG emissions, supporting the transition to a low-carbon economy.;;;;;;;;;;;;;;;;;;;;;;;;;;;;;;;;;;
943;;;;;;;;;GHG Reduction;Energy Infrastructure;+;2.0;Developing energy infrastructure to support low-carbon energy sources can facilitate the reduction of GHG emissions.;;;;;;;;;;;;;;;;;;;;;;;;;;;;;;;;;;
944;;;;;;;;;GHG Reduction;Social Security - Energy;+;2.0;Implementing GHG reduction targets can lead to increased energy security and support the transition to a low-carbon economy.;;;;;;;;;;;;;;;;;;;;;;;;;;;;;;;;;;
945;;;;;;;;;Renewable Energy;Food quality;+;1.0;The increased adoption of renewable energy can lead to increased food production and security, as renewable energy can power irrigation systems and other agricultural equipment.;;;;;;;;;;;;;;;;;;;;;;;;;;;;;;;;;;
946;;;;;;;;;Renewable Energy;Food affordability;+;1.0;The transition to renewable energy can lead to increased food affordability, as renewable energy can reduce energy costs for food production and processing.;;;;;;;;;;;;;;;;;;;;;;;;;;;;;;;;;;
947;;;;;;;;;Renewable Energy - Heating & Cooling;Food quality;+;1.0;The adoption of renewable energy sources for heating and cooling can lead to increased food quality, as renewable energy can power food processing and storage.;;;;;;;;;;;;;;;;;;;;;;;;;;;;;;;;;;
948;;;;;;;;;Renewable Energy - Hydrogen Production;Food affordability;+;1.0;The production and use of renewable hydrogen can lead to increased food affordability, as hydrogen can be used as a low-carbon energy carrier for food production and processing.;;;;;;;;;;;;;;;;;;;;;;;;;;;;;;;;;;
949;;;;;;;;;Renewable Energy - Ocean/Offshore;Food quality;+;1.0;The development of offshore renewable energy can lead to increased food quality, as offshore energy can power food production and processing.;;;;;;;;;;;;;;;;;;;;;;;;;;;;;;;;;;
950;;;;;;;;;Renewable Energy - Solar;Food affordability;+;1.0;The increased adoption of solar energy can lead to increased food affordability, as solar energy can reduce energy costs for food production and processing.;;;;;;;;;;;;;;;;;;;;;;;;;;;;;;;;;;
951;;;;;;;;;Energy Efficiency;Food quality;+;1.0;Improving energy efficiency can lead to increased food quality, as energy-efficient equipment and processes can reduce food waste and improve food processing.;;;;;;;;;;;;;;;;;;;;;;;;;;;;;;;;;;
952;;;;;;;;;Energy Efficiency - Buildings;Food affordability;+;1.0;Improving energy efficiency in buildings can lead to increased food affordability, as energy-efficient buildings can reduce energy costs for food production and processing.;;;;;;;;;;;;;;;;;;;;;;;;;;;;;;;;;;
953;;;;;;;;;Energy Infrastructure;Food quality;+;1.0;Developing energy infrastructure to support low-carbon energy sources can lead to increased food quality, as low-carbon energy can power food production and processing.;;;;;;;;;;;;;;;;;;;;;;;;;;;;;;;;;;
954;;;;;;;;;Social Security - Energy;Food affordability;+;1.0;Implementing social security measures to support energy access can lead to increased food affordability, as access to energy is crucial for food production and processing.;;;;;;;;;;;;;;;;;;;;;;;;;;;;;;;;;;
955;;;;;;;;;Renewable Energy;Food quality - Animal Welfare;+;1.0;The transition to renewable energy can lead to increased animal welfare, as renewable energy can power equipment and processes that support animal health and wellbeing.;;;;;;;;;;;;;;;;;;;;;;;;;;;;;;;;;;
956;;;;;;;;;Renewable Energy;Food quality - Healthy Food;+;1.0;The adoption of renewable energy can lead to increased access to healthy food, as renewable energy can power food production and processing.;;;;;;;;;;;;;;;;;;;;;;;;;;;;;;;;;;
957;;;;;;;;;Renewable Energy - Heating & Cooling;Food quality - Animal Welfare;+;1.0;The adoption of renewable energy sources for heating and cooling can lead to increased animal welfare, as renewable energy can power equipment and processes that support animal health and wellbeing.;;;;;;;;;;;;;;;;;;;;;;;;;;;;;;;;;;
958;;;;;;;;;Renewable Energy - Hydrogen Production;Food quality - Healthy Food;+;1.0;The production and use of renewable hydrogen can lead to increased access to healthy food, as hydrogen can be used as a low-carbon energy carrier for food production and processing.;;;;;;;;;;;;;;;;;;;;;;;;;;;;;;;;;;
959;;;;;;;;;Renewable Energy - Ocean/Offshore;Food quality - Animal Welfare;+;1.0;The development of offshore renewable energy can lead to increased animal welfare, as offshore energy can power equipment and processes that support animal health and wellbeing.;;;;;;;;;;;;;;;;;;;;;;;;;;;;;;;;;;
960;;;;;;;;;Renewable Energy - Solar;Food quality - Healthy Food;+;1.0;The increased adoption of solar energy can lead to increased access to healthy food, as solar energy can power food production and processing.;;;;;;;;;;;;;;;;;;;;;;;;;;;;;;;;;;
961;;;;;;;;;Energy Efficiency;Food quality - Animal Welfare;+;1.0;Improving energy efficiency can lead to increased animal welfare, as energy-efficient equipment and processes can reduce energy costs and support animal health and wellbeing.;;;;;;;;;;;;;;;;;;;;;;;;;;;;;;;;;;
962;;;;;;;;;Energy Efficiency - Buildings;Food quality - Healthy Food;+;1.0;Improving energy efficiency in buildings can lead to increased access to healthy food, as energy-efficient buildings can reduce energy costs for food production and processing.;;;;;;;;;;;;;;;;;;;;;;;;;;;;;;;;;;
963;;;;;;;;;Energy Infrastructure;Food quality - Animal Welfare;+;1.0;Developing energy infrastructure to support low-carbon energy sources can lead to increased animal welfare, as low-carbon energy can power equipment and processes that support animal health and wellbeing.;;;;;;;;;;;;;;;;;;;;;;;;;;;;;;;;;;
964;;;;;;;;;Social Security - Energy;Food quality - Healthy Food;+;1.0;Implementing social security measures to support energy access can lead to increased access to healthy food, as access to energy is crucial for food production and processing.;;;;;;;;;;;;;;;;;;;;;;;;;;;;;;;;;;
965;;;;;;;;;Food quality;Food affordability;+;2.0;Improving food quality can lead to increased food affordability, as high-quality food can be produced at lower costs.;;;;;;;;;;;;;;;;;;;;;;;;;;;;;;;;;;
966;;;;;;;;;Food quality - Animal Welfare;Food affordability;+;1.0;Improving animal welfare can lead to increased food affordability, as animal-friendly farming practices can reduce production costs.;;;;;;;;;;;;;;;;;;;;;;;;;;;;;;;;;;
967;;;;;;;;;Food quality - Healthy Food;Food affordability;+;1.0;Promoting healthy food can lead to increased food affordability, as healthy food production and processing can reduce energy costs and support sustainable agriculture.;;;;;;;;;;;;;;;;;;;;;;;;;;;;;;;;;;
968;;;;;;;;;Food affordability;Pesticides Reduction;+;2.0;Reducing food prices can lead to increased adoption of sustainable agricultural practices, such as reducing pesticide use.;;;;;;;;;;;;;;;;;;;;;;;;;;;;;;;;;;
969;;;;;;;;;Pesticides Reduction;Competitive Agriculture;+;2.0;Reducing pesticide use can lead to increased competitiveness in agriculture, as sustainable practices can improve soil health and support biodiversity.;;;;;;;;;;;;;;;;;;;;;;;;;;;;;;;;;;
970;;;;;;;;;Competitive Agriculture;Social Security - Workers Protection;+;2.0;Improving agricultural competitiveness can lead to increased social protection for workers, as competitive agriculture can support fair labor standards and improve working conditions.;;;;;;;;;;;;;;;;;;;;;;;;;;;;;;;;;;
971;;;;;;;;;Social Security - Workers Protection;Food quality;+;1.0;Implementing social protection measures for workers can lead to increased food quality, as protected workers can produce high-quality food.;;;;;;;;;;;;;;;;;;;;;;;;;;;;;;;;;;
972;;;;;;;;;Food quality;Food quality - Animal Welfare;+;1.0;Improving food quality can lead to increased animal welfare, as high-quality food production and processing can support animal-friendly farming practices.;;;;;;;;;;;;;;;;;;;;;;;;;;;;;;;;;;
973;;;;;;;;;Food quality - Animal Welfare;Food quality - Healthy Food;+;1.0;Improving animal welfare can lead to increased access to healthy food, as animal-friendly farming practices can support sustainable agriculture and reduce environmental impact.;;;;;;;;;;;;;;;;;;;;;;;;;;;;;;;;;;
